INFO 2025-02-18 09:44:22,464 populate_egrid_db Populating the None table...
DEBUG 2025-02-18 09:44:22,464 call_r_unit calling r unit
ERROR 2025-02-18 09:44:24,495 call_r_unit Error while processing R API data: HTTPConnectionPool(host='127.0.0.1', port=8001): Max retries exceeded with url: /unit (Caused by NewConnectionError('<urllib3.connection.HTTPConnection object at 0x00000223D0BC51F0>: Failed to establish a new connection: [WinError 10061] No connection could be made because the target machine actively refused it'))
Traceback (most recent call last):
  File "C:\Users\AshleyE\AppData\Local\Programs\Python\Python312\Lib\site-packages\urllib3\connection.py", line 198, in _new_conn
    sock = connection.create_connection(
           ^^^^^^^^^^^^^^^^^^^^^^^^^^^^^
  File "C:\Users\AshleyE\AppData\Local\Programs\Python\Python312\Lib\site-packages\urllib3\util\connection.py", line 85, in create_connection
    raise err
  File "C:\Users\AshleyE\AppData\Local\Programs\Python\Python312\Lib\site-packages\urllib3\util\connection.py", line 73, in create_connection
    sock.connect(sa)
ConnectionRefusedError: [WinError 10061] No connection could be made because the target machine actively refused it

The above exception was the direct cause of the following exception:

Traceback (most recent call last):
  File "C:\Users\AshleyE\AppData\Local\Programs\Python\Python312\Lib\site-packages\urllib3\connectionpool.py", line 787, in urlopen
    response = self._make_request(
               ^^^^^^^^^^^^^^^^^^^
  File "C:\Users\AshleyE\AppData\Local\Programs\Python\Python312\Lib\site-packages\urllib3\connectionpool.py", line 493, in _make_request
    conn.request(
  File "C:\Users\AshleyE\AppData\Local\Programs\Python\Python312\Lib\site-packages\urllib3\connection.py", line 445, in request
    self.endheaders()
  File "C:\Users\AshleyE\AppData\Local\Programs\Python\Python312\Lib\http\client.py", line 1331, in endheaders
    self._send_output(message_body, encode_chunked=encode_chunked)
  File "C:\Users\AshleyE\AppData\Local\Programs\Python\Python312\Lib\http\client.py", line 1091, in _send_output
    self.send(msg)
  File "C:\Users\AshleyE\AppData\Local\Programs\Python\Python312\Lib\http\client.py", line 1035, in send
    self.connect()
  File "C:\Users\AshleyE\AppData\Local\Programs\Python\Python312\Lib\site-packages\urllib3\connection.py", line 276, in connect
    self.sock = self._new_conn()
                ^^^^^^^^^^^^^^^^
  File "C:\Users\AshleyE\AppData\Local\Programs\Python\Python312\Lib\site-packages\urllib3\connection.py", line 213, in _new_conn
    raise NewConnectionError(
urllib3.exceptions.NewConnectionError: <urllib3.connection.HTTPConnection object at 0x00000223D0BC51F0>: Failed to establish a new connection: [WinError 10061] No connection could be made because the target machine actively refused it

The above exception was the direct cause of the following exception:

Traceback (most recent call last):
  File "C:\Users\AshleyE\AppData\Local\Programs\Python\Python312\Lib\site-packages\requests\adapters.py", line 667, in send
    resp = conn.urlopen(
           ^^^^^^^^^^^^^
  File "C:\Users\AshleyE\AppData\Local\Programs\Python\Python312\Lib\site-packages\urllib3\connectionpool.py", line 841, in urlopen
    retries = retries.increment(
              ^^^^^^^^^^^^^^^^^^
  File "C:\Users\AshleyE\AppData\Local\Programs\Python\Python312\Lib\site-packages\urllib3\util\retry.py", line 519, in increment
    raise MaxRetryError(_pool, url, reason) from reason  # type: ignore[arg-type]
    ^^^^^^^^^^^^^^^^^^^^^^^^^^^^^^^^^^^^^^^^^^^^^^^^^^^
urllib3.exceptions.MaxRetryError: HTTPConnectionPool(host='127.0.0.1', port=8001): Max retries exceeded with url: /unit (Caused by NewConnectionError('<urllib3.connection.HTTPConnection object at 0x00000223D0BC51F0>: Failed to establish a new connection: [WinError 10061] No connection could be made because the target machine actively refused it'))

During handling of the above exception, another exception occurred:

Traceback (most recent call last):
  File "C:\Users\AshleyE\Desktop\Clients\EPA\egrid-api-repo\egrid-api\backend\egrid\r_api\call_r_unit.py", line 22, in call_r_unit
    response = requests.get("http://127.0.0.1:8001/unit")
               ^^^^^^^^^^^^^^^^^^^^^^^^^^^^^^^^^^^^^^^^^^
  File "C:\Users\AshleyE\AppData\Local\Programs\Python\Python312\Lib\site-packages\requests\api.py", line 73, in get
    return request("get", url, params=params, **kwargs)
           ^^^^^^^^^^^^^^^^^^^^^^^^^^^^^^^^^^^^^^^^^^^^
  File "C:\Users\AshleyE\AppData\Local\Programs\Python\Python312\Lib\site-packages\requests\api.py", line 59, in request
    return session.request(method=method, url=url, **kwargs)
           ^^^^^^^^^^^^^^^^^^^^^^^^^^^^^^^^^^^^^^^^^^^^^^^^^
  File "C:\Users\AshleyE\AppData\Local\Programs\Python\Python312\Lib\site-packages\requests\sessions.py", line 589, in request
    resp = self.send(prep, **send_kwargs)
           ^^^^^^^^^^^^^^^^^^^^^^^^^^^^^^
  File "C:\Users\AshleyE\AppData\Local\Programs\Python\Python312\Lib\site-packages\requests\sessions.py", line 703, in send
    r = adapter.send(request, **kwargs)
        ^^^^^^^^^^^^^^^^^^^^^^^^^^^^^^^
  File "C:\Users\AshleyE\AppData\Local\Programs\Python\Python312\Lib\site-packages\requests\adapters.py", line 700, in send
    raise ConnectionError(e, request=request)
requests.exceptions.ConnectionError: HTTPConnectionPool(host='127.0.0.1', port=8001): Max retries exceeded with url: /unit (Caused by NewConnectionError('<urllib3.connection.HTTPConnection object at 0x00000223D0BC51F0>: Failed to establish a new connection: [WinError 10061] No connection could be made because the target machine actively refused it'))
INFO 2025-02-18 09:44:51,834 populate_egrid_db Populating the None table...
DEBUG 2025-02-18 09:44:51,835 call_r_unit calling r unit
ERROR 2025-02-18 09:44:54,845 call_r_unit Error while processing R API data: Field 'unitid' expected a number but got 'UNIT4'.
Traceback (most recent call last):
  File "C:\Users\AshleyE\AppData\Local\Programs\Python\Python312\Lib\site-packages\django\db\models\fields\__init__.py", line 2123, in get_prep_value
    return int(value)
           ^^^^^^^^^^
ValueError: invalid literal for int() with base 10: 'UNIT4'

The above exception was the direct cause of the following exception:

Traceback (most recent call last):
  File "C:\Users\AshleyE\Desktop\Clients\EPA\egrid-api-repo\egrid-api\backend\egrid\r_api\call_r_unit.py", line 39, in call_r_unit
    unit = Unit.objects.update_or_create(
           ^^^^^^^^^^^^^^^^^^^^^^^^^^^^^^
  File "C:\Users\AshleyE\AppData\Local\Programs\Python\Python312\Lib\site-packages\django\db\models\manager.py", line 87, in manager_method
    return getattr(self.get_queryset(), name)(*args, **kwargs)
           ^^^^^^^^^^^^^^^^^^^^^^^^^^^^^^^^^^^^^^^^^^^^^^^^^^^
  File "C:\Users\AshleyE\AppData\Local\Programs\Python\Python312\Lib\site-packages\django\db\models\query.py", line 986, in update_or_create
    obj, created = self.select_for_update().get_or_create(
                   ^^^^^^^^^^^^^^^^^^^^^^^^^^^^^^^^^^^^^^^
  File "C:\Users\AshleyE\AppData\Local\Programs\Python\Python312\Lib\site-packages\django\db\models\query.py", line 948, in get_or_create
    return self.get(**kwargs), False
           ^^^^^^^^^^^^^^^^^^
  File "C:\Users\AshleyE\AppData\Local\Programs\Python\Python312\Lib\site-packages\django\db\models\query.py", line 635, in get
    clone = self._chain() if self.query.combinator else self.filter(*args, **kwargs)
                                                        ^^^^^^^^^^^^^^^^^^^^^^^^^^^^
  File "C:\Users\AshleyE\AppData\Local\Programs\Python\Python312\Lib\site-packages\django\db\models\query.py", line 1476, in filter
    return self._filter_or_exclude(False, args, kwargs)
           ^^^^^^^^^^^^^^^^^^^^^^^^^^^^^^^^^^^^^^^^^^^^
  File "C:\Users\AshleyE\AppData\Local\Programs\Python\Python312\Lib\site-packages\django\db\models\query.py", line 1494, in _filter_or_exclude
    clone._filter_or_exclude_inplace(negate, args, kwargs)
  File "C:\Users\AshleyE\AppData\Local\Programs\Python\Python312\Lib\site-packages\django\db\models\query.py", line 1501, in _filter_or_exclude_inplace
    self._query.add_q(Q(*args, **kwargs))
  File "C:\Users\AshleyE\AppData\Local\Programs\Python\Python312\Lib\site-packages\django\db\models\sql\query.py", line 1609, in add_q
    clause, _ = self._add_q(q_object, self.used_aliases)
                ^^^^^^^^^^^^^^^^^^^^^^^^^^^^^^^^^^^^^^^^
  File "C:\Users\AshleyE\AppData\Local\Programs\Python\Python312\Lib\site-packages\django\db\models\sql\query.py", line 1641, in _add_q
    child_clause, needed_inner = self.build_filter(
                                 ^^^^^^^^^^^^^^^^^^
  File "C:\Users\AshleyE\AppData\Local\Programs\Python\Python312\Lib\site-packages\django\db\models\sql\query.py", line 1555, in build_filter
    condition = self.build_lookup(lookups, col, value)
                ^^^^^^^^^^^^^^^^^^^^^^^^^^^^^^^^^^^^^^
  File "C:\Users\AshleyE\AppData\Local\Programs\Python\Python312\Lib\site-packages\django\db\models\sql\query.py", line 1385, in build_lookup
    lookup = lookup_class(lhs, rhs)
             ^^^^^^^^^^^^^^^^^^^^^^
  File "C:\Users\AshleyE\AppData\Local\Programs\Python\Python312\Lib\site-packages\django\db\models\lookups.py", line 30, in __init__
    self.rhs = self.get_prep_lookup()
               ^^^^^^^^^^^^^^^^^^^^^^
  File "C:\Users\AshleyE\AppData\Local\Programs\Python\Python312\Lib\site-packages\django\db\models\lookups.py", line 369, in get_prep_lookup
    return super().get_prep_lookup()
           ^^^^^^^^^^^^^^^^^^^^^^^^^
  File "C:\Users\AshleyE\AppData\Local\Programs\Python\Python312\Lib\site-packages\django\db\models\lookups.py", line 88, in get_prep_lookup
    return self.lhs.output_field.get_prep_value(self.rhs)
           ^^^^^^^^^^^^^^^^^^^^^^^^^^^^^^^^^^^^^^^^^^^^^^
  File "C:\Users\AshleyE\AppData\Local\Programs\Python\Python312\Lib\site-packages\django\db\models\fields\__init__.py", line 2125, in get_prep_value
    raise e.__class__(
ValueError: Field 'unitid' expected a number but got 'UNIT4'.
INFO 2025-02-18 09:48:23,250 populate_egrid_db Populating the None table...
DEBUG 2025-02-18 09:48:23,250 call_r_unit calling r unit
ERROR 2025-02-18 09:48:26,591 call_r_unit Error while processing R API data: column unit.id does not exist
LINE 1: SELECT "unit"."id", "unit"."unitid", "unit"."orispl", "unit"...
               ^
Traceback (most recent call last):
  File "C:\Users\AshleyE\AppData\Local\Programs\Python\Python312\Lib\site-packages\django\db\backends\utils.py", line 105, in _execute
    return self.cursor.execute(sql, params)
           ^^^^^^^^^^^^^^^^^^^^^^^^^^^^^^^^
psycopg2.errors.UndefinedColumn: column unit.id does not exist
LINE 1: SELECT "unit"."id", "unit"."unitid", "unit"."orispl", "unit"...
               ^


The above exception was the direct cause of the following exception:

Traceback (most recent call last):
  File "C:\Users\AshleyE\Desktop\Clients\EPA\egrid-api-repo\egrid-api\backend\egrid\r_api\call_r_unit.py", line 39, in call_r_unit
    unit = Unit.objects.update_or_create(
           ^^^^^^^^^^^^^^^^^^^^^^^^^^^^^^
  File "C:\Users\AshleyE\AppData\Local\Programs\Python\Python312\Lib\site-packages\django\db\models\manager.py", line 87, in manager_method
    return getattr(self.get_queryset(), name)(*args, **kwargs)
           ^^^^^^^^^^^^^^^^^^^^^^^^^^^^^^^^^^^^^^^^^^^^^^^^^^^
  File "C:\Users\AshleyE\AppData\Local\Programs\Python\Python312\Lib\site-packages\django\db\models\query.py", line 986, in update_or_create
    obj, created = self.select_for_update().get_or_create(
                   ^^^^^^^^^^^^^^^^^^^^^^^^^^^^^^^^^^^^^^^
  File "C:\Users\AshleyE\AppData\Local\Programs\Python\Python312\Lib\site-packages\django\db\models\query.py", line 948, in get_or_create
    return self.get(**kwargs), False
           ^^^^^^^^^^^^^^^^^^
  File "C:\Users\AshleyE\AppData\Local\Programs\Python\Python312\Lib\site-packages\django\db\models\query.py", line 645, in get
    num = len(clone)
          ^^^^^^^^^^
  File "C:\Users\AshleyE\AppData\Local\Programs\Python\Python312\Lib\site-packages\django\db\models\query.py", line 382, in __len__
    self._fetch_all()
  File "C:\Users\AshleyE\AppData\Local\Programs\Python\Python312\Lib\site-packages\django\db\models\query.py", line 1928, in _fetch_all
    self._result_cache = list(self._iterable_class(self))
                         ^^^^^^^^^^^^^^^^^^^^^^^^^^^^^^^^
  File "C:\Users\AshleyE\AppData\Local\Programs\Python\Python312\Lib\site-packages\django\db\models\query.py", line 91, in __iter__
    results = compiler.execute_sql(
              ^^^^^^^^^^^^^^^^^^^^^
  File "C:\Users\AshleyE\AppData\Local\Programs\Python\Python312\Lib\site-packages\django\db\models\sql\compiler.py", line 1574, in execute_sql
    cursor.execute(sql, params)
  File "C:\Users\AshleyE\AppData\Local\Programs\Python\Python312\Lib\site-packages\django\db\backends\utils.py", line 79, in execute
    return self._execute_with_wrappers(
           ^^^^^^^^^^^^^^^^^^^^^^^^^^^^
  File "C:\Users\AshleyE\AppData\Local\Programs\Python\Python312\Lib\site-packages\django\db\backends\utils.py", line 92, in _execute_with_wrappers
    return executor(sql, params, many, context)
           ^^^^^^^^^^^^^^^^^^^^^^^^^^^^^^^^^^^^
  File "C:\Users\AshleyE\AppData\Local\Programs\Python\Python312\Lib\site-packages\django\db\backends\utils.py", line 100, in _execute
    with self.db.wrap_database_errors:
  File "C:\Users\AshleyE\AppData\Local\Programs\Python\Python312\Lib\site-packages\django\db\utils.py", line 91, in __exit__
    raise dj_exc_value.with_traceback(traceback) from exc_value
  File "C:\Users\AshleyE\AppData\Local\Programs\Python\Python312\Lib\site-packages\django\db\backends\utils.py", line 105, in _execute
    return self.cursor.execute(sql, params)
           ^^^^^^^^^^^^^^^^^^^^^^^^^^^^^^^^
django.db.utils.ProgrammingError: column unit.id does not exist
LINE 1: SELECT "unit"."id", "unit"."unitid", "unit"."orispl", "unit"...
               ^

INFO 2025-02-18 10:39:12,745 populate_egrid_db Populating the None table...
DEBUG 2025-02-18 10:39:12,745 call_r_unit calling r unit
ERROR 2025-02-18 10:39:16,222 call_r_unit Error while processing R API data: column unit.id does not exist
LINE 1: SELECT "unit"."id", "unit"."unitid", "unit"."orispl", "unit"...
               ^
Traceback (most recent call last):
  File "C:\Users\AshleyE\AppData\Local\Programs\Python\Python312\Lib\site-packages\django\db\backends\utils.py", line 105, in _execute
    return self.cursor.execute(sql, params)
           ^^^^^^^^^^^^^^^^^^^^^^^^^^^^^^^^
psycopg2.errors.UndefinedColumn: column unit.id does not exist
LINE 1: SELECT "unit"."id", "unit"."unitid", "unit"."orispl", "unit"...
               ^


The above exception was the direct cause of the following exception:

Traceback (most recent call last):
  File "C:\Users\AshleyE\Desktop\Clients\EPA\egrid-api-repo\egrid-api\backend\egrid\r_api\call_r_unit.py", line 39, in call_r_unit
    unit = Unit.objects.update_or_create(
           ^^^^^^^^^^^^^^^^^^^^^^^^^^^^^^
  File "C:\Users\AshleyE\AppData\Local\Programs\Python\Python312\Lib\site-packages\django\db\models\manager.py", line 87, in manager_method
    return getattr(self.get_queryset(), name)(*args, **kwargs)
           ^^^^^^^^^^^^^^^^^^^^^^^^^^^^^^^^^^^^^^^^^^^^^^^^^^^
  File "C:\Users\AshleyE\AppData\Local\Programs\Python\Python312\Lib\site-packages\django\db\models\query.py", line 986, in update_or_create
    obj, created = self.select_for_update().get_or_create(
                   ^^^^^^^^^^^^^^^^^^^^^^^^^^^^^^^^^^^^^^^
  File "C:\Users\AshleyE\AppData\Local\Programs\Python\Python312\Lib\site-packages\django\db\models\query.py", line 948, in get_or_create
    return self.get(**kwargs), False
           ^^^^^^^^^^^^^^^^^^
  File "C:\Users\AshleyE\AppData\Local\Programs\Python\Python312\Lib\site-packages\django\db\models\query.py", line 645, in get
    num = len(clone)
          ^^^^^^^^^^
  File "C:\Users\AshleyE\AppData\Local\Programs\Python\Python312\Lib\site-packages\django\db\models\query.py", line 382, in __len__
    self._fetch_all()
  File "C:\Users\AshleyE\AppData\Local\Programs\Python\Python312\Lib\site-packages\django\db\models\query.py", line 1928, in _fetch_all
    self._result_cache = list(self._iterable_class(self))
                         ^^^^^^^^^^^^^^^^^^^^^^^^^^^^^^^^
  File "C:\Users\AshleyE\AppData\Local\Programs\Python\Python312\Lib\site-packages\django\db\models\query.py", line 91, in __iter__
    results = compiler.execute_sql(
              ^^^^^^^^^^^^^^^^^^^^^
  File "C:\Users\AshleyE\AppData\Local\Programs\Python\Python312\Lib\site-packages\django\db\models\sql\compiler.py", line 1574, in execute_sql
    cursor.execute(sql, params)
  File "C:\Users\AshleyE\AppData\Local\Programs\Python\Python312\Lib\site-packages\django\db\backends\utils.py", line 79, in execute
    return self._execute_with_wrappers(
           ^^^^^^^^^^^^^^^^^^^^^^^^^^^^
  File "C:\Users\AshleyE\AppData\Local\Programs\Python\Python312\Lib\site-packages\django\db\backends\utils.py", line 92, in _execute_with_wrappers
    return executor(sql, params, many, context)
           ^^^^^^^^^^^^^^^^^^^^^^^^^^^^^^^^^^^^
  File "C:\Users\AshleyE\AppData\Local\Programs\Python\Python312\Lib\site-packages\django\db\backends\utils.py", line 100, in _execute
    with self.db.wrap_database_errors:
  File "C:\Users\AshleyE\AppData\Local\Programs\Python\Python312\Lib\site-packages\django\db\utils.py", line 91, in __exit__
    raise dj_exc_value.with_traceback(traceback) from exc_value
  File "C:\Users\AshleyE\AppData\Local\Programs\Python\Python312\Lib\site-packages\django\db\backends\utils.py", line 105, in _execute
    return self.cursor.execute(sql, params)
           ^^^^^^^^^^^^^^^^^^^^^^^^^^^^^^^^
django.db.utils.ProgrammingError: column unit.id does not exist
LINE 1: SELECT "unit"."id", "unit"."unitid", "unit"."orispl", "unit"...
               ^

INFO 2025-02-18 10:42:11,010 populate_egrid_db Populating the None table...
DEBUG 2025-02-18 10:42:11,010 call_r_unit calling r unit
ERROR 2025-02-18 10:42:14,008 call_r_unit Error while processing R API data: invalid input syntax for type integer: "UNIT4"
LINE 1: ...unit"."hrsop" FROM "unit" WHERE "unit"."unitid" = 'UNIT4' LI...
                                                             ^
Traceback (most recent call last):
  File "C:\Users\AshleyE\AppData\Local\Programs\Python\Python312\Lib\site-packages\django\db\backends\utils.py", line 105, in _execute
    return self.cursor.execute(sql, params)
           ^^^^^^^^^^^^^^^^^^^^^^^^^^^^^^^^
psycopg2.errors.InvalidTextRepresentation: invalid input syntax for type integer: "UNIT4"
LINE 1: ...unit"."hrsop" FROM "unit" WHERE "unit"."unitid" = 'UNIT4' LI...
                                                             ^


The above exception was the direct cause of the following exception:

Traceback (most recent call last):
  File "C:\Users\AshleyE\Desktop\Clients\EPA\egrid-api-repo\egrid-api\backend\egrid\r_api\call_r_unit.py", line 39, in call_r_unit
    unit = Unit.objects.update_or_create(
           ^^^^^^^^^^^^^^^^^^^^^^^^^^^^^^
  File "C:\Users\AshleyE\AppData\Local\Programs\Python\Python312\Lib\site-packages\django\db\models\manager.py", line 87, in manager_method
    return getattr(self.get_queryset(), name)(*args, **kwargs)
           ^^^^^^^^^^^^^^^^^^^^^^^^^^^^^^^^^^^^^^^^^^^^^^^^^^^
  File "C:\Users\AshleyE\AppData\Local\Programs\Python\Python312\Lib\site-packages\django\db\models\query.py", line 986, in update_or_create
    obj, created = self.select_for_update().get_or_create(
                   ^^^^^^^^^^^^^^^^^^^^^^^^^^^^^^^^^^^^^^^
  File "C:\Users\AshleyE\AppData\Local\Programs\Python\Python312\Lib\site-packages\django\db\models\query.py", line 948, in get_or_create
    return self.get(**kwargs), False
           ^^^^^^^^^^^^^^^^^^
  File "C:\Users\AshleyE\AppData\Local\Programs\Python\Python312\Lib\site-packages\django\db\models\query.py", line 645, in get
    num = len(clone)
          ^^^^^^^^^^
  File "C:\Users\AshleyE\AppData\Local\Programs\Python\Python312\Lib\site-packages\django\db\models\query.py", line 382, in __len__
    self._fetch_all()
  File "C:\Users\AshleyE\AppData\Local\Programs\Python\Python312\Lib\site-packages\django\db\models\query.py", line 1928, in _fetch_all
    self._result_cache = list(self._iterable_class(self))
                         ^^^^^^^^^^^^^^^^^^^^^^^^^^^^^^^^
  File "C:\Users\AshleyE\AppData\Local\Programs\Python\Python312\Lib\site-packages\django\db\models\query.py", line 91, in __iter__
    results = compiler.execute_sql(
              ^^^^^^^^^^^^^^^^^^^^^
  File "C:\Users\AshleyE\AppData\Local\Programs\Python\Python312\Lib\site-packages\django\db\models\sql\compiler.py", line 1574, in execute_sql
    cursor.execute(sql, params)
  File "C:\Users\AshleyE\AppData\Local\Programs\Python\Python312\Lib\site-packages\django\db\backends\utils.py", line 79, in execute
    return self._execute_with_wrappers(
           ^^^^^^^^^^^^^^^^^^^^^^^^^^^^
  File "C:\Users\AshleyE\AppData\Local\Programs\Python\Python312\Lib\site-packages\django\db\backends\utils.py", line 92, in _execute_with_wrappers
    return executor(sql, params, many, context)
           ^^^^^^^^^^^^^^^^^^^^^^^^^^^^^^^^^^^^
  File "C:\Users\AshleyE\AppData\Local\Programs\Python\Python312\Lib\site-packages\django\db\backends\utils.py", line 100, in _execute
    with self.db.wrap_database_errors:
  File "C:\Users\AshleyE\AppData\Local\Programs\Python\Python312\Lib\site-packages\django\db\utils.py", line 91, in __exit__
    raise dj_exc_value.with_traceback(traceback) from exc_value
  File "C:\Users\AshleyE\AppData\Local\Programs\Python\Python312\Lib\site-packages\django\db\backends\utils.py", line 105, in _execute
    return self.cursor.execute(sql, params)
           ^^^^^^^^^^^^^^^^^^^^^^^^^^^^^^^^
django.db.utils.DataError: invalid input syntax for type integer: "UNIT4"
LINE 1: ...unit"."hrsop" FROM "unit" WHERE "unit"."unitid" = 'UNIT4' LI...
                                                             ^

INFO 2025-02-18 10:58:59,861 populate_egrid_db Populating the None table...
DEBUG 2025-02-18 10:58:59,862 call_r_unit calling r unit
ERROR 2025-02-18 10:59:03,323 call_r_unit Error while processing R API data: column unit.id does not exist
LINE 1: SELECT "unit"."id", "unit"."unitid", "unit"."orispl", "unit"...
               ^
Traceback (most recent call last):
  File "C:\Users\AshleyE\AppData\Local\Programs\Python\Python312\Lib\site-packages\django\db\backends\utils.py", line 105, in _execute
    return self.cursor.execute(sql, params)
           ^^^^^^^^^^^^^^^^^^^^^^^^^^^^^^^^
psycopg2.errors.UndefinedColumn: column unit.id does not exist
LINE 1: SELECT "unit"."id", "unit"."unitid", "unit"."orispl", "unit"...
               ^


The above exception was the direct cause of the following exception:

Traceback (most recent call last):
  File "C:\Users\AshleyE\Desktop\Clients\EPA\egrid-api-repo\egrid-api\backend\egrid\r_api\call_r_unit.py", line 39, in call_r_unit
    unit = Unit.objects.update_or_create(
           ^^^^^^^^^^^^^^^^^^^^^^^^^^^^^^
  File "C:\Users\AshleyE\AppData\Local\Programs\Python\Python312\Lib\site-packages\django\db\models\manager.py", line 87, in manager_method
    return getattr(self.get_queryset(), name)(*args, **kwargs)
           ^^^^^^^^^^^^^^^^^^^^^^^^^^^^^^^^^^^^^^^^^^^^^^^^^^^
  File "C:\Users\AshleyE\AppData\Local\Programs\Python\Python312\Lib\site-packages\django\db\models\query.py", line 986, in update_or_create
    obj, created = self.select_for_update().get_or_create(
                   ^^^^^^^^^^^^^^^^^^^^^^^^^^^^^^^^^^^^^^^
  File "C:\Users\AshleyE\AppData\Local\Programs\Python\Python312\Lib\site-packages\django\db\models\query.py", line 948, in get_or_create
    return self.get(**kwargs), False
           ^^^^^^^^^^^^^^^^^^
  File "C:\Users\AshleyE\AppData\Local\Programs\Python\Python312\Lib\site-packages\django\db\models\query.py", line 645, in get
    num = len(clone)
          ^^^^^^^^^^
  File "C:\Users\AshleyE\AppData\Local\Programs\Python\Python312\Lib\site-packages\django\db\models\query.py", line 382, in __len__
    self._fetch_all()
  File "C:\Users\AshleyE\AppData\Local\Programs\Python\Python312\Lib\site-packages\django\db\models\query.py", line 1928, in _fetch_all
    self._result_cache = list(self._iterable_class(self))
                         ^^^^^^^^^^^^^^^^^^^^^^^^^^^^^^^^
  File "C:\Users\AshleyE\AppData\Local\Programs\Python\Python312\Lib\site-packages\django\db\models\query.py", line 91, in __iter__
    results = compiler.execute_sql(
              ^^^^^^^^^^^^^^^^^^^^^
  File "C:\Users\AshleyE\AppData\Local\Programs\Python\Python312\Lib\site-packages\django\db\models\sql\compiler.py", line 1574, in execute_sql
    cursor.execute(sql, params)
  File "C:\Users\AshleyE\AppData\Local\Programs\Python\Python312\Lib\site-packages\django\db\backends\utils.py", line 79, in execute
    return self._execute_with_wrappers(
           ^^^^^^^^^^^^^^^^^^^^^^^^^^^^
  File "C:\Users\AshleyE\AppData\Local\Programs\Python\Python312\Lib\site-packages\django\db\backends\utils.py", line 92, in _execute_with_wrappers
    return executor(sql, params, many, context)
           ^^^^^^^^^^^^^^^^^^^^^^^^^^^^^^^^^^^^
  File "C:\Users\AshleyE\AppData\Local\Programs\Python\Python312\Lib\site-packages\django\db\backends\utils.py", line 100, in _execute
    with self.db.wrap_database_errors:
  File "C:\Users\AshleyE\AppData\Local\Programs\Python\Python312\Lib\site-packages\django\db\utils.py", line 91, in __exit__
    raise dj_exc_value.with_traceback(traceback) from exc_value
  File "C:\Users\AshleyE\AppData\Local\Programs\Python\Python312\Lib\site-packages\django\db\backends\utils.py", line 105, in _execute
    return self.cursor.execute(sql, params)
           ^^^^^^^^^^^^^^^^^^^^^^^^^^^^^^^^
django.db.utils.ProgrammingError: column unit.id does not exist
LINE 1: SELECT "unit"."id", "unit"."unitid", "unit"."orispl", "unit"...
               ^

INFO 2025-02-18 10:59:53,275 populate_egrid_db Populating the None table...
DEBUG 2025-02-18 10:59:53,275 call_r_unit calling r unit
ERROR 2025-02-18 10:59:56,177 call_r_unit Error while processing R API data: column unit.id does not exist
LINE 1: SELECT "unit"."id", "unit"."unitid", "unit"."orispl", "unit"...
               ^
Traceback (most recent call last):
  File "C:\Users\AshleyE\AppData\Local\Programs\Python\Python312\Lib\site-packages\django\db\backends\utils.py", line 105, in _execute
    return self.cursor.execute(sql, params)
           ^^^^^^^^^^^^^^^^^^^^^^^^^^^^^^^^
psycopg2.errors.UndefinedColumn: column unit.id does not exist
LINE 1: SELECT "unit"."id", "unit"."unitid", "unit"."orispl", "unit"...
               ^


The above exception was the direct cause of the following exception:

Traceback (most recent call last):
  File "C:\Users\AshleyE\Desktop\Clients\EPA\egrid-api-repo\egrid-api\backend\egrid\r_api\call_r_unit.py", line 39, in call_r_unit
    unit = Unit.objects.update_or_create(
           ^^^^^^^^^^^^^^^^^^^^^^^^^^^^^^
  File "C:\Users\AshleyE\AppData\Local\Programs\Python\Python312\Lib\site-packages\django\db\models\manager.py", line 87, in manager_method
    return getattr(self.get_queryset(), name)(*args, **kwargs)
           ^^^^^^^^^^^^^^^^^^^^^^^^^^^^^^^^^^^^^^^^^^^^^^^^^^^
  File "C:\Users\AshleyE\AppData\Local\Programs\Python\Python312\Lib\site-packages\django\db\models\query.py", line 986, in update_or_create
    obj, created = self.select_for_update().get_or_create(
                   ^^^^^^^^^^^^^^^^^^^^^^^^^^^^^^^^^^^^^^^
  File "C:\Users\AshleyE\AppData\Local\Programs\Python\Python312\Lib\site-packages\django\db\models\query.py", line 948, in get_or_create
    return self.get(**kwargs), False
           ^^^^^^^^^^^^^^^^^^
  File "C:\Users\AshleyE\AppData\Local\Programs\Python\Python312\Lib\site-packages\django\db\models\query.py", line 645, in get
    num = len(clone)
          ^^^^^^^^^^
  File "C:\Users\AshleyE\AppData\Local\Programs\Python\Python312\Lib\site-packages\django\db\models\query.py", line 382, in __len__
    self._fetch_all()
  File "C:\Users\AshleyE\AppData\Local\Programs\Python\Python312\Lib\site-packages\django\db\models\query.py", line 1928, in _fetch_all
    self._result_cache = list(self._iterable_class(self))
                         ^^^^^^^^^^^^^^^^^^^^^^^^^^^^^^^^
  File "C:\Users\AshleyE\AppData\Local\Programs\Python\Python312\Lib\site-packages\django\db\models\query.py", line 91, in __iter__
    results = compiler.execute_sql(
              ^^^^^^^^^^^^^^^^^^^^^
  File "C:\Users\AshleyE\AppData\Local\Programs\Python\Python312\Lib\site-packages\django\db\models\sql\compiler.py", line 1574, in execute_sql
    cursor.execute(sql, params)
  File "C:\Users\AshleyE\AppData\Local\Programs\Python\Python312\Lib\site-packages\django\db\backends\utils.py", line 79, in execute
    return self._execute_with_wrappers(
           ^^^^^^^^^^^^^^^^^^^^^^^^^^^^
  File "C:\Users\AshleyE\AppData\Local\Programs\Python\Python312\Lib\site-packages\django\db\backends\utils.py", line 92, in _execute_with_wrappers
    return executor(sql, params, many, context)
           ^^^^^^^^^^^^^^^^^^^^^^^^^^^^^^^^^^^^
  File "C:\Users\AshleyE\AppData\Local\Programs\Python\Python312\Lib\site-packages\django\db\backends\utils.py", line 100, in _execute
    with self.db.wrap_database_errors:
  File "C:\Users\AshleyE\AppData\Local\Programs\Python\Python312\Lib\site-packages\django\db\utils.py", line 91, in __exit__
    raise dj_exc_value.with_traceback(traceback) from exc_value
  File "C:\Users\AshleyE\AppData\Local\Programs\Python\Python312\Lib\site-packages\django\db\backends\utils.py", line 105, in _execute
    return self.cursor.execute(sql, params)
           ^^^^^^^^^^^^^^^^^^^^^^^^^^^^^^^^
django.db.utils.ProgrammingError: column unit.id does not exist
LINE 1: SELECT "unit"."id", "unit"."unitid", "unit"."orispl", "unit"...
               ^

INFO 2025-02-18 11:04:25,484 populate_egrid_db Populating the None table...
DEBUG 2025-02-18 11:04:25,484 call_r_unit calling r unit
INFO 2025-02-18 11:24:55,536 populate_egrid_db Populating the None table...
DEBUG 2025-02-18 11:24:55,536 call_r_unit calling r unit
INFO 2025-02-18 14:19:47,340 populate_egrid_db Populating the None table...
DEBUG 2025-02-18 14:19:47,340 call_r_unit calling r unit
ERROR 2025-02-18 14:19:50,422 call_r_unit Error while processing R API data: Invalid field name(s) for model Unit: 'camdflag'.
Traceback (most recent call last):
  File "C:\Users\AshleyE\AppData\Local\Programs\Python\Python312\Lib\site-packages\django\db\models\query.py", line 948, in get_or_create
    return self.get(**kwargs), False
           ^^^^^^^^^^^^^^^^^^
  File "C:\Users\AshleyE\AppData\Local\Programs\Python\Python312\Lib\site-packages\django\db\models\query.py", line 649, in get
    raise self.model.DoesNotExist(
egrid.models.Unit.DoesNotExist: Unit matching query does not exist.

During handling of the above exception, another exception occurred:

Traceback (most recent call last):
  File "C:\Users\AshleyE\Desktop\Clients\EPA\egrid-api-repo\egrid-api\backend\egrid\r_api\call_r_unit.py", line 39, in call_r_unit
    unit = Unit.objects.update_or_create(
           ^^^^^^^^^^^^^^^^^^^^^^^^^^^^^^
  File "C:\Users\AshleyE\AppData\Local\Programs\Python\Python312\Lib\site-packages\django\db\models\manager.py", line 87, in manager_method
    return getattr(self.get_queryset(), name)(*args, **kwargs)
           ^^^^^^^^^^^^^^^^^^^^^^^^^^^^^^^^^^^^^^^^^^^^^^^^^^^
  File "C:\Users\AshleyE\AppData\Local\Programs\Python\Python312\Lib\site-packages\django\db\models\query.py", line 986, in update_or_create
    obj, created = self.select_for_update().get_or_create(
                   ^^^^^^^^^^^^^^^^^^^^^^^^^^^^^^^^^^^^^^^
  File "C:\Users\AshleyE\AppData\Local\Programs\Python\Python312\Lib\site-packages\django\db\models\query.py", line 950, in get_or_create
    params = self._extract_model_params(defaults, **kwargs)
             ^^^^^^^^^^^^^^^^^^^^^^^^^^^^^^^^^^^^^^^^^^^^^^
  File "C:\Users\AshleyE\AppData\Local\Programs\Python\Python312\Lib\site-packages\django\db\models\query.py", line 1039, in _extract_model_params
    raise exceptions.FieldError(
django.core.exceptions.FieldError: Invalid field name(s) for model Unit: 'camdflag'.
INFO 2025-02-18 14:20:22,602 populate_egrid_db Populating the None table...
DEBUG 2025-02-18 14:20:22,602 call_r_unit calling r unit
INFO 2025-02-18 14:24:53,907 populate_egrid_db Populating the None table...
DEBUG 2025-02-18 14:24:53,908 call_r_unit calling r unit
INFO 2025-03-10 11:28:15,469 autoreload Watching for file changes with StatReloader
INFO 2025-03-10 11:30:53,983 autoreload Watching for file changes with StatReloader
INFO 2025-03-11 13:36:31,279 autoreload Watching for file changes with StatReloader
INFO 2025-03-11 13:38:24,216 autoreload Watching for file changes with StatReloader
INFO 2025-03-11 13:38:42,789 autoreload C:\Users\AshleyE\Desktop\Clients\EPA\egrid-api-repo\egrid-api\backend\django_backend\settings.py changed, reloading.
INFO 2025-03-11 13:38:43,448 autoreload Watching for file changes with StatReloader
INFO 2025-03-11 13:38:59,916 autoreload Watching for file changes with StatReloader
INFO 2025-03-11 13:39:15,273 autoreload C:\Users\AshleyE\Desktop\Clients\EPA\egrid-api-repo\egrid-api\backend\django_backend\settings.py changed, reloading.
INFO 2025-03-11 13:39:15,935 autoreload Watching for file changes with StatReloader
INFO 2025-03-11 13:39:50,487 autoreload C:\Users\AshleyE\Desktop\Clients\EPA\egrid-api-repo\egrid-api\backend\django_backend\settings.py changed, reloading.
INFO 2025-03-11 13:39:51,119 autoreload Watching for file changes with StatReloader
INFO 2025-03-11 13:40:19,465 autoreload C:\Users\AshleyE\Desktop\Clients\EPA\egrid-api-repo\egrid-api\backend\django_backend\settings.py changed, reloading.
INFO 2025-03-11 13:40:20,346 autoreload Watching for file changes with StatReloader
INFO 2025-03-11 13:44:15,250 autoreload Watching for file changes with StatReloader
INFO 2025-03-11 13:57:20,704 populate_egrid_db Populating the plant table...
ERROR 2025-03-11 13:57:22,435 call_r_plant Error while processing R API data: Invalid field name(s) for model Plant: 'subrgn_id'.
Traceback (most recent call last):
  File "C:\Users\AshleyE\AppData\Local\Programs\Python\Python312\Lib\site-packages\django\db\models\query.py", line 948, in get_or_create
    return self.get(**kwargs), False
           ^^^^^^^^^^^^^^^^^^
  File "C:\Users\AshleyE\AppData\Local\Programs\Python\Python312\Lib\site-packages\django\db\models\query.py", line 649, in get
    raise self.model.DoesNotExist(
egrid.models.Plant.DoesNotExist: Plant matching query does not exist.

During handling of the above exception, another exception occurred:

Traceback (most recent call last):
  File "C:\Users\AshleyE\Desktop\Clients\EPA\egrid-api-repo\egrid-api\backend\egrid\r_api\call_r_plant.py", line 28, in call_r_plant
    plant, created = Plant.objects.update_or_create(
                     ^^^^^^^^^^^^^^^^^^^^^^^^^^^^^^^
  File "C:\Users\AshleyE\AppData\Local\Programs\Python\Python312\Lib\site-packages\django\db\models\manager.py", line 87, in manager_method
    return getattr(self.get_queryset(), name)(*args, **kwargs)
           ^^^^^^^^^^^^^^^^^^^^^^^^^^^^^^^^^^^^^^^^^^^^^^^^^^^
  File "C:\Users\AshleyE\AppData\Local\Programs\Python\Python312\Lib\site-packages\django\db\models\query.py", line 986, in update_or_create
    obj, created = self.select_for_update().get_or_create(
                   ^^^^^^^^^^^^^^^^^^^^^^^^^^^^^^^^^^^^^^^
  File "C:\Users\AshleyE\AppData\Local\Programs\Python\Python312\Lib\site-packages\django\db\models\query.py", line 950, in get_or_create
    params = self._extract_model_params(defaults, **kwargs)
             ^^^^^^^^^^^^^^^^^^^^^^^^^^^^^^^^^^^^^^^^^^^^^^
  File "C:\Users\AshleyE\AppData\Local\Programs\Python\Python312\Lib\site-packages\django\db\models\query.py", line 1039, in _extract_model_params
    raise exceptions.FieldError(
django.core.exceptions.FieldError: Invalid field name(s) for model Plant: 'subrgn_id'.
INFO 2025-03-11 13:58:34,446 populate_egrid_db Populating the subregion table...
INFO 2025-03-11 14:00:41,932 populate_egrid_db Populating the plant table...
ERROR 2025-03-11 14:00:43,580 call_r_plant Error while processing R API data: Invalid field name(s) for model Plant: 'subrgn_id'.
Traceback (most recent call last):
  File "C:\Users\AshleyE\AppData\Local\Programs\Python\Python312\Lib\site-packages\django\db\models\query.py", line 948, in get_or_create
    return self.get(**kwargs), False
           ^^^^^^^^^^^^^^^^^^
  File "C:\Users\AshleyE\AppData\Local\Programs\Python\Python312\Lib\site-packages\django\db\models\query.py", line 649, in get
    raise self.model.DoesNotExist(
egrid.models.Plant.DoesNotExist: Plant matching query does not exist.

During handling of the above exception, another exception occurred:

Traceback (most recent call last):
  File "C:\Users\AshleyE\Desktop\Clients\EPA\egrid-api-repo\egrid-api\backend\egrid\r_api\call_r_plant.py", line 28, in call_r_plant
    plant, created = Plant.objects.update_or_create(
                     ^^^^^^^^^^^^^^^^^^^^^^^^^^^^^^^
  File "C:\Users\AshleyE\AppData\Local\Programs\Python\Python312\Lib\site-packages\django\db\models\manager.py", line 87, in manager_method
    return getattr(self.get_queryset(), name)(*args, **kwargs)
           ^^^^^^^^^^^^^^^^^^^^^^^^^^^^^^^^^^^^^^^^^^^^^^^^^^^
  File "C:\Users\AshleyE\AppData\Local\Programs\Python\Python312\Lib\site-packages\django\db\models\query.py", line 986, in update_or_create
    obj, created = self.select_for_update().get_or_create(
                   ^^^^^^^^^^^^^^^^^^^^^^^^^^^^^^^^^^^^^^^
  File "C:\Users\AshleyE\AppData\Local\Programs\Python\Python312\Lib\site-packages\django\db\models\query.py", line 950, in get_or_create
    params = self._extract_model_params(defaults, **kwargs)
             ^^^^^^^^^^^^^^^^^^^^^^^^^^^^^^^^^^^^^^^^^^^^^^
  File "C:\Users\AshleyE\AppData\Local\Programs\Python\Python312\Lib\site-packages\django\db\models\query.py", line 1039, in _extract_model_params
    raise exceptions.FieldError(
django.core.exceptions.FieldError: Invalid field name(s) for model Plant: 'subrgn_id'.
INFO 2025-03-11 14:05:23,815 populate_egrid_db Populating the plant table...
INFO 2025-03-11 14:05:25,729 call_r_plant Inserted new plant: 57053
INFO 2025-03-11 14:05:26,071 call_r_plant Inserted new plant: 58982
INFO 2025-03-11 14:05:26,410 call_r_plant Inserted new plant: 60243
INFO 2025-03-11 14:05:26,754 call_r_plant Inserted new plant: 7462
INFO 2025-03-11 14:05:27,089 call_r_plant Inserted new plant: 7182
INFO 2025-03-11 14:05:27,437 call_r_plant Inserted new plant: 62
INFO 2025-03-11 14:05:27,776 call_r_plant Inserted new plant: 7250
INFO 2025-03-11 14:05:28,113 call_r_plant Inserted new plant: 79
INFO 2025-03-11 14:05:28,453 call_r_plant Inserted new plant: 7173
INFO 2025-03-11 14:05:28,786 call_r_plant Inserted new plant: 57583
INFO 2025-03-11 14:05:29,134 call_r_plant Inserted new plant: 6580
INFO 2025-03-11 14:05:29,472 call_r_plant Inserted new plant: 96
INFO 2025-03-11 14:05:29,804 call_r_plant Inserted new plant: 6292
INFO 2025-03-11 14:05:30,137 call_r_plant Inserted new plant: 6566
INFO 2025-03-11 14:05:30,483 call_r_plant Inserted new plant: 7752
INFO 2025-03-11 14:05:30,816 call_r_plant Inserted new plant: 93
INFO 2025-03-11 14:05:31,154 call_r_plant Inserted new plant: 7367
INFO 2025-03-11 14:05:31,490 call_r_plant Inserted new plant: 60260
INFO 2025-03-11 14:05:31,833 call_r_plant Inserted new plant: 7112
INFO 2025-03-11 14:05:32,169 call_r_plant Inserted new plant: 7168
INFO 2025-03-11 14:05:32,505 call_r_plant Inserted new plant: 6311
INFO 2025-03-11 14:05:32,862 call_r_plant Inserted new plant: 6291
INFO 2025-03-11 14:05:33,206 call_r_plant Inserted new plant: 421
INFO 2025-03-11 14:05:33,542 call_r_plant Inserted new plant: 56325
INFO 2025-03-11 14:05:33,874 call_r_plant Inserted new plant: 58511
INFO 2025-03-11 14:05:34,219 call_r_plant Inserted new plant: 109
INFO 2025-03-11 14:05:34,557 call_r_plant Inserted new plant: 7502
INFO 2025-03-11 14:05:34,903 call_r_plant Inserted new plant: 58405
INFO 2025-03-11 14:05:35,233 call_r_plant Inserted new plant: 50392
INFO 2025-03-11 14:05:35,594 call_r_plant Inserted new plant: 58989
INFO 2025-03-11 14:05:35,939 call_r_plant Inserted new plant: 77
INFO 2025-03-11 14:05:36,271 call_r_plant Inserted new plant: 57060
INFO 2025-03-11 14:05:36,617 call_r_plant Inserted new plant: 6314
INFO 2025-03-11 14:05:36,952 call_r_plant Inserted new plant: 57935
INFO 2025-03-11 14:05:37,294 call_r_plant Inserted new plant: 62714
INFO 2025-03-11 14:05:37,642 call_r_plant Inserted new plant: 6286
INFO 2025-03-11 14:05:37,980 call_r_plant Inserted new plant: 56146
INFO 2025-03-11 14:05:38,314 call_r_plant Inserted new plant: 58425
INFO 2025-03-11 14:05:38,649 call_r_plant Inserted new plant: 60563
INFO 2025-03-11 14:05:38,982 call_r_plant Inserted new plant: 54834
INFO 2025-03-11 14:05:39,319 call_r_plant Inserted new plant: 7437
INFO 2025-03-11 14:05:39,659 call_r_plant Inserted new plant: 57062
INFO 2025-03-11 14:05:39,993 call_r_plant Inserted new plant: 6559
INFO 2025-03-11 14:05:40,337 call_r_plant Inserted new plant: 6305
INFO 2025-03-11 14:05:40,682 call_r_plant Inserted new plant: 7751
INFO 2025-03-11 14:05:41,049 call_r_plant Inserted new plant: 63
INFO 2025-03-11 14:05:41,399 call_r_plant Inserted new plant: 313
INFO 2025-03-11 14:05:41,742 call_r_plant Inserted new plant: 65767
INFO 2025-03-11 14:05:42,082 call_r_plant Inserted new plant: 7174
INFO 2025-03-11 14:05:42,420 call_r_plant Inserted new plant: 69
INFO 2025-03-11 14:05:42,759 call_r_plant Inserted new plant: 75
INFO 2025-03-11 14:05:43,097 call_r_plant Inserted new plant: 6288
INFO 2025-03-11 14:05:43,438 call_r_plant Inserted new plant: 59037
INFO 2025-03-11 14:05:43,779 call_r_plant Inserted new plant: 7463
INFO 2025-03-11 14:05:44,122 call_r_plant Inserted new plant: 6319
INFO 2025-03-11 14:05:44,498 call_r_plant Inserted new plant: 66887
INFO 2025-03-11 14:05:44,841 call_r_plant Inserted new plant: 7042
INFO 2025-03-11 14:05:45,180 call_r_plant Inserted new plant: 423
INFO 2025-03-11 14:05:45,528 call_r_plant Inserted new plant: 59793
INFO 2025-03-11 14:05:45,872 call_r_plant Inserted new plant: 6293
INFO 2025-03-11 14:05:46,219 call_r_plant Inserted new plant: 58380
INFO 2025-03-11 14:05:46,555 call_r_plant Inserted new plant: 6801
INFO 2025-03-11 14:05:46,898 call_r_plant Inserted new plant: 7464
INFO 2025-03-11 14:05:47,231 call_r_plant Inserted new plant: 56542
INFO 2025-03-11 14:05:47,564 call_r_plant Inserted new plant: 57066
INFO 2025-03-11 14:05:47,897 call_r_plant Inserted new plant: 84
INFO 2025-03-11 14:05:48,231 call_r_plant Inserted new plant: 6323
INFO 2025-03-11 14:05:48,568 call_r_plant Inserted new plant: 7493
INFO 2025-03-11 14:05:48,905 call_r_plant Inserted new plant: 57065
INFO 2025-03-11 14:05:49,245 call_r_plant Inserted new plant: 61684
INFO 2025-03-11 14:05:49,582 call_r_plant Inserted new plant: 6281
INFO 2025-03-11 14:05:49,918 call_r_plant Inserted new plant: 57064
INFO 2025-03-11 14:05:50,253 call_r_plant Inserted new plant: 6304
INFO 2025-03-11 14:05:50,598 call_r_plant Inserted new plant: 57059
INFO 2025-03-11 14:05:50,934 call_r_plant Inserted new plant: 57085
INFO 2025-03-11 14:05:51,283 call_r_plant Inserted new plant: 64
INFO 2025-03-11 14:05:51,615 call_r_plant Inserted new plant: 60244
INFO 2025-03-11 14:05:51,972 call_r_plant Inserted new plant: 6555
INFO 2025-03-11 14:05:52,309 call_r_plant Inserted new plant: 6329
INFO 2025-03-11 14:05:52,644 call_r_plant Inserted new plant: 7487
INFO 2025-03-11 14:05:52,979 call_r_plant Inserted new plant: 7482
INFO 2025-03-11 14:05:53,317 call_r_plant Inserted new plant: 7483
INFO 2025-03-11 14:05:53,662 call_r_plant Inserted new plant: 7484
INFO 2025-03-11 14:05:53,996 call_r_plant Inserted new plant: 7485
INFO 2025-03-11 14:05:54,340 call_r_plant Inserted new plant: 7486
INFO 2025-03-11 14:05:54,678 call_r_plant Inserted new plant: 7488
INFO 2025-03-11 14:05:55,032 call_r_plant Inserted new plant: 6301
INFO 2025-03-11 14:05:55,365 call_r_plant Inserted new plant: 60245
INFO 2025-03-11 14:05:55,710 call_r_plant Inserted new plant: 7183
INFO 2025-03-11 14:05:56,050 call_r_plant Inserted new plant: 55966
INFO 2025-03-11 14:05:56,380 call_r_plant Inserted new plant: 57051
INFO 2025-03-11 14:05:56,714 call_r_plant Inserted new plant: 6330
INFO 2025-03-11 14:05:57,056 call_r_plant Inserted new plant: 6285
INFO 2025-03-11 14:05:57,409 call_r_plant Inserted new plant: 7169
INFO 2025-03-11 14:05:57,744 call_r_plant Inserted new plant: 6333
INFO 2025-03-11 14:05:58,077 call_r_plant Inserted new plant: 54452
INFO 2025-03-11 14:05:58,417 call_r_plant Inserted new plant: 7723
INFO 2025-03-11 14:05:58,751 call_r_plant Inserted new plant: 789
INFO 2025-03-11 14:05:59,160 call_r_plant Inserted new plant: 6702
INFO 2025-03-11 14:05:59,495 call_r_plant Inserted new plant: 91
INFO 2025-03-11 14:05:59,825 call_r_plant Inserted new plant: 57187
INFO 2025-03-11 14:06:00,160 call_r_plant Inserted new plant: 57058
INFO 2025-03-11 14:06:00,496 call_r_plant Inserted new plant: 6282
INFO 2025-03-11 14:06:00,837 call_r_plant Inserted new plant: 7862
INFO 2025-03-11 14:06:01,174 call_r_plant Inserted new plant: 6302
INFO 2025-03-11 14:06:01,521 call_r_plant Inserted new plant: 57057
INFO 2025-03-11 14:06:01,868 call_r_plant Inserted new plant: 85
INFO 2025-03-11 14:06:02,219 call_r_plant Inserted new plant: 65
INFO 2025-03-11 14:06:02,555 call_r_plant Inserted new plant: 1
INFO 2025-03-11 14:06:02,902 call_r_plant Inserted new plant: 57052
INFO 2025-03-11 14:06:03,236 call_r_plant Inserted new plant: 57056
INFO 2025-03-11 14:06:03,567 call_r_plant Inserted new plant: 6341
INFO 2025-03-11 14:06:03,904 call_r_plant Inserted new plant: 6283
INFO 2025-03-11 14:06:04,273 call_r_plant Inserted new plant: 92
INFO 2025-03-11 14:06:04,616 call_r_plant Inserted new plant: 6345
INFO 2025-03-11 14:06:04,953 call_r_plant Inserted new plant: 57063
INFO 2025-03-11 14:06:05,290 call_r_plant Inserted new plant: 6581
INFO 2025-03-11 14:06:05,635 call_r_plant Inserted new plant: 66
INFO 2025-03-11 14:06:05,987 call_r_plant Inserted new plant: 61685
INFO 2025-03-11 14:06:06,317 call_r_plant Inserted new plant: 90
INFO 2025-03-11 14:06:06,671 call_r_plant Inserted new plant: 78
INFO 2025-03-11 14:06:07,021 call_r_plant Inserted new plant: 57206
INFO 2025-03-11 14:06:07,366 call_r_plant Inserted new plant: 390
INFO 2025-03-11 14:06:07,710 call_r_plant Inserted new plant: 56265
INFO 2025-03-11 14:06:08,048 call_r_plant Inserted new plant: 57036
INFO 2025-03-11 14:06:08,386 call_r_plant Inserted new plant: 6338
INFO 2025-03-11 14:06:08,726 call_r_plant Inserted new plant: 57061
INFO 2025-03-11 14:06:09,087 call_r_plant Inserted new plant: 57055
INFO 2025-03-11 14:06:09,424 call_r_plant Inserted new plant: 60250
INFO 2025-03-11 14:06:09,761 call_r_plant Inserted new plant: 70
INFO 2025-03-11 14:06:10,099 call_r_plant Inserted new plant: 58278
INFO 2025-03-11 14:06:10,439 call_r_plant Inserted new plant: 58117
INFO 2025-03-11 14:06:10,792 call_r_plant Inserted new plant: 71
INFO 2025-03-11 14:06:11,132 call_r_plant Inserted new plant: 52184
INFO 2025-03-11 14:06:11,472 call_r_plant Inserted new plant: 7414
INFO 2025-03-11 14:06:11,816 call_r_plant Inserted new plant: 6348
INFO 2025-03-11 14:06:12,192 call_r_plant Inserted new plant: 406
INFO 2025-03-11 14:06:12,536 call_r_plant Inserted new plant: 57067
INFO 2025-03-11 14:06:12,871 call_r_plant Inserted new plant: 61166
INFO 2025-03-11 14:06:13,214 call_r_plant Inserted new plant: 6299
INFO 2025-03-11 14:06:13,553 call_r_plant Inserted new plant: 7503
INFO 2025-03-11 14:06:13,887 call_r_plant Inserted new plant: 54422
INFO 2025-03-11 14:06:14,270 call_r_plant Inserted new plant: 50711
INFO 2025-03-11 14:06:14,612 call_r_plant Inserted new plant: 57054
INFO 2025-03-11 14:06:14,949 call_r_plant Inserted new plant: 50308
INFO 2025-03-11 14:06:15,299 call_r_plant Inserted new plant: 6306
INFO 2025-03-11 14:06:15,645 call_r_plant Inserted new plant: 7841
INFO 2025-03-11 14:06:15,984 call_r_plant Inserted new plant: 56147
INFO 2025-03-11 14:06:16,334 call_r_plant Inserted new plant: 54305
INFO 2025-03-11 14:06:16,682 call_r_plant Inserted new plant: 58977
INFO 2025-03-11 14:06:17,019 call_r_plant Inserted new plant: 95
INFO 2025-03-11 14:06:17,352 call_r_plant Inserted new plant: 6637
INFO 2025-03-11 14:06:17,686 call_r_plant Inserted new plant: 56076
INFO 2025-03-11 14:06:18,022 call_r_plant Inserted new plant: 56018
INFO 2025-03-11 14:06:18,364 call_r_plant Inserted new plant: 60680
INFO 2025-03-11 14:06:18,709 call_r_plant Inserted new plant: 54429
INFO 2025-03-11 14:06:19,048 call_r_plant Inserted new plant: 10216
INFO 2025-03-11 14:06:19,393 call_r_plant Inserted new plant: 7924
INFO 2025-03-11 14:06:19,736 call_r_plant Inserted new plant: 2
INFO 2025-03-11 14:06:20,102 call_r_plant Inserted new plant: 3
INFO 2025-03-11 14:06:20,450 call_r_plant Inserted new plant: 702
INFO 2025-03-11 14:06:20,797 call_r_plant Inserted new plant: 6150
INFO 2025-03-11 14:06:21,133 call_r_plant Inserted new plant: 63765
INFO 2025-03-11 14:06:21,478 call_r_plant Inserted new plant: 46
INFO 2025-03-11 14:06:21,817 call_r_plant Inserted new plant: 55409
INFO 2025-03-11 14:06:22,160 call_r_plant Inserted new plant: 55440
INFO 2025-03-11 14:06:22,495 call_r_plant Inserted new plant: 56
INFO 2025-03-11 14:06:22,840 call_r_plant Inserted new plant: 47
INFO 2025-03-11 14:06:23,178 call_r_plant Inserted new plant: 54985
INFO 2025-03-11 14:06:23,516 call_r_plant Inserted new plant: 61924
INFO 2025-03-11 14:06:23,853 call_r_plant Inserted new plant: 55292
INFO 2025-03-11 14:06:24,217 call_r_plant Inserted new plant: 58061
INFO 2025-03-11 14:06:24,569 call_r_plant Inserted new plant: 7897
INFO 2025-03-11 14:06:24,911 call_r_plant Inserted new plant: 26
INFO 2025-03-11 14:06:25,250 call_r_plant Inserted new plant: 60679
INFO 2025-03-11 14:06:25,593 call_r_plant Inserted new plant: 53
INFO 2025-03-11 14:06:25,947 call_r_plant Inserted new plant: 54789
INFO 2025-03-11 14:06:26,311 call_r_plant Inserted new plant: 10699
INFO 2025-03-11 14:06:26,661 call_r_plant Inserted new plant: 707
INFO 2025-03-11 14:06:27,010 call_r_plant Inserted new plant: 10
INFO 2025-03-11 14:06:27,352 call_r_plant Inserted new plant: 48
INFO 2025-03-11 14:06:27,701 call_r_plant Inserted new plant: 11
INFO 2025-03-11 14:06:28,058 call_r_plant Inserted new plant: 6188
INFO 2025-03-11 14:06:28,399 call_r_plant Inserted new plant: 55411
INFO 2025-03-11 14:06:28,741 call_r_plant Inserted new plant: 55241
INFO 2025-03-11 14:06:29,080 call_r_plant Inserted new plant: 12
INFO 2025-03-11 14:06:29,428 call_r_plant Inserted new plant: 54752
INFO 2025-03-11 14:06:29,766 call_r_plant Inserted new plant: 52140
INFO 2025-03-11 14:06:30,105 call_r_plant Inserted new plant: 54096
INFO 2025-03-11 14:06:30,448 call_r_plant Inserted new plant: 6002
INFO 2025-03-11 14:06:30,794 call_r_plant Inserted new plant: 6131
INFO 2025-03-11 14:06:31,134 call_r_plant Inserted new plant: 13
INFO 2025-03-11 14:06:31,474 call_r_plant Inserted new plant: 6001
INFO 2025-03-11 14:06:31,824 call_r_plant Inserted new plant: 62449
INFO 2025-03-11 14:06:32,162 call_r_plant Inserted new plant: 60583
INFO 2025-03-11 14:06:32,499 call_r_plant Inserted new plant: 15
INFO 2025-03-11 14:06:32,844 call_r_plant Inserted new plant: 18
INFO 2025-03-11 14:06:33,183 call_r_plant Inserted new plant: 14
INFO 2025-03-11 14:06:33,525 call_r_plant Inserted new plant: 16
INFO 2025-03-11 14:06:33,876 call_r_plant Inserted new plant: 7063
INFO 2025-03-11 14:06:34,218 call_r_plant Inserted new plant: 533
INFO 2025-03-11 14:06:34,559 call_r_plant Inserted new plant: 54802
INFO 2025-03-11 14:06:34,921 call_r_plant Inserted new plant: 38
INFO 2025-03-11 14:06:35,266 call_r_plant Inserted new plant: 17
INFO 2025-03-11 14:06:35,611 call_r_plant Inserted new plant: 55293
INFO 2025-03-11 14:06:35,948 call_r_plant Inserted new plant: 62462
INFO 2025-03-11 14:06:36,285 call_r_plant Inserted new plant: 64469
INFO 2025-03-11 14:06:36,638 call_r_plant Inserted new plant: 55044
INFO 2025-03-11 14:06:36,981 call_r_plant Inserted new plant: 7710
INFO 2025-03-11 14:06:37,327 call_r_plant Inserted new plant: 55
INFO 2025-03-11 14:06:37,674 call_r_plant Inserted new plant: 61901
INFO 2025-03-11 14:06:38,017 call_r_plant Inserted new plant: 60058
INFO 2025-03-11 14:06:38,366 call_r_plant Inserted new plant: 7698
INFO 2025-03-11 14:06:38,707 call_r_plant Inserted new plant: 59710
INFO 2025-03-11 14:06:39,058 call_r_plant Inserted new plant: 50359
INFO 2025-03-11 14:06:39,408 call_r_plant Inserted new plant: 55271
INFO 2025-03-11 14:06:39,752 call_r_plant Inserted new plant: 7721
INFO 2025-03-11 14:06:40,092 call_r_plant Inserted new plant: 19
INFO 2025-03-11 14:06:40,428 call_r_plant Inserted new plant: 54216
INFO 2025-03-11 14:06:40,767 call_r_plant Inserted new plant: 54550
INFO 2025-03-11 14:06:41,132 call_r_plant Inserted new plant: 4
INFO 2025-03-11 14:06:41,470 call_r_plant Inserted new plant: 55138
INFO 2025-03-11 14:06:41,815 call_r_plant Inserted new plant: 7697
INFO 2025-03-11 14:06:42,162 call_r_plant Inserted new plant: 20
INFO 2025-03-11 14:06:42,520 call_r_plant Inserted new plant: 54763
INFO 2025-03-11 14:06:42,861 call_r_plant Inserted new plant: 57467
INFO 2025-03-11 14:06:43,209 call_r_plant Inserted new plant: 49
INFO 2025-03-11 14:06:43,553 call_r_plant Inserted new plant: 6440
INFO 2025-03-11 14:06:43,892 call_r_plant Inserted new plant: 21
INFO 2025-03-11 14:06:44,271 call_r_plant Inserted new plant: 7
INFO 2025-03-11 14:06:44,614 call_r_plant Inserted new plant: 67507
INFO 2025-03-11 14:06:44,952 call_r_plant Inserted new plant: 8055
INFO 2025-03-11 14:06:45,292 call_r_plant Inserted new plant: 54104
INFO 2025-03-11 14:06:45,630 call_r_plant Inserted new plant: 66588
INFO 2025-03-11 14:06:45,972 call_r_plant Inserted new plant: 182
INFO 2025-03-11 14:06:46,314 call_r_plant Inserted new plant: 66589
INFO 2025-03-11 14:06:46,648 call_r_plant Inserted new plant: 65483
INFO 2025-03-11 14:06:46,998 call_r_plant Inserted new plant: 197
INFO 2025-03-11 14:06:47,339 call_r_plant Inserted new plant: 64392
INFO 2025-03-11 14:06:47,676 call_r_plant Inserted new plant: 198
INFO 2025-03-11 14:06:48,016 call_r_plant Inserted new plant: 66590
INFO 2025-03-11 14:06:48,366 call_r_plant Inserted new plant: 202
INFO 2025-03-11 14:06:48,708 call_r_plant Inserted new plant: 166
INFO 2025-03-11 14:06:49,052 call_r_plant Inserted new plant: 63295
INFO 2025-03-11 14:06:49,404 call_r_plant Inserted new plant: 56505
INFO 2025-03-11 14:06:49,749 call_r_plant Inserted new plant: 67514
INFO 2025-03-11 14:06:50,086 call_r_plant Inserted new plant: 64444
INFO 2025-03-11 14:06:50,430 call_r_plant Inserted new plant: 66607
INFO 2025-03-11 14:06:50,781 call_r_plant Inserted new plant: 50638
INFO 2025-03-11 14:06:51,120 call_r_plant Inserted new plant: 66608
INFO 2025-03-11 14:06:51,466 call_r_plant Inserted new plant: 67515
INFO 2025-03-11 14:06:51,841 call_r_plant Inserted new plant: 7246
INFO 2025-03-11 14:06:52,193 call_r_plant Inserted new plant: 199
INFO 2025-03-11 14:06:52,534 call_r_plant Inserted new plant: 187
INFO 2025-03-11 14:06:52,886 call_r_plant Inserted new plant: 55340
INFO 2025-03-11 14:06:53,230 call_r_plant Inserted new plant: 56489
INFO 2025-03-11 14:06:53,582 call_r_plant Inserted new plant: 7040
INFO 2025-03-11 14:06:53,938 call_r_plant Inserted new plant: 61839
INFO 2025-03-11 14:06:54,281 call_r_plant Inserted new plant: 66610
INFO 2025-03-11 14:06:54,627 call_r_plant Inserted new plant: 67518
INFO 2025-03-11 14:06:54,974 call_r_plant Inserted new plant: 67519
INFO 2025-03-11 14:06:55,313 call_r_plant Inserted new plant: 6138
INFO 2025-03-11 14:06:55,656 call_r_plant Inserted new plant: 64262
INFO 2025-03-11 14:06:55,993 call_r_plant Inserted new plant: 64261
INFO 2025-03-11 14:06:56,346 call_r_plant Inserted new plant: 10050
INFO 2025-03-11 14:06:56,687 call_r_plant Inserted new plant: 7825
INFO 2025-03-11 14:06:57,032 call_r_plant Inserted new plant: 65351
INFO 2025-03-11 14:06:57,383 call_r_plant Inserted new plant: 10606
INFO 2025-03-11 14:06:57,730 call_r_plant Inserted new plant: 188
INFO 2025-03-11 14:06:58,068 call_r_plant Inserted new plant: 63766
INFO 2025-03-11 14:06:58,424 call_r_plant Inserted new plant: 56328
INFO 2025-03-11 14:06:58,763 call_r_plant Inserted new plant: 55418
INFO 2025-03-11 14:06:59,246 call_r_plant Inserted new plant: 64263
INFO 2025-03-11 14:06:59,586 call_r_plant Inserted new plant: 6641
INFO 2025-03-11 14:06:59,937 call_r_plant Inserted new plant: 56564
INFO 2025-03-11 14:07:00,288 call_r_plant Inserted new plant: 67487
INFO 2025-03-11 14:07:00,629 call_r_plant Inserted new plant: 67520
INFO 2025-03-11 14:07:00,969 call_r_plant Inserted new plant: 170
INFO 2025-03-11 14:07:01,314 call_r_plant Inserted new plant: 54283
INFO 2025-03-11 14:07:01,659 call_r_plant Inserted new plant: 55714
INFO 2025-03-11 14:07:02,003 call_r_plant Inserted new plant: 203
INFO 2025-03-11 14:07:02,342 call_r_plant Inserted new plant: 193
INFO 2025-03-11 14:07:02,680 call_r_plant Inserted new plant: 7166
INFO 2025-03-11 14:07:03,025 call_r_plant Inserted new plant: 195
INFO 2025-03-11 14:07:03,377 call_r_plant Inserted new plant: 66112
INFO 2025-03-11 14:07:03,720 call_r_plant Inserted new plant: 62682
INFO 2025-03-11 14:07:04,060 call_r_plant Inserted new plant: 196
INFO 2025-03-11 14:07:04,439 call_r_plant Inserted new plant: 172
INFO 2025-03-11 14:07:04,773 call_r_plant Inserted new plant: 55221
INFO 2025-03-11 14:07:05,109 call_r_plant Inserted new plant: 6142
INFO 2025-03-11 14:07:05,443 call_r_plant Inserted new plant: 60924
INFO 2025-03-11 14:07:05,778 call_r_plant Inserted new plant: 8015
INFO 2025-03-11 14:07:06,123 call_r_plant Inserted new plant: 67188
INFO 2025-03-11 14:07:06,459 call_r_plant Inserted new plant: 7283
INFO 2025-03-11 14:07:06,792 call_r_plant Inserted new plant: 55075
INFO 2025-03-11 14:07:07,129 call_r_plant Inserted new plant: 10627
INFO 2025-03-11 14:07:07,462 call_r_plant Inserted new plant: 56456
INFO 2025-03-11 14:07:07,798 call_r_plant Inserted new plant: 174
INFO 2025-03-11 14:07:08,138 call_r_plant Inserted new plant: 67521
INFO 2025-03-11 14:07:08,476 call_r_plant Inserted new plant: 59947
INFO 2025-03-11 14:07:08,821 call_r_plant Inserted new plant: 61869
INFO 2025-03-11 14:07:09,180 call_r_plant Inserted new plant: 63627
INFO 2025-03-11 14:07:09,519 call_r_plant Inserted new plant: 62617
INFO 2025-03-11 14:07:09,858 call_r_plant Inserted new plant: 67522
INFO 2025-03-11 14:07:10,195 call_r_plant Inserted new plant: 67523
INFO 2025-03-11 14:07:10,537 call_r_plant Inserted new plant: 67524
INFO 2025-03-11 14:07:10,876 call_r_plant Inserted new plant: 61262
INFO 2025-03-11 14:07:11,220 call_r_plant Inserted new plant: 201
INFO 2025-03-11 14:07:11,560 call_r_plant Inserted new plant: 56523
INFO 2025-03-11 14:07:11,896 call_r_plant Inserted new plant: 60536
INFO 2025-03-11 14:07:12,232 call_r_plant Inserted new plant: 67526
INFO 2025-03-11 14:07:12,571 call_r_plant Inserted new plant: 55380
INFO 2025-03-11 14:07:12,916 call_r_plant Inserted new plant: 57025
INFO 2025-03-11 14:07:13,260 call_r_plant Inserted new plant: 62683
INFO 2025-03-11 14:07:13,606 call_r_plant Inserted new plant: 7135
INFO 2025-03-11 14:07:13,941 call_r_plant Inserted new plant: 6009
INFO 2025-03-11 14:07:14,285 call_r_plant Inserted new plant: 57160
INFO 2025-03-11 14:07:14,634 call_r_plant Inserted new plant: 57161
INFO 2025-03-11 14:07:14,979 call_r_plant Inserted new plant: 57162
INFO 2025-03-11 14:07:15,325 call_r_plant Inserted new plant: 67527
INFO 2025-03-11 14:07:15,674 call_r_plant Inserted new plant: 61861
INFO 2025-03-11 14:07:16,021 call_r_plant Inserted new plant: 118
INFO 2025-03-11 14:07:16,359 call_r_plant Inserted new plant: 117
INFO 2025-03-11 14:07:16,706 call_r_plant Inserted new plant: 62643
INFO 2025-03-11 14:07:17,076 call_r_plant Inserted new plant: 58632
INFO 2025-03-11 14:07:17,418 call_r_plant Inserted new plant: 57373
INFO 2025-03-11 14:07:17,759 call_r_plant Inserted new plant: 141
INFO 2025-03-11 14:07:18,097 call_r_plant Inserted new plant: 64384
INFO 2025-03-11 14:07:18,447 call_r_plant Inserted new plant: 60684
INFO 2025-03-11 14:07:18,786 call_r_plant Inserted new plant: 60964
INFO 2025-03-11 14:07:19,135 call_r_plant Inserted new plant: 160
INFO 2025-03-11 14:07:19,478 call_r_plant Inserted new plant: 58199
INFO 2025-03-11 14:07:19,826 call_r_plant Inserted new plant: 57765
INFO 2025-03-11 14:07:20,167 call_r_plant Inserted new plant: 55282
INFO 2025-03-11 14:07:20,507 call_r_plant Inserted new plant: 57680
INFO 2025-03-11 14:07:20,853 call_r_plant Inserted new plant: 59168
INFO 2025-03-11 14:07:21,191 call_r_plant Inserted new plant: 60062
INFO 2025-03-11 14:07:21,536 call_r_plant Inserted new plant: 57657
INFO 2025-03-11 14:07:21,871 call_r_plant Inserted new plant: 58262
INFO 2025-03-11 14:07:22,214 call_r_plant Inserted new plant: 56482
INFO 2025-03-11 14:07:22,560 call_r_plant Inserted new plant: 58042
INFO 2025-03-11 14:07:22,904 call_r_plant Inserted new plant: 60413
INFO 2025-03-11 14:07:23,248 call_r_plant Inserted new plant: 64580
INFO 2025-03-11 14:07:23,589 call_r_plant Inserted new plant: 65185
INFO 2025-03-11 14:07:23,936 call_r_plant Inserted new plant: 58037
INFO 2025-03-11 14:07:24,280 call_r_plant Inserted new plant: 60685
INFO 2025-03-11 14:07:24,617 call_r_plant Inserted new plant: 64566
INFO 2025-03-11 14:07:24,969 call_r_plant Inserted new plant: 66001
INFO 2025-03-11 14:07:25,311 call_r_plant Inserted new plant: 57560
INFO 2025-03-11 14:07:25,650 call_r_plant Inserted new plant: 113
INFO 2025-03-11 14:07:25,990 call_r_plant Inserted new plant: 56229
INFO 2025-03-11 14:07:26,338 call_r_plant Inserted new plant: 59233
INFO 2025-03-11 14:07:26,678 call_r_plant Inserted new plant: 58832
INFO 2025-03-11 14:07:27,019 call_r_plant Inserted new plant: 56948
INFO 2025-03-11 14:07:27,359 call_r_plant Inserted new plant: 6177
INFO 2025-03-11 14:07:27,696 call_r_plant Inserted new plant: 57561
INFO 2025-03-11 14:07:28,036 call_r_plant Inserted new plant: 143
INFO 2025-03-11 14:07:28,376 call_r_plant Inserted new plant: 152
INFO 2025-03-11 14:07:28,724 call_r_plant Inserted new plant: 59779
INFO 2025-03-11 14:07:29,068 call_r_plant Inserted new plant: 124
INFO 2025-03-11 14:07:29,416 call_r_plant Inserted new plant: 55129
INFO 2025-03-11 14:07:29,751 call_r_plant Inserted new plant: 59444
INFO 2025-03-11 14:07:30,095 call_r_plant Inserted new plant: 114
INFO 2025-03-11 14:07:30,442 call_r_plant Inserted new plant: 57098
INFO 2025-03-11 14:07:30,779 call_r_plant Inserted new plant: 62899
INFO 2025-03-11 14:07:31,119 call_r_plant Inserted new plant: 62964
INFO 2025-03-11 14:07:31,461 call_r_plant Inserted new plant: 60230
INFO 2025-03-11 14:07:31,796 call_r_plant Inserted new plant: 57930
INFO 2025-03-11 14:07:32,133 call_r_plant Inserted new plant: 57997
INFO 2025-03-11 14:07:32,469 call_r_plant Inserted new plant: 58972
INFO 2025-03-11 14:07:32,813 call_r_plant Inserted new plant: 58842
INFO 2025-03-11 14:07:33,161 call_r_plant Inserted new plant: 59020
INFO 2025-03-11 14:07:33,503 call_r_plant Inserted new plant: 60768
INFO 2025-03-11 14:07:33,841 call_r_plant Inserted new plant: 55306
INFO 2025-03-11 14:07:34,183 call_r_plant Inserted new plant: 58543
INFO 2025-03-11 14:07:34,560 call_r_plant Inserted new plant: 153
INFO 2025-03-11 14:07:34,898 call_r_plant Inserted new plant: 61272
INFO 2025-03-11 14:07:35,247 call_r_plant Inserted new plant: 55124
INFO 2025-03-11 14:07:35,582 call_r_plant Inserted new plant: 7179
INFO 2025-03-11 14:07:35,940 call_r_plant Inserted new plant: 8902
INFO 2025-03-11 14:07:36,611 call_r_plant Inserted new plant: 145
INFO 2025-03-11 14:07:36,950 call_r_plant Inserted new plant: 58383
INFO 2025-03-11 14:07:37,297 call_r_plant Inserted new plant: 57563
INFO 2025-03-11 14:07:37,639 call_r_plant Inserted new plant: 60822
INFO 2025-03-11 14:07:37,987 call_r_plant Inserted new plant: 60996
INFO 2025-03-11 14:07:38,336 call_r_plant Inserted new plant: 126
INFO 2025-03-11 14:07:38,678 call_r_plant Inserted new plant: 60603
INFO 2025-03-11 14:07:39,021 call_r_plant Inserted new plant: 58292
INFO 2025-03-11 14:07:39,370 call_r_plant Inserted new plant: 61268
INFO 2025-03-11 14:07:39,710 call_r_plant Inserted new plant: 57775
INFO 2025-03-11 14:07:40,059 call_r_plant Inserted new plant: 147
INFO 2025-03-11 14:07:40,400 call_r_plant Inserted new plant: 57556
INFO 2025-03-11 14:07:40,738 call_r_plant Inserted new plant: 58539
INFO 2025-03-11 14:07:41,124 call_r_plant Inserted new plant: 57324
INFO 2025-03-11 14:07:41,484 call_r_plant Inserted new plant: 57673
INFO 2025-03-11 14:07:41,817 call_r_plant Inserted new plant: 66636
INFO 2025-03-11 14:07:42,164 call_r_plant Inserted new plant: 64404
INFO 2025-03-11 14:07:42,565 call_r_plant Inserted new plant: 55481
INFO 2025-03-11 14:07:42,933 call_r_plant Inserted new plant: 57707
INFO 2025-03-11 14:07:43,291 call_r_plant Inserted new plant: 60307
INFO 2025-03-11 14:07:43,654 call_r_plant Inserted new plant: 60308
INFO 2025-03-11 14:07:43,991 call_r_plant Inserted new plant: 65963
INFO 2025-03-11 14:07:44,353 call_r_plant Inserted new plant: 63114
INFO 2025-03-11 14:07:44,750 call_r_plant Inserted new plant: 63554
INFO 2025-03-11 14:07:45,128 call_r_plant Inserted new plant: 59819
INFO 2025-03-11 14:07:45,556 call_r_plant Inserted new plant: 67178
INFO 2025-03-11 14:07:45,944 call_r_plant Inserted new plant: 148
INFO 2025-03-11 14:07:46,344 call_r_plant Inserted new plant: 55372
INFO 2025-03-11 14:07:46,747 call_r_plant Inserted new plant: 6088
INFO 2025-03-11 14:07:47,150 call_r_plant Inserted new plant: 57403
INFO 2025-03-11 14:07:47,542 call_r_plant Inserted new plant: 56616
INFO 2025-03-11 14:07:47,932 call_r_plant Inserted new plant: 63349
INFO 2025-03-11 14:07:48,373 call_r_plant Inserted new plant: 116
INFO 2025-03-11 14:07:48,771 call_r_plant Inserted new plant: 6008
INFO 2025-03-11 14:07:49,129 call_r_plant Inserted new plant: 57562
INFO 2025-03-11 14:07:49,518 call_r_plant Inserted new plant: 58293
INFO 2025-03-11 14:07:49,862 call_r_plant Inserted new plant: 58155
INFO 2025-03-11 14:07:50,210 call_r_plant Inserted new plant: 58708
INFO 2025-03-11 14:07:50,639 call_r_plant Inserted new plant: 58709
INFO 2025-03-11 14:07:51,042 call_r_plant Inserted new plant: 58486
INFO 2025-03-11 14:07:51,379 call_r_plant Inserted new plant: 62075
INFO 2025-03-11 14:07:51,770 call_r_plant Inserted new plant: 61104
INFO 2025-03-11 14:07:52,161 call_r_plant Inserted new plant: 63531
INFO 2025-03-11 14:07:52,553 call_r_plant Inserted new plant: 61197
INFO 2025-03-11 14:07:52,961 call_r_plant Inserted new plant: 61678
INFO 2025-03-11 14:07:53,299 call_r_plant Inserted new plant: 57318
INFO 2025-03-11 14:07:53,638 call_r_plant Inserted new plant: 57379
INFO 2025-03-11 14:07:53,979 call_r_plant Inserted new plant: 58171
INFO 2025-03-11 14:07:54,328 call_r_plant Inserted new plant: 56228
INFO 2025-03-11 14:07:54,677 call_r_plant Inserted new plant: 58147
INFO 2025-03-11 14:07:55,015 call_r_plant Inserted new plant: 61913
INFO 2025-03-11 14:07:55,355 call_r_plant Inserted new plant: 57883
INFO 2025-03-11 14:07:55,702 call_r_plant Inserted new plant: 57795
INFO 2025-03-11 14:07:56,047 call_r_plant Inserted new plant: 57790
INFO 2025-03-11 14:07:56,384 call_r_plant Inserted new plant: 58501
INFO 2025-03-11 14:07:56,726 call_r_plant Inserted new plant: 65972
INFO 2025-03-11 14:07:57,078 call_r_plant Inserted new plant: 58833
INFO 2025-03-11 14:07:57,416 call_r_plant Inserted new plant: 60285
INFO 2025-03-11 14:07:57,760 call_r_plant Inserted new plant: 60467
INFO 2025-03-11 14:07:58,104 call_r_plant Inserted new plant: 55455
INFO 2025-03-11 14:07:58,443 call_r_plant Inserted new plant: 59044
INFO 2025-03-11 14:07:58,786 call_r_plant Inserted new plant: 57524
INFO 2025-03-11 14:07:59,209 call_r_plant Inserted new plant: 149
INFO 2025-03-11 14:07:59,549 call_r_plant Inserted new plant: 66925
INFO 2025-03-11 14:07:59,885 call_r_plant Inserted new plant: 58213
INFO 2025-03-11 14:08:00,227 call_r_plant Inserted new plant: 66716
INFO 2025-03-11 14:08:00,569 call_r_plant Inserted new plant: 63476
INFO 2025-03-11 14:08:00,933 call_r_plant Inserted new plant: 59634
INFO 2025-03-11 14:08:01,272 call_r_plant Inserted new plant: 8068
INFO 2025-03-11 14:08:01,614 call_r_plant Inserted new plant: 56812
INFO 2025-03-11 14:08:01,964 call_r_plant Inserted new plant: 66627
INFO 2025-03-11 14:08:02,302 call_r_plant Inserted new plant: 100
INFO 2025-03-11 14:08:02,641 call_r_plant Inserted new plant: 55177
INFO 2025-03-11 14:08:02,992 call_r_plant Inserted new plant: 8223
INFO 2025-03-11 14:08:03,330 call_r_plant Inserted new plant: 150
INFO 2025-03-11 14:08:03,675 call_r_plant Inserted new plant: 65956
INFO 2025-03-11 14:08:04,023 call_r_plant Inserted new plant: 60381
INFO 2025-03-11 14:08:04,381 call_r_plant Inserted new plant: 63440
INFO 2025-03-11 14:08:04,719 call_r_plant Inserted new plant: 60827
INFO 2025-03-11 14:08:05,061 call_r_plant Inserted new plant: 55522
INFO 2025-03-11 14:08:05,400 call_r_plant Inserted new plant: 61199
INFO 2025-03-11 14:08:05,741 call_r_plant Inserted new plant: 67824
INFO 2025-03-11 14:08:06,085 call_r_plant Inserted new plant: 67821
INFO 2025-03-11 14:08:06,431 call_r_plant Inserted new plant: 59455
INFO 2025-03-11 14:08:06,769 call_r_plant Inserted new plant: 57392
INFO 2025-03-11 14:08:07,112 call_r_plant Inserted new plant: 58516
INFO 2025-03-11 14:08:07,452 call_r_plant Inserted new plant: 54594
INFO 2025-03-11 14:08:07,791 call_r_plant Inserted new plant: 6515
INFO 2025-03-11 14:08:08,129 call_r_plant Inserted new plant: 59454
INFO 2025-03-11 14:08:08,468 call_r_plant Inserted new plant: 58517
INFO 2025-03-11 14:08:08,813 call_r_plant Inserted new plant: 7164
INFO 2025-03-11 14:08:09,152 call_r_plant Inserted new plant: 57939
INFO 2025-03-11 14:08:09,491 call_r_plant Inserted new plant: 66125
INFO 2025-03-11 14:08:09,833 call_r_plant Inserted new plant: 56358
INFO 2025-03-11 14:08:10,178 call_r_plant Inserted new plant: 64426
INFO 2025-03-11 14:08:10,516 call_r_plant Inserted new plant: 120
INFO 2025-03-11 14:08:10,854 call_r_plant Inserted new plant: 54694
INFO 2025-03-11 14:08:11,209 call_r_plant Inserted new plant: 65331
INFO 2025-03-11 14:08:11,589 call_r_plant Inserted new plant: 65794
INFO 2025-03-11 14:08:11,930 call_r_plant Inserted new plant: 58918
INFO 2025-03-11 14:08:12,274 call_r_plant Inserted new plant: 58920
INFO 2025-03-11 14:08:12,615 call_r_plant Inserted new plant: 58919
INFO 2025-03-11 14:08:12,954 call_r_plant Inserted new plant: 57871
INFO 2025-03-11 14:08:13,298 call_r_plant Inserted new plant: 52162
INFO 2025-03-11 14:08:13,641 call_r_plant Inserted new plant: 52163
INFO 2025-03-11 14:08:13,991 call_r_plant Inserted new plant: 65330
INFO 2025-03-11 14:08:14,330 call_r_plant Inserted new plant: 66622
INFO 2025-03-11 14:08:14,670 call_r_plant Inserted new plant: 293
INFO 2025-03-11 14:08:15,007 call_r_plant Inserted new plant: 61501
INFO 2025-03-11 14:08:15,352 call_r_plant Inserted new plant: 61502
INFO 2025-03-11 14:08:15,691 call_r_plant Inserted new plant: 61503
INFO 2025-03-11 14:08:16,034 call_r_plant Inserted new plant: 58699
INFO 2025-03-11 14:08:16,387 call_r_plant Inserted new plant: 315
INFO 2025-03-11 14:08:16,724 call_r_plant Inserted new plant: 61204
INFO 2025-03-11 14:08:17,071 call_r_plant Inserted new plant: 335
INFO 2025-03-11 14:08:17,406 call_r_plant Inserted new plant: 356
INFO 2025-03-11 14:08:17,745 call_r_plant Inserted new plant: 63699
INFO 2025-03-11 14:08:18,083 call_r_plant Inserted new plant: 59610
INFO 2025-03-11 14:08:18,437 call_r_plant Inserted new plant: 62577
INFO 2025-03-11 14:08:18,787 call_r_plant Inserted new plant: 58889
INFO 2025-03-11 14:08:19,136 call_r_plant Inserted new plant: 65205
INFO 2025-03-11 14:08:19,482 call_r_plant Inserted new plant: 65206
INFO 2025-03-11 14:08:19,822 call_r_plant Inserted new plant: 65208
INFO 2025-03-11 14:08:20,159 call_r_plant Inserted new plant: 65204
INFO 2025-03-11 14:08:20,506 call_r_plant Inserted new plant: 65360
INFO 2025-03-11 14:08:20,851 call_r_plant Inserted new plant: 61154
INFO 2025-03-11 14:08:21,195 call_r_plant Inserted new plant: 61153
INFO 2025-03-11 14:08:21,534 call_r_plant Inserted new plant: 65192
INFO 2025-03-11 14:08:21,873 call_r_plant Inserted new plant: 62573
INFO 2025-03-11 14:08:22,229 call_r_plant Inserted new plant: 63605
INFO 2025-03-11 14:08:22,567 call_r_plant Inserted new plant: 62574
INFO 2025-03-11 14:08:22,915 call_r_plant Inserted new plant: 63606
INFO 2025-03-11 14:08:23,264 call_r_plant Inserted new plant: 57378
INFO 2025-03-11 14:08:23,609 call_r_plant Inserted new plant: 60085
INFO 2025-03-11 14:08:23,953 call_r_plant Inserted new plant: 65517
INFO 2025-03-11 14:08:24,327 call_r_plant Inserted new plant: 62874
INFO 2025-03-11 14:08:24,663 call_r_plant Inserted new plant: 59978
INFO 2025-03-11 14:08:25,000 call_r_plant Inserted new plant: 59440
INFO 2025-03-11 14:08:25,343 call_r_plant Inserted new plant: 57305
INFO 2025-03-11 14:08:25,704 call_r_plant Inserted new plant: 59441
INFO 2025-03-11 14:08:26,045 call_r_plant Inserted new plant: 60027
INFO 2025-03-11 14:08:26,382 call_r_plant Inserted new plant: 57811
INFO 2025-03-11 14:08:26,733 call_r_plant Inserted new plant: 57651
INFO 2025-03-11 14:08:27,076 call_r_plant Inserted new plant: 55184
INFO 2025-03-11 14:08:27,414 call_r_plant Inserted new plant: 57697
INFO 2025-03-11 14:08:27,750 call_r_plant Inserted new plant: 57698
INFO 2025-03-11 14:08:28,083 call_r_plant Inserted new plant: 61718
INFO 2025-03-11 14:08:28,423 call_r_plant Inserted new plant: 50748
INFO 2025-03-11 14:08:28,771 call_r_plant Inserted new plant: 66797
INFO 2025-03-11 14:08:29,114 call_r_plant Inserted new plant: 55951
INFO 2025-03-11 14:08:29,449 call_r_plant Inserted new plant: 52158
INFO 2025-03-11 14:08:29,785 call_r_plant Inserted new plant: 7450
INFO 2025-03-11 14:08:30,128 call_r_plant Inserted new plant: 905
INFO 2025-03-11 14:08:30,466 call_r_plant Inserted new plant: 59469
INFO 2025-03-11 14:08:30,805 call_r_plant Inserted new plant: 57564
INFO 2025-03-11 14:08:31,145 call_r_plant Inserted new plant: 60242
INFO 2025-03-11 14:08:31,481 call_r_plant Inserted new plant: 59412
INFO 2025-03-11 14:08:31,823 call_r_plant Inserted new plant: 63609
INFO 2025-03-11 14:08:32,157 call_r_plant Inserted new plant: 62546
INFO 2025-03-11 14:08:32,499 call_r_plant Inserted new plant: 7315
INFO 2025-03-11 14:08:32,841 call_r_plant Inserted new plant: 58003
INFO 2025-03-11 14:08:33,183 call_r_plant Inserted new plant: 58002
INFO 2025-03-11 14:08:33,520 call_r_plant Inserted new plant: 57295
INFO 2025-03-11 14:08:33,862 call_r_plant Inserted new plant: 214
INFO 2025-03-11 14:08:34,212 call_r_plant Inserted new plant: 66395
INFO 2025-03-11 14:08:34,548 call_r_plant Inserted new plant: 57282
INFO 2025-03-11 14:08:34,889 call_r_plant Inserted new plant: 57291
INFO 2025-03-11 14:08:35,224 call_r_plant Inserted new plant: 57292
INFO 2025-03-11 14:08:35,565 call_r_plant Inserted new plant: 57293
INFO 2025-03-11 14:08:35,898 call_r_plant Inserted new plant: 57294
INFO 2025-03-11 14:08:36,234 call_r_plant Inserted new plant: 57835
INFO 2025-03-11 14:08:36,568 call_r_plant Inserted new plant: 58394
INFO 2025-03-11 14:08:36,902 call_r_plant Inserted new plant: 58395
INFO 2025-03-11 14:08:37,240 call_r_plant Inserted new plant: 50299
INFO 2025-03-11 14:08:37,577 call_r_plant Inserted new plant: 50571
INFO 2025-03-11 14:08:37,905 call_r_plant Inserted new plant: 63303
INFO 2025-03-11 14:08:38,248 call_r_plant Inserted new plant: 61377
INFO 2025-03-11 14:08:38,585 call_r_plant Inserted new plant: 64429
INFO 2025-03-11 14:08:38,930 call_r_plant Inserted new plant: 64751
INFO 2025-03-11 14:08:39,273 call_r_plant Inserted new plant: 59800
INFO 2025-03-11 14:08:39,608 call_r_plant Inserted new plant: 50964
INFO 2025-03-11 14:08:39,948 call_r_plant Inserted new plant: 57771
INFO 2025-03-11 14:08:40,292 call_r_plant Inserted new plant: 56898
INFO 2025-03-11 14:08:40,629 call_r_plant Inserted new plant: 58437
INFO 2025-03-11 14:08:40,966 call_r_plant Inserted new plant: 58397
INFO 2025-03-11 14:08:41,306 call_r_plant Inserted new plant: 56897
INFO 2025-03-11 14:08:41,642 call_r_plant Inserted new plant: 56895
INFO 2025-03-11 14:08:41,982 call_r_plant Inserted new plant: 58436
INFO 2025-03-11 14:08:42,316 call_r_plant Inserted new plant: 56428
INFO 2025-03-11 14:08:42,655 call_r_plant Inserted new plant: 58435
INFO 2025-03-11 14:08:42,992 call_r_plant Inserted new plant: 62687
INFO 2025-03-11 14:08:43,328 call_r_plant Inserted new plant: 60777
INFO 2025-03-11 14:08:43,667 call_r_plant Inserted new plant: 56706
INFO 2025-03-11 14:08:44,004 call_r_plant Inserted new plant: 59416
INFO 2025-03-11 14:08:44,380 call_r_plant Inserted new plant: 215
INFO 2025-03-11 14:08:44,719 call_r_plant Inserted new plant: 66456
INFO 2025-03-11 14:08:45,055 call_r_plant Inserted new plant: 59331
INFO 2025-03-11 14:08:45,389 call_r_plant Inserted new plant: 60279
INFO 2025-03-11 14:08:45,732 call_r_plant Inserted new plant: 60186
INFO 2025-03-11 14:08:46,072 call_r_plant Inserted new plant: 60187
INFO 2025-03-11 14:08:46,406 call_r_plant Inserted new plant: 61265
INFO 2025-03-11 14:08:46,747 call_r_plant Inserted new plant: 62320
INFO 2025-03-11 14:08:47,095 call_r_plant Inserted new plant: 61264
INFO 2025-03-11 14:08:47,432 call_r_plant Inserted new plant: 62673
INFO 2025-03-11 14:08:47,804 call_r_plant Inserted new plant: 62674
INFO 2025-03-11 14:08:48,134 call_r_plant Inserted new plant: 59557
INFO 2025-03-11 14:08:48,469 call_r_plant Inserted new plant: 59473
INFO 2025-03-11 14:08:48,815 call_r_plant Inserted new plant: 62547
INFO 2025-03-11 14:08:49,152 call_r_plant Inserted new plant: 10684
INFO 2025-03-11 14:08:49,491 call_r_plant Inserted new plant: 64481
INFO 2025-03-11 14:08:49,822 call_r_plant Inserted new plant: 64564
INFO 2025-03-11 14:08:50,162 call_r_plant Inserted new plant: 58445
INFO 2025-03-11 14:08:50,504 call_r_plant Inserted new plant: 58446
INFO 2025-03-11 14:08:50,839 call_r_plant Inserted new plant: 58447
INFO 2025-03-11 14:08:51,175 call_r_plant Inserted new plant: 59737
INFO 2025-03-11 14:08:51,511 call_r_plant Inserted new plant: 64523
INFO 2025-03-11 14:08:51,878 call_r_plant Inserted new plant: 63300
INFO 2025-03-11 14:08:52,215 call_r_plant Inserted new plant: 58366
INFO 2025-03-11 14:08:52,554 call_r_plant Inserted new plant: 59414
INFO 2025-03-11 14:08:52,888 call_r_plant Inserted new plant: 57359
INFO 2025-03-11 14:08:53,229 call_r_plant Inserted new plant: 58039
INFO 2025-03-11 14:08:53,570 call_r_plant Inserted new plant: 6449
INFO 2025-03-11 14:08:53,909 call_r_plant Inserted new plant: 50200
INFO 2025-03-11 14:08:54,268 call_r_plant Inserted new plant: 65617
INFO 2025-03-11 14:08:54,611 call_r_plant Inserted new plant: 66533
INFO 2025-03-11 14:08:54,952 call_r_plant Inserted new plant: 66532
INFO 2025-03-11 14:08:55,292 call_r_plant Inserted new plant: 50540
INFO 2025-03-11 14:08:55,646 call_r_plant Inserted new plant: 10650
INFO 2025-03-11 14:08:55,986 call_r_plant Inserted new plant: 63610
INFO 2025-03-11 14:08:56,325 call_r_plant Inserted new plant: 59428
INFO 2025-03-11 14:08:56,665 call_r_plant Inserted new plant: 59948
INFO 2025-03-11 14:08:57,014 call_r_plant Inserted new plant: 57655
INFO 2025-03-11 14:08:57,350 call_r_plant Inserted new plant: 61118
INFO 2025-03-11 14:08:57,683 call_r_plant Inserted new plant: 61117
INFO 2025-03-11 14:08:58,022 call_r_plant Inserted new plant: 217
INFO 2025-03-11 14:08:58,354 call_r_plant Inserted new plant: 218
INFO 2025-03-11 14:08:58,697 call_r_plant Inserted new plant: 56474
INFO 2025-03-11 14:08:59,107 call_r_plant Inserted new plant: 60481
INFO 2025-03-11 14:08:59,441 call_r_plant Inserted new plant: 60474
INFO 2025-03-11 14:08:59,777 call_r_plant Inserted new plant: 60475
INFO 2025-03-11 14:09:00,109 call_r_plant Inserted new plant: 61431
INFO 2025-03-11 14:09:00,462 call_r_plant Inserted new plant: 59309
INFO 2025-03-11 14:09:00,797 call_r_plant Inserted new plant: 59308
INFO 2025-03-11 14:09:01,131 call_r_plant Inserted new plant: 50156
INFO 2025-03-11 14:09:01,473 call_r_plant Inserted new plant: 58508
INFO 2025-03-11 14:09:01,813 call_r_plant Inserted new plant: 10649
INFO 2025-03-11 14:09:02,160 call_r_plant Inserted new plant: 457
INFO 2025-03-11 14:09:02,499 call_r_plant Inserted new plant: 56346
INFO 2025-03-11 14:09:02,831 call_r_plant Inserted new plant: 414
INFO 2025-03-11 14:09:03,171 call_r_plant Inserted new plant: 65203
INFO 2025-03-11 14:09:03,504 call_r_plant Inserted new plant: 219
INFO 2025-03-11 14:09:03,836 call_r_plant Inserted new plant: 58890
INFO 2025-03-11 14:09:04,209 call_r_plant Inserted new plant: 65073
INFO 2025-03-11 14:09:04,555 call_r_plant Inserted new plant: 50170
INFO 2025-03-11 14:09:04,896 call_r_plant Inserted new plant: 50622
INFO 2025-03-11 14:09:05,234 call_r_plant Inserted new plant: 62176
INFO 2025-03-11 14:09:05,578 call_r_plant Inserted new plant: 52096
INFO 2025-03-11 14:09:05,912 call_r_plant Inserted new plant: 10880
INFO 2025-03-11 14:09:06,253 call_r_plant Inserted new plant: 64418
INFO 2025-03-11 14:09:06,589 call_r_plant Inserted new plant: 317
INFO 2025-03-11 14:09:06,931 call_r_plant Inserted new plant: 318
INFO 2025-03-11 14:09:07,270 call_r_plant Inserted new plant: 322
INFO 2025-03-11 14:09:07,610 call_r_plant Inserted new plant: 319
INFO 2025-03-11 14:09:07,952 call_r_plant Inserted new plant: 320
INFO 2025-03-11 14:09:08,289 call_r_plant Inserted new plant: 321
INFO 2025-03-11 14:09:08,627 call_r_plant Inserted new plant: 10282
INFO 2025-03-11 14:09:08,969 call_r_plant Inserted new plant: 391
INFO 2025-03-11 14:09:09,311 call_r_plant Inserted new plant: 10288
INFO 2025-03-11 14:09:09,653 call_r_plant Inserted new plant: 64993
INFO 2025-03-11 14:09:09,991 call_r_plant Inserted new plant: 63189
INFO 2025-03-11 14:09:10,328 call_r_plant Inserted new plant: 54296
INFO 2025-03-11 14:09:10,670 call_r_plant Inserted new plant: 323
INFO 2025-03-11 14:09:11,010 call_r_plant Inserted new plant: 324
INFO 2025-03-11 14:09:11,359 call_r_plant Inserted new plant: 325
INFO 2025-03-11 14:09:11,702 call_r_plant Inserted new plant: 326
INFO 2025-03-11 14:09:12,060 call_r_plant Inserted new plant: 327
INFO 2025-03-11 14:09:12,401 call_r_plant Inserted new plant: 66799
INFO 2025-03-11 14:09:12,733 call_r_plant Inserted new plant: 67743
INFO 2025-03-11 14:09:13,071 call_r_plant Inserted new plant: 7229
INFO 2025-03-11 14:09:13,419 call_r_plant Inserted new plant: 66863
INFO 2025-03-11 14:09:13,760 call_r_plant Inserted new plant: 56090
INFO 2025-03-11 14:09:14,102 call_r_plant Inserted new plant: 59524
INFO 2025-03-11 14:09:14,443 call_r_plant Inserted new plant: 10764
INFO 2025-03-11 14:09:14,784 call_r_plant Inserted new plant: 62077
INFO 2025-03-11 14:09:15,122 call_r_plant Inserted new plant: 66466
INFO 2025-03-11 14:09:15,465 call_r_plant Inserted new plant: 55295
INFO 2025-03-11 14:09:15,807 call_r_plant Inserted new plant: 65053
INFO 2025-03-11 14:09:16,152 call_r_plant Inserted new plant: 60093
INFO 2025-03-11 14:09:16,492 call_r_plant Inserted new plant: 60092
INFO 2025-03-11 14:09:16,830 call_r_plant Inserted new plant: 60094
INFO 2025-03-11 14:09:17,168 call_r_plant Inserted new plant: 60095
INFO 2025-03-11 14:09:17,511 call_r_plant Inserted new plant: 65383
INFO 2025-03-11 14:09:17,851 call_r_plant Inserted new plant: 56862
INFO 2025-03-11 14:09:18,191 call_r_plant Inserted new plant: 59531
INFO 2025-03-11 14:09:18,541 call_r_plant Inserted new plant: 60565
INFO 2025-03-11 14:09:18,894 call_r_plant Inserted new plant: 902
INFO 2025-03-11 14:09:19,239 call_r_plant Inserted new plant: 59461
INFO 2025-03-11 14:09:19,578 call_r_plant Inserted new plant: 50546
INFO 2025-03-11 14:09:19,918 call_r_plant Inserted new plant: 50179
INFO 2025-03-11 14:09:20,267 call_r_plant Inserted new plant: 58007
INFO 2025-03-11 14:09:20,602 call_r_plant Inserted new plant: 57580
INFO 2025-03-11 14:09:20,959 call_r_plant Inserted new plant: 64579
INFO 2025-03-11 14:09:21,303 call_r_plant Inserted new plant: 65186
INFO 2025-03-11 14:09:21,651 call_r_plant Inserted new plant: 65187
INFO 2025-03-11 14:09:21,988 call_r_plant Inserted new plant: 65188
INFO 2025-03-11 14:09:22,327 call_r_plant Inserted new plant: 57962
INFO 2025-03-11 14:09:22,670 call_r_plant Inserted new plant: 220
INFO 2025-03-11 14:09:23,007 call_r_plant Inserted new plant: 56446
INFO 2025-03-11 14:09:23,349 call_r_plant Inserted new plant: 60154
INFO 2025-03-11 14:09:23,698 call_r_plant Inserted new plant: 60151
INFO 2025-03-11 14:09:24,035 call_r_plant Inserted new plant: 60153
INFO 2025-03-11 14:09:24,392 call_r_plant Inserted new plant: 10706
INFO 2025-03-11 14:09:24,731 call_r_plant Inserted new plant: 10652
INFO 2025-03-11 14:09:25,069 call_r_plant Inserted new plant: 221
INFO 2025-03-11 14:09:25,407 call_r_plant Inserted new plant: 57970
INFO 2025-03-11 14:09:25,744 call_r_plant Inserted new plant: 64471
INFO 2025-03-11 14:09:26,090 call_r_plant Inserted new plant: 58251
INFO 2025-03-11 14:09:26,433 call_r_plant Inserted new plant: 65528
INFO 2025-03-11 14:09:26,768 call_r_plant Inserted new plant: 65615
INFO 2025-03-11 14:09:27,122 call_r_plant Inserted new plant: 65365
INFO 2025-03-11 14:09:27,471 call_r_plant Inserted new plant: 60428
INFO 2025-03-11 14:09:27,809 call_r_plant Inserted new plant: 60033
INFO 2025-03-11 14:09:28,157 call_r_plant Inserted new plant: 60034
INFO 2025-03-11 14:09:28,496 call_r_plant Inserted new plant: 64518
INFO 2025-03-11 14:09:28,838 call_r_plant Inserted new plant: 65525
INFO 2025-03-11 14:09:29,180 call_r_plant Inserted new plant: 65523
INFO 2025-03-11 14:09:29,517 call_r_plant Inserted new plant: 65447
INFO 2025-03-11 14:09:29,856 call_r_plant Inserted new plant: 58440
INFO 2025-03-11 14:09:30,195 call_r_plant Inserted new plant: 58253
INFO 2025-03-11 14:09:30,538 call_r_plant Inserted new plant: 57573
INFO 2025-03-11 14:09:30,877 call_r_plant Inserted new plant: 63490
INFO 2025-03-11 14:09:31,220 call_r_plant Inserted new plant: 61620
INFO 2025-03-11 14:09:31,561 call_r_plant Inserted new plant: 59748
INFO 2025-03-11 14:09:31,905 call_r_plant Inserted new plant: 61619
INFO 2025-03-11 14:09:32,246 call_r_plant Inserted new plant: 61621
INFO 2025-03-11 14:09:32,588 call_r_plant Inserted new plant: 10631
INFO 2025-03-11 14:09:32,936 call_r_plant Inserted new plant: 55984
INFO 2025-03-11 14:09:33,273 call_r_plant Inserted new plant: 60077
INFO 2025-03-11 14:09:33,623 call_r_plant Inserted new plant: 60078
INFO 2025-03-11 14:09:34,000 call_r_plant Inserted new plant: 60079
INFO 2025-03-11 14:09:34,378 call_r_plant Inserted new plant: 60080
INFO 2025-03-11 14:09:34,717 call_r_plant Inserted new plant: 60081
INFO 2025-03-11 14:09:35,062 call_r_plant Inserted new plant: 65980
INFO 2025-03-11 14:09:35,402 call_r_plant Inserted new plant: 10677
INFO 2025-03-11 14:09:35,740 call_r_plant Inserted new plant: 62378
INFO 2025-03-11 14:09:36,073 call_r_plant Inserted new plant: 63204
INFO 2025-03-11 14:09:36,409 call_r_plant Inserted new plant: 59183
INFO 2025-03-11 14:09:36,746 call_r_plant Inserted new plant: 52147
INFO 2025-03-11 14:09:37,081 call_r_plant Inserted new plant: 59130
INFO 2025-03-11 14:09:37,421 call_r_plant Inserted new plant: 59129
INFO 2025-03-11 14:09:37,755 call_r_plant Inserted new plant: 65182
INFO 2025-03-11 14:09:38,099 call_r_plant Inserted new plant: 63701
INFO 2025-03-11 14:09:38,435 call_r_plant Inserted new plant: 56813
INFO 2025-03-11 14:09:38,769 call_r_plant Inserted new plant: 63611
INFO 2025-03-11 14:09:39,116 call_r_plant Inserted new plant: 62028
INFO 2025-03-11 14:09:39,458 call_r_plant Inserted new plant: 58422
INFO 2025-03-11 14:09:39,793 call_r_plant Inserted new plant: 67516
INFO 2025-03-11 14:09:40,142 call_r_plant Inserted new plant: 64401
INFO 2025-03-11 14:09:40,476 call_r_plant Inserted new plant: 50851
INFO 2025-03-11 14:09:40,817 call_r_plant Inserted new plant: 60979
INFO 2025-03-11 14:09:41,199 call_r_plant Inserted new plant: 60978
INFO 2025-03-11 14:09:41,538 call_r_plant Inserted new plant: 58169
INFO 2025-03-11 14:09:41,874 call_r_plant Inserted new plant: 54300
INFO 2025-03-11 14:09:42,206 call_r_plant Inserted new plant: 56011
INFO 2025-03-11 14:09:42,551 call_r_plant Inserted new plant: 67179
INFO 2025-03-11 14:09:42,902 call_r_plant Inserted new plant: 302
INFO 2025-03-11 14:09:43,241 call_r_plant Inserted new plant: 63930
INFO 2025-03-11 14:09:43,584 call_r_plant Inserted new plant: 57544
INFO 2025-03-11 14:09:43,922 call_r_plant Inserted new plant: 63054
INFO 2025-03-11 14:09:44,271 call_r_plant Inserted new plant: 55510
INFO 2025-03-11 14:09:44,606 call_r_plant Inserted new plant: 55513
INFO 2025-03-11 14:09:44,944 call_r_plant Inserted new plant: 55508
INFO 2025-03-11 14:09:45,282 call_r_plant Inserted new plant: 55499
INFO 2025-03-11 14:09:45,621 call_r_plant Inserted new plant: 56768
INFO 2025-03-11 14:09:45,958 call_r_plant Inserted new plant: 65202
INFO 2025-03-11 14:09:46,299 call_r_plant Inserted new plant: 65193
INFO 2025-03-11 14:09:46,647 call_r_plant Inserted new plant: 65361
INFO 2025-03-11 14:09:46,983 call_r_plant Inserted new plant: 57163
INFO 2025-03-11 14:09:47,326 call_r_plant Inserted new plant: 65564
INFO 2025-03-11 14:09:47,659 call_r_plant Inserted new plant: 63516
INFO 2025-03-11 14:09:48,000 call_r_plant Inserted new plant: 10262
INFO 2025-03-11 14:09:48,339 call_r_plant Inserted new plant: 59283
INFO 2025-03-11 14:09:48,679 call_r_plant Inserted new plant: 64403
INFO 2025-03-11 14:09:49,018 call_r_plant Inserted new plant: 57439
INFO 2025-03-11 14:09:49,376 call_r_plant Inserted new plant: 59088
INFO 2025-03-11 14:09:49,717 call_r_plant Inserted new plant: 64521
INFO 2025-03-11 14:09:50,053 call_r_plant Inserted new plant: 50066
INFO 2025-03-11 14:09:50,396 call_r_plant Inserted new plant: 10034
INFO 2025-03-11 14:09:50,731 call_r_plant Inserted new plant: 55112
INFO 2025-03-11 14:09:51,068 call_r_plant Inserted new plant: 57460
INFO 2025-03-11 14:09:51,407 call_r_plant Inserted new plant: 537
INFO 2025-03-11 14:09:51,762 call_r_plant Inserted new plant: 10586
INFO 2025-03-11 14:09:52,111 call_r_plant Inserted new plant: 430
INFO 2025-03-11 14:09:52,453 call_r_plant Inserted new plant: 7552
INFO 2025-03-11 14:09:52,796 call_r_plant Inserted new plant: 58467
INFO 2025-03-11 14:09:53,131 call_r_plant Inserted new plant: 65740
INFO 2025-03-11 14:09:53,469 call_r_plant Inserted new plant: 57522
INFO 2025-03-11 14:09:53,809 call_r_plant Inserted new plant: 60568
INFO 2025-03-11 14:09:54,517 call_r_plant Inserted new plant: 57027
INFO 2025-03-11 14:09:55,142 call_r_plant Inserted new plant: 222
INFO 2025-03-11 14:09:55,758 call_r_plant Inserted new plant: 223
INFO 2025-03-11 14:09:56,373 call_r_plant Inserted new plant: 10169
INFO 2025-03-11 14:09:56,985 call_r_plant Inserted new plant: 7527
INFO 2025-03-11 14:09:57,600 call_r_plant Inserted new plant: 58590
INFO 2025-03-11 14:09:58,162 call_r_plant Inserted new plant: 67073
INFO 2025-03-11 14:09:58,509 call_r_plant Inserted new plant: 392
INFO 2025-03-11 14:09:58,851 call_r_plant Inserted new plant: 63385
INFO 2025-03-11 14:09:59,316 call_r_plant Inserted new plant: 57870
INFO 2025-03-11 14:09:59,652 call_r_plant Inserted new plant: 60277
INFO 2025-03-11 14:09:59,987 call_r_plant Inserted new plant: 64836
INFO 2025-03-11 14:10:00,333 call_r_plant Inserted new plant: 59334
INFO 2025-03-11 14:10:00,674 call_r_plant Inserted new plant: 57708
INFO 2025-03-11 14:10:01,018 call_r_plant Inserted new plant: 67000
INFO 2025-03-11 14:10:01,358 call_r_plant Inserted new plant: 56475
INFO 2025-03-11 14:10:01,696 call_r_plant Inserted new plant: 224
INFO 2025-03-11 14:10:02,050 call_r_plant Inserted new plant: 58430
INFO 2025-03-11 14:10:02,394 call_r_plant Inserted new plant: 64519
INFO 2025-03-11 14:10:02,741 call_r_plant Inserted new plant: 63940
INFO 2025-03-11 14:10:03,081 call_r_plant Inserted new plant: 60281
INFO 2025-03-11 14:10:03,427 call_r_plant Inserted new plant: 59963
INFO 2025-03-11 14:10:03,767 call_r_plant Inserted new plant: 63439
INFO 2025-03-11 14:10:04,109 call_r_plant Inserted new plant: 58258
INFO 2025-03-11 14:10:04,492 call_r_plant Inserted new plant: 58978
INFO 2025-03-11 14:10:04,836 call_r_plant Inserted new plant: 55934
INFO 2025-03-11 14:10:05,176 call_r_plant Inserted new plant: 62150
INFO 2025-03-11 14:10:05,537 call_r_plant Inserted new plant: 50003
INFO 2025-03-11 14:10:05,882 call_r_plant Inserted new plant: 65255
INFO 2025-03-11 14:10:06,225 call_r_plant Inserted new plant: 65238
INFO 2025-03-11 14:10:06,565 call_r_plant Inserted new plant: 65251
INFO 2025-03-11 14:10:06,909 call_r_plant Inserted new plant: 65253
INFO 2025-03-11 14:10:07,253 call_r_plant Inserted new plant: 65252
INFO 2025-03-11 14:10:07,601 call_r_plant Inserted new plant: 65254
INFO 2025-03-11 14:10:07,939 call_r_plant Inserted new plant: 65256
INFO 2025-03-11 14:10:08,288 call_r_plant Inserted new plant: 63849
INFO 2025-03-11 14:10:08,630 call_r_plant Inserted new plant: 63545
INFO 2025-03-11 14:10:08,970 call_r_plant Inserted new plant: 412
INFO 2025-03-11 14:10:09,320 call_r_plant Inserted new plant: 10175
INFO 2025-03-11 14:10:09,673 call_r_plant Inserted new plant: 225
INFO 2025-03-11 14:10:10,015 call_r_plant Inserted new plant: 56185
INFO 2025-03-11 14:10:10,356 call_r_plant Inserted new plant: 58506
INFO 2025-03-11 14:10:10,700 call_r_plant Inserted new plant: 57011
INFO 2025-03-11 14:10:11,043 call_r_plant Inserted new plant: 55540
INFO 2025-03-11 14:10:11,384 call_r_plant Inserted new plant: 59738
INFO 2025-03-11 14:10:11,727 call_r_plant Inserted new plant: 62052
INFO 2025-03-11 14:10:12,063 call_r_plant Inserted new plant: 58525
INFO 2025-03-11 14:10:12,414 call_r_plant Inserted new plant: 57682
INFO 2025-03-11 14:10:12,756 call_r_plant Inserted new plant: 57714
INFO 2025-03-11 14:10:13,096 call_r_plant Inserted new plant: 66667
INFO 2025-03-11 14:10:13,449 call_r_plant Inserted new plant: 59329
INFO 2025-03-11 14:10:13,796 call_r_plant Inserted new plant: 59395
INFO 2025-03-11 14:10:14,156 call_r_plant Inserted new plant: 10623
INFO 2025-03-11 14:10:14,500 call_r_plant Inserted new plant: 50128
INFO 2025-03-11 14:10:14,862 call_r_plant Inserted new plant: 56356
INFO 2025-03-11 14:10:15,205 call_r_plant Inserted new plant: 60813
INFO 2025-03-11 14:10:15,557 call_r_plant Inserted new plant: 58949
INFO 2025-03-11 14:10:15,900 call_r_plant Inserted new plant: 66469
INFO 2025-03-11 14:10:16,253 call_r_plant Inserted new plant: 66468
INFO 2025-03-11 14:10:16,595 call_r_plant Inserted new plant: 66470
INFO 2025-03-11 14:10:16,936 call_r_plant Inserted new plant: 6060
INFO 2025-03-11 14:10:17,280 call_r_plant Inserted new plant: 64323
INFO 2025-03-11 14:10:17,627 call_r_plant Inserted new plant: 52086
INFO 2025-03-11 14:10:17,974 call_r_plant Inserted new plant: 52083
INFO 2025-03-11 14:10:18,322 call_r_plant Inserted new plant: 50131
INFO 2025-03-11 14:10:18,663 call_r_plant Inserted new plant: 50750
INFO 2025-03-11 14:10:19,008 call_r_plant Inserted new plant: 58379
INFO 2025-03-11 14:10:19,352 call_r_plant Inserted new plant: 227
INFO 2025-03-11 14:10:19,695 call_r_plant Inserted new plant: 454
INFO 2025-03-11 14:10:20,035 call_r_plant Inserted new plant: 60825
INFO 2025-03-11 14:10:20,377 call_r_plant Inserted new plant: 54555
INFO 2025-03-11 14:10:20,728 call_r_plant Inserted new plant: 10661
INFO 2025-03-11 14:10:21,069 call_r_plant Inserted new plant: 59798
INFO 2025-03-11 14:10:21,408 call_r_plant Inserted new plant: 59597
INFO 2025-03-11 14:10:21,775 call_r_plant Inserted new plant: 59598
INFO 2025-03-11 14:10:22,128 call_r_plant Inserted new plant: 59979
INFO 2025-03-11 14:10:22,479 call_r_plant Inserted new plant: 56532
INFO 2025-03-11 14:10:22,818 call_r_plant Inserted new plant: 846
INFO 2025-03-11 14:10:23,166 call_r_plant Inserted new plant: 65211
INFO 2025-03-11 14:10:23,504 call_r_plant Inserted new plant: 58545
INFO 2025-03-11 14:10:23,842 call_r_plant Inserted new plant: 393
INFO 2025-03-11 14:10:24,207 call_r_plant Inserted new plant: 294
INFO 2025-03-11 14:10:24,548 call_r_plant Inserted new plant: 295
INFO 2025-03-11 14:10:24,897 call_r_plant Inserted new plant: 54299
INFO 2025-03-11 14:10:25,245 call_r_plant Inserted new plant: 54298
INFO 2025-03-11 14:10:25,580 call_r_plant Inserted new plant: 54750
INFO 2025-03-11 14:10:25,926 call_r_plant Inserted new plant: 60450
INFO 2025-03-11 14:10:26,274 call_r_plant Inserted new plant: 58374
INFO 2025-03-11 14:10:26,625 call_r_plant Inserted new plant: 59413
INFO 2025-03-11 14:10:26,973 call_r_plant Inserted new plant: 59900
INFO 2025-03-11 14:10:27,322 call_r_plant Inserted new plant: 61475
INFO 2025-03-11 14:10:27,661 call_r_plant Inserted new plant: 61476
INFO 2025-03-11 14:10:28,012 call_r_plant Inserted new plant: 61464
INFO 2025-03-11 14:10:28,366 call_r_plant Inserted new plant: 61482
INFO 2025-03-11 14:10:28,703 call_r_plant Inserted new plant: 61474
INFO 2025-03-11 14:10:29,042 call_r_plant Inserted new plant: 480
INFO 2025-03-11 14:10:29,376 call_r_plant Inserted new plant: 59638
INFO 2025-03-11 14:10:29,726 call_r_plant Inserted new plant: 59536
INFO 2025-03-11 14:10:30,068 call_r_plant Inserted new plant: 59537
INFO 2025-03-11 14:10:30,410 call_r_plant Inserted new plant: 63943
INFO 2025-03-11 14:10:30,749 call_r_plant Inserted new plant: 10875
INFO 2025-03-11 14:10:31,109 call_r_plant Inserted new plant: 10873
INFO 2025-03-11 14:10:31,455 call_r_plant Inserted new plant: 10874
INFO 2025-03-11 14:10:31,798 call_r_plant Inserted new plant: 55970
INFO 2025-03-11 14:10:32,142 call_r_plant Inserted new plant: 394
INFO 2025-03-11 14:10:32,482 call_r_plant Inserted new plant: 59087
INFO 2025-03-11 14:10:32,822 call_r_plant Inserted new plant: 59086
INFO 2025-03-11 14:10:33,163 call_r_plant Inserted new plant: 59703
INFO 2025-03-11 14:10:33,498 call_r_plant Inserted new plant: 64601
INFO 2025-03-11 14:10:33,834 call_r_plant Inserted new plant: 62242
INFO 2025-03-11 14:10:34,208 call_r_plant Inserted new plant: 10840
INFO 2025-03-11 14:10:34,547 call_r_plant Inserted new plant: 10837
INFO 2025-03-11 14:10:34,887 call_r_plant Inserted new plant: 50632
INFO 2025-03-11 14:10:35,225 call_r_plant Inserted new plant: 10707
INFO 2025-03-11 14:10:35,589 call_r_plant Inserted new plant: 229
INFO 2025-03-11 14:10:35,924 call_r_plant Inserted new plant: 483
INFO 2025-03-11 14:10:36,280 call_r_plant Inserted new plant: 58170
INFO 2025-03-11 14:10:36,618 call_r_plant Inserted new plant: 55625
INFO 2025-03-11 14:10:36,957 call_r_plant Inserted new plant: 231
INFO 2025-03-11 14:10:37,303 call_r_plant Inserted new plant: 65140
INFO 2025-03-11 14:10:37,642 call_r_plant Inserted new plant: 55084
INFO 2025-03-11 14:10:37,980 call_r_plant Inserted new plant: 58527
INFO 2025-03-11 14:10:38,314 call_r_plant Inserted new plant: 66714
INFO 2025-03-11 14:10:38,649 call_r_plant Inserted new plant: 60043
INFO 2025-03-11 14:10:38,978 call_r_plant Inserted new plant: 55512
INFO 2025-03-11 14:10:39,315 call_r_plant Inserted new plant: 52081
INFO 2025-03-11 14:10:39,655 call_r_plant Inserted new plant: 52104
INFO 2025-03-11 14:10:39,993 call_r_plant Inserted new plant: 52082
INFO 2025-03-11 14:10:40,336 call_r_plant Inserted new plant: 63486
INFO 2025-03-11 14:10:40,678 call_r_plant Inserted new plant: 63612
INFO 2025-03-11 14:10:41,032 call_r_plant Inserted new plant: 60699
INFO 2025-03-11 14:10:41,373 call_r_plant Inserted new plant: 62460
INFO 2025-03-11 14:10:41,717 call_r_plant Inserted new plant: 63419
INFO 2025-03-11 14:10:42,053 call_r_plant Inserted new plant: 58593
INFO 2025-03-11 14:10:42,397 call_r_plant Inserted new plant: 63947
INFO 2025-03-11 14:10:42,742 call_r_plant Inserted new plant: 63418
INFO 2025-03-11 14:10:43,088 call_r_plant Inserted new plant: 59746
INFO 2025-03-11 14:10:43,422 call_r_plant Inserted new plant: 54238
INFO 2025-03-11 14:10:43,759 call_r_plant Inserted new plant: 64851
INFO 2025-03-11 14:10:44,098 call_r_plant Inserted new plant: 64852
INFO 2025-03-11 14:10:44,440 call_r_plant Inserted new plant: 65364
INFO 2025-03-11 14:10:44,790 call_r_plant Inserted new plant: 232
INFO 2025-03-11 14:10:45,132 call_r_plant Inserted new plant: 7507
INFO 2025-03-11 14:10:45,478 call_r_plant Inserted new plant: 63674
INFO 2025-03-11 14:10:45,821 call_r_plant Inserted new plant: 64861
INFO 2025-03-11 14:10:46,161 call_r_plant Inserted new plant: 233
INFO 2025-03-11 14:10:46,501 call_r_plant Inserted new plant: 10632
INFO 2025-03-11 14:10:46,843 call_r_plant Inserted new plant: 58122
INFO 2025-03-11 14:10:47,192 call_r_plant Inserted new plant: 61116
INFO 2025-03-11 14:10:47,539 call_r_plant Inserted new plant: 67853
INFO 2025-03-11 14:10:47,874 call_r_plant Inserted new plant: 55333
INFO 2025-03-11 14:10:48,212 call_r_plant Inserted new plant: 64517
INFO 2025-03-11 14:10:48,549 call_r_plant Inserted new plant: 58119
INFO 2025-03-11 14:10:48,887 call_r_plant Inserted new plant: 60861
INFO 2025-03-11 14:10:49,241 call_r_plant Inserted new plant: 57959
INFO 2025-03-11 14:10:49,583 call_r_plant Inserted new plant: 64103
INFO 2025-03-11 14:10:49,931 call_r_plant Inserted new plant: 62177
INFO 2025-03-11 14:10:50,275 call_r_plant Inserted new plant: 58514
INFO 2025-03-11 14:10:50,613 call_r_plant Inserted new plant: 65987
INFO 2025-03-11 14:10:50,972 call_r_plant Inserted new plant: 65988
INFO 2025-03-11 14:10:51,314 call_r_plant Inserted new plant: 58542
INFO 2025-03-11 14:10:51,650 call_r_plant Inserted new plant: 57993
INFO 2025-03-11 14:10:52,046 call_r_plant Inserted new plant: 10300
INFO 2025-03-11 14:10:52,392 call_r_plant Inserted new plant: 436
INFO 2025-03-11 14:10:52,730 call_r_plant Inserted new plant: 6099
INFO 2025-03-11 14:10:53,073 call_r_plant Inserted new plant: 62175
INFO 2025-03-11 14:10:53,419 call_r_plant Inserted new plant: 56271
INFO 2025-03-11 14:10:53,756 call_r_plant Inserted new plant: 64622
INFO 2025-03-11 14:10:54,106 call_r_plant Inserted new plant: 7942
INFO 2025-03-11 14:10:54,459 call_r_plant Inserted new plant: 59405
INFO 2025-03-11 14:10:54,817 call_r_plant Inserted new plant: 54686
INFO 2025-03-11 14:10:55,159 call_r_plant Inserted new plant: 56791
INFO 2025-03-11 14:10:55,499 call_r_plant Inserted new plant: 10005
INFO 2025-03-11 14:10:55,835 call_r_plant Inserted new plant: 60100
INFO 2025-03-11 14:10:56,184 call_r_plant Inserted new plant: 57827
INFO 2025-03-11 14:10:56,531 call_r_plant Inserted new plant: 380
INFO 2025-03-11 14:10:56,884 call_r_plant Inserted new plant: 65200
INFO 2025-03-11 14:10:57,255 call_r_plant Inserted new plant: 62571
INFO 2025-03-11 14:10:57,609 call_r_plant Inserted new plant: 64308
INFO 2025-03-11 14:10:57,948 call_r_plant Inserted new plant: 59094
INFO 2025-03-11 14:10:58,286 call_r_plant Inserted new plant: 59095
INFO 2025-03-11 14:10:58,627 call_r_plant Inserted new plant: 59096
INFO 2025-03-11 14:10:58,965 call_r_plant Inserted new plant: 54449
INFO 2025-03-11 14:10:59,363 call_r_plant Inserted new plant: 52064
INFO 2025-03-11 14:10:59,710 call_r_plant Inserted new plant: 439
INFO 2025-03-11 14:11:00,047 call_r_plant Inserted new plant: 65177
INFO 2025-03-11 14:11:00,388 call_r_plant Inserted new plant: 56026
INFO 2025-03-11 14:11:00,724 call_r_plant Inserted new plant: 415
INFO 2025-03-11 14:11:01,065 call_r_plant Inserted new plant: 64693
INFO 2025-03-11 14:11:01,405 call_r_plant Inserted new plant: 50493
INFO 2025-03-11 14:11:01,743 call_r_plant Inserted new plant: 67432
INFO 2025-03-11 14:11:02,081 call_r_plant Inserted new plant: 65766
INFO 2025-03-11 14:11:02,420 call_r_plant Inserted new plant: 63613
INFO 2025-03-11 14:11:02,762 call_r_plant Inserted new plant: 63127
INFO 2025-03-11 14:11:03,102 call_r_plant Inserted new plant: 55935
INFO 2025-03-11 14:11:03,449 call_r_plant Inserted new plant: 585
INFO 2025-03-11 14:11:03,789 call_r_plant Inserted new plant: 385
INFO 2025-03-11 14:11:04,126 call_r_plant Inserted new plant: 386
INFO 2025-03-11 14:11:04,496 call_r_plant Inserted new plant: 387
INFO 2025-03-11 14:11:04,842 call_r_plant Inserted new plant: 314
INFO 2025-03-11 14:11:05,182 call_r_plant Inserted new plant: 235
INFO 2025-03-11 14:11:05,520 call_r_plant Inserted new plant: 236
INFO 2025-03-11 14:11:05,863 call_r_plant Inserted new plant: 60182
INFO 2025-03-11 14:11:06,205 call_r_plant Inserted new plant: 237
INFO 2025-03-11 14:11:06,547 call_r_plant Inserted new plant: 413
INFO 2025-03-11 14:11:06,887 call_r_plant Inserted new plant: 6211
INFO 2025-03-11 14:11:07,229 call_r_plant Inserted new plant: 60446
INFO 2025-03-11 14:11:07,567 call_r_plant Inserted new plant: 10776
INFO 2025-03-11 14:11:07,909 call_r_plant Inserted new plant: 59132
INFO 2025-03-11 14:11:08,257 call_r_plant Inserted new plant: 59133
INFO 2025-03-11 14:11:08,595 call_r_plant Inserted new plant: 54453
INFO 2025-03-11 14:11:08,942 call_r_plant Inserted new plant: 56814
INFO 2025-03-11 14:11:09,285 call_r_plant Inserted new plant: 64406
INFO 2025-03-11 14:11:09,636 call_r_plant Inserted new plant: 64396
INFO 2025-03-11 14:11:09,982 call_r_plant Inserted new plant: 64399
INFO 2025-03-11 14:11:10,322 call_r_plant Inserted new plant: 64397
INFO 2025-03-11 14:11:10,663 call_r_plant Inserted new plant: 64398
INFO 2025-03-11 14:11:11,014 call_r_plant Inserted new plant: 63704
INFO 2025-03-11 14:11:11,359 call_r_plant Inserted new plant: 63705
INFO 2025-03-11 14:11:11,696 call_r_plant Inserted new plant: 63708
INFO 2025-03-11 14:11:12,038 call_r_plant Inserted new plant: 64270
INFO 2025-03-11 14:11:12,382 call_r_plant Inserted new plant: 63078
INFO 2025-03-11 14:11:12,722 call_r_plant Inserted new plant: 586
INFO 2025-03-11 14:11:13,061 call_r_plant Inserted new plant: 50375
INFO 2025-03-11 14:11:13,404 call_r_plant Inserted new plant: 50820
INFO 2025-03-11 14:11:13,743 call_r_plant Inserted new plant: 50553
INFO 2025-03-11 14:11:14,091 call_r_plant Inserted new plant: 437
INFO 2025-03-11 14:11:14,431 call_r_plant Inserted new plant: 58076
INFO 2025-03-11 14:11:14,772 call_r_plant Inserted new plant: 64878
INFO 2025-03-11 14:11:15,115 call_r_plant Inserted new plant: 65674
INFO 2025-03-11 14:11:15,455 call_r_plant Inserted new plant: 64879
INFO 2025-03-11 14:11:15,797 call_r_plant Inserted new plant: 64877
INFO 2025-03-11 14:11:16,144 call_r_plant Inserted new plant: 65675
INFO 2025-03-11 14:11:16,491 call_r_plant Inserted new plant: 65676
INFO 2025-03-11 14:11:16,831 call_r_plant Inserted new plant: 64929
INFO 2025-03-11 14:11:17,176 call_r_plant Inserted new plant: 64928
INFO 2025-03-11 14:11:17,540 call_r_plant Inserted new plant: 65677
INFO 2025-03-11 14:11:17,882 call_r_plant Inserted new plant: 57001
INFO 2025-03-11 14:11:18,222 call_r_plant Inserted new plant: 60569
INFO 2025-03-11 14:11:18,563 call_r_plant Inserted new plant: 389
INFO 2025-03-11 14:11:18,904 call_r_plant Inserted new plant: 238
INFO 2025-03-11 14:11:19,242 call_r_plant Inserted new plant: 64402
INFO 2025-03-11 14:11:19,591 call_r_plant Inserted new plant: 64700
INFO 2025-03-11 14:11:19,934 call_r_plant Inserted new plant: 56707
INFO 2025-03-11 14:11:20,273 call_r_plant Inserted new plant: 330
INFO 2025-03-11 14:11:20,613 call_r_plant Inserted new plant: 10213
INFO 2025-03-11 14:11:20,971 call_r_plant Inserted new plant: 239
INFO 2025-03-11 14:11:21,312 call_r_plant Inserted new plant: 59964
INFO 2025-03-11 14:11:21,650 call_r_plant Inserted new plant: 55950
INFO 2025-03-11 14:11:21,994 call_r_plant Inserted new plant: 55400
INFO 2025-03-11 14:11:22,333 call_r_plant Inserted new plant: 62564
INFO 2025-03-11 14:11:22,673 call_r_plant Inserted new plant: 67030
INFO 2025-03-11 14:11:23,016 call_r_plant Inserted new plant: 8076
INFO 2025-03-11 14:11:23,358 call_r_plant Inserted new plant: 10634
INFO 2025-03-11 14:11:23,691 call_r_plant Inserted new plant: 10026
INFO 2025-03-11 14:11:24,030 call_r_plant Inserted new plant: 58168
INFO 2025-03-11 14:11:24,384 call_r_plant Inserted new plant: 59122
INFO 2025-03-11 14:11:24,724 call_r_plant Inserted new plant: 65210
INFO 2025-03-11 14:11:25,060 call_r_plant Inserted new plant: 50530
INFO 2025-03-11 14:11:25,407 call_r_plant Inserted new plant: 62671
INFO 2025-03-11 14:11:25,749 call_r_plant Inserted new plant: 62704
INFO 2025-03-11 14:11:26,097 call_r_plant Inserted new plant: 62702
INFO 2025-03-11 14:11:26,441 call_r_plant Inserted new plant: 62703
INFO 2025-03-11 14:11:26,798 call_r_plant Inserted new plant: 62705
INFO 2025-03-11 14:11:27,143 call_r_plant Inserted new plant: 60223
INFO 2025-03-11 14:11:27,492 call_r_plant Inserted new plant: 55538
INFO 2025-03-11 14:11:27,842 call_r_plant Inserted new plant: 60570
INFO 2025-03-11 14:11:28,180 call_r_plant Inserted new plant: 66772
INFO 2025-03-11 14:11:28,524 call_r_plant Inserted new plant: 745
INFO 2025-03-11 14:11:28,860 call_r_plant Inserted new plant: 409
INFO 2025-03-11 14:11:29,202 call_r_plant Inserted new plant: 58306
INFO 2025-03-11 14:11:29,542 call_r_plant Inserted new plant: 58761
INFO 2025-03-11 14:11:29,886 call_r_plant Inserted new plant: 58762
INFO 2025-03-11 14:11:30,227 call_r_plant Inserted new plant: 58763
INFO 2025-03-11 14:11:30,570 call_r_plant Inserted new plant: 63604
INFO 2025-03-11 14:11:30,911 call_r_plant Inserted new plant: 63607
INFO 2025-03-11 14:11:31,262 call_r_plant Inserted new plant: 50270
INFO 2025-03-11 14:11:31,603 call_r_plant Inserted new plant: 58261
INFO 2025-03-11 14:11:31,942 call_r_plant Inserted new plant: 62575
INFO 2025-03-11 14:11:32,286 call_r_plant Inserted new plant: 57201
INFO 2025-03-11 14:11:32,625 call_r_plant Inserted new plant: 57506
INFO 2025-03-11 14:11:32,973 call_r_plant Inserted new plant: 63993
INFO 2025-03-11 14:11:33,320 call_r_plant Inserted new plant: 10052
INFO 2025-03-11 14:11:33,668 call_r_plant Inserted new plant: 296
INFO 2025-03-11 14:11:34,005 call_r_plant Inserted new plant: 61365
INFO 2025-03-11 14:11:34,385 call_r_plant Inserted new plant: 59203
INFO 2025-03-11 14:11:34,730 call_r_plant Inserted new plant: 55847
INFO 2025-03-11 14:11:35,068 call_r_plant Inserted new plant: 64197
INFO 2025-03-11 14:11:35,407 call_r_plant Inserted new plant: 63994
INFO 2025-03-11 14:11:35,759 call_r_plant Inserted new plant: 64391
INFO 2025-03-11 14:11:36,100 call_r_plant Inserted new plant: 65168
INFO 2025-03-11 14:11:36,441 call_r_plant Inserted new plant: 59523
INFO 2025-03-11 14:11:36,787 call_r_plant Inserted new plant: 57498
INFO 2025-03-11 14:11:37,127 call_r_plant Inserted new plant: 441
INFO 2025-03-11 14:11:37,468 call_r_plant Inserted new plant: 61698
INFO 2025-03-11 14:11:37,833 call_r_plant Inserted new plant: 332
INFO 2025-03-11 14:11:38,180 call_r_plant Inserted new plant: 396
INFO 2025-03-11 14:11:38,520 call_r_plant Inserted new plant: 6645
INFO 2025-03-11 14:11:38,863 call_r_plant Inserted new plant: 65089
INFO 2025-03-11 14:11:39,239 call_r_plant Inserted new plant: 417
INFO 2025-03-11 14:11:39,583 call_r_plant Inserted new plant: 59651
INFO 2025-03-11 14:11:39,929 call_r_plant Inserted new plant: 50350
INFO 2025-03-11 14:11:40,273 call_r_plant Inserted new plant: 57791
INFO 2025-03-11 14:11:40,619 call_r_plant Inserted new plant: 61066
INFO 2025-03-11 14:11:40,967 call_r_plant Inserted new plant: 61442
INFO 2025-03-11 14:11:41,335 call_r_plant Inserted new plant: 58102
INFO 2025-03-11 14:11:41,679 call_r_plant Inserted new plant: 58112
INFO 2025-03-11 14:11:42,016 call_r_plant Inserted new plant: 58101
INFO 2025-03-11 14:11:42,376 call_r_plant Inserted new plant: 62654
INFO 2025-03-11 14:11:42,718 call_r_plant Inserted new plant: 57792
INFO 2025-03-11 14:11:43,059 call_r_plant Inserted new plant: 61443
INFO 2025-03-11 14:11:43,403 call_r_plant Inserted new plant: 58114
INFO 2025-03-11 14:11:43,742 call_r_plant Inserted new plant: 58113
INFO 2025-03-11 14:11:44,089 call_r_plant Inserted new plant: 57626
INFO 2025-03-11 14:11:44,433 call_r_plant Inserted new plant: 61444
INFO 2025-03-11 14:11:44,796 call_r_plant Inserted new plant: 61067
INFO 2025-03-11 14:11:45,136 call_r_plant Inserted new plant: 58104
INFO 2025-03-11 14:11:45,476 call_r_plant Inserted new plant: 58105
INFO 2025-03-11 14:11:45,815 call_r_plant Inserted new plant: 62287
INFO 2025-03-11 14:11:46,155 call_r_plant Inserted new plant: 50219
INFO 2025-03-11 14:11:46,492 call_r_plant Inserted new plant: 397
INFO 2025-03-11 14:11:46,831 call_r_plant Inserted new plant: 57809
INFO 2025-03-11 14:11:47,173 call_r_plant Inserted new plant: 60183
INFO 2025-03-11 14:11:47,521 call_r_plant Inserted new plant: 65131
INFO 2025-03-11 14:11:47,862 call_r_plant Inserted new plant: 65072
INFO 2025-03-11 14:11:48,210 call_r_plant Inserted new plant: 424
INFO 2025-03-11 14:11:48,582 call_r_plant Inserted new plant: 63420
INFO 2025-03-11 14:11:48,921 call_r_plant Inserted new plant: 10156
INFO 2025-03-11 14:11:49,261 call_r_plant Inserted new plant: 63421
INFO 2025-03-11 14:11:49,607 call_r_plant Inserted new plant: 60083
INFO 2025-03-11 14:11:49,956 call_r_plant Inserted new plant: 63422
INFO 2025-03-11 14:11:50,291 call_r_plant Inserted new plant: 50393
INFO 2025-03-11 14:11:50,639 call_r_plant Inserted new plant: 62275
INFO 2025-03-11 14:11:50,980 call_r_plant Inserted new plant: 60039
INFO 2025-03-11 14:11:51,332 call_r_plant Inserted new plant: 58320
INFO 2025-03-11 14:11:51,677 call_r_plant Inserted new plant: 57133
INFO 2025-03-11 14:11:52,044 call_r_plant Inserted new plant: 63714
INFO 2025-03-11 14:11:52,386 call_r_plant Inserted new plant: 56909
INFO 2025-03-11 14:11:52,727 call_r_plant Inserted new plant: 58528
INFO 2025-03-11 14:11:53,072 call_r_plant Inserted new plant: 57302
INFO 2025-03-11 14:11:53,409 call_r_plant Inserted new plant: 50492
INFO 2025-03-11 14:11:53,751 call_r_plant Inserted new plant: 61445
INFO 2025-03-11 14:11:54,113 call_r_plant Inserted new plant: 57892
INFO 2025-03-11 14:11:54,503 call_r_plant Inserted new plant: 63834
INFO 2025-03-11 14:11:54,845 call_r_plant Inserted new plant: 56476
INFO 2025-03-11 14:11:55,186 call_r_plant Inserted new plant: 61993
INFO 2025-03-11 14:11:55,528 call_r_plant Inserted new plant: 60844
INFO 2025-03-11 14:11:55,880 call_r_plant Inserted new plant: 60231
INFO 2025-03-11 14:11:56,221 call_r_plant Inserted new plant: 57394
INFO 2025-03-11 14:11:56,562 call_r_plant Inserted new plant: 54038
INFO 2025-03-11 14:11:56,911 call_r_plant Inserted new plant: 7368
INFO 2025-03-11 14:11:57,273 call_r_plant Inserted new plant: 7369
INFO 2025-03-11 14:11:57,620 call_r_plant Inserted new plant: 286
INFO 2025-03-11 14:11:57,961 call_r_plant Inserted new plant: 7231
INFO 2025-03-11 14:11:58,303 call_r_plant Inserted new plant: 57521
INFO 2025-03-11 14:11:58,647 call_r_plant Inserted new plant: 59522
INFO 2025-03-11 14:11:59,071 call_r_plant Inserted new plant: 65409
INFO 2025-03-11 14:11:59,417 call_r_plant Inserted new plant: 65408
INFO 2025-03-11 14:11:59,766 call_r_plant Inserted new plant: 65569
INFO 2025-03-11 14:12:00,115 call_r_plant Inserted new plant: 55810
INFO 2025-03-11 14:12:00,454 call_r_plant Inserted new plant: 58432
INFO 2025-03-11 14:12:00,795 call_r_plant Inserted new plant: 422
INFO 2025-03-11 14:12:01,158 call_r_plant Inserted new plant: 60974
INFO 2025-03-11 14:12:01,504 call_r_plant Inserted new plant: 54749
INFO 2025-03-11 14:12:01,857 call_r_plant Inserted new plant: 59328
INFO 2025-03-11 14:12:02,196 call_r_plant Inserted new plant: 63859
INFO 2025-03-11 14:12:02,544 call_r_plant Inserted new plant: 60590
INFO 2025-03-11 14:12:02,900 call_r_plant Inserted new plant: 61222
INFO 2025-03-11 14:12:03,252 call_r_plant Inserted new plant: 60049
INFO 2025-03-11 14:12:03,592 call_r_plant Inserted new plant: 57796
INFO 2025-03-11 14:12:03,938 call_r_plant Inserted new plant: 57797
INFO 2025-03-11 14:12:04,318 call_r_plant Inserted new plant: 66394
INFO 2025-03-11 14:12:04,665 call_r_plant Inserted new plant: 65568
INFO 2025-03-11 14:12:05,009 call_r_plant Inserted new plant: 55627
INFO 2025-03-11 14:12:05,356 call_r_plant Inserted new plant: 10128
INFO 2025-03-11 14:12:05,700 call_r_plant Inserted new plant: 65485
INFO 2025-03-11 14:12:06,035 call_r_plant Inserted new plant: 56472
INFO 2025-03-11 14:12:06,376 call_r_plant Inserted new plant: 58217
INFO 2025-03-11 14:12:06,722 call_r_plant Inserted new plant: 58204
INFO 2025-03-11 14:12:07,063 call_r_plant Inserted new plant: 377
INFO 2025-03-11 14:12:07,398 call_r_plant Inserted new plant: 59940
INFO 2025-03-11 14:12:07,737 call_r_plant Inserted new plant: 57849
INFO 2025-03-11 14:12:08,074 call_r_plant Inserted new plant: 57850
INFO 2025-03-11 14:12:08,429 call_r_plant Inserted new plant: 61339
INFO 2025-03-11 14:12:08,777 call_r_plant Inserted new plant: 61215
INFO 2025-03-11 14:12:09,120 call_r_plant Inserted new plant: 61216
INFO 2025-03-11 14:12:09,463 call_r_plant Inserted new plant: 55396
INFO 2025-03-11 14:12:09,806 call_r_plant Inserted new plant: 58370
INFO 2025-03-11 14:12:10,154 call_r_plant Inserted new plant: 58371
INFO 2025-03-11 14:12:10,507 call_r_plant Inserted new plant: 7338
INFO 2025-03-11 14:12:10,845 call_r_plant Inserted new plant: 67509
INFO 2025-03-11 14:12:11,192 call_r_plant Inserted new plant: 62987
INFO 2025-03-11 14:12:11,535 call_r_plant Inserted new plant: 10115
INFO 2025-03-11 14:12:11,874 call_r_plant Inserted new plant: 62690
INFO 2025-03-11 14:12:12,216 call_r_plant Inserted new plant: 57891
INFO 2025-03-11 14:12:12,560 call_r_plant Inserted new plant: 56039
INFO 2025-03-11 14:12:12,901 call_r_plant Inserted new plant: 61722
INFO 2025-03-11 14:12:13,243 call_r_plant Inserted new plant: 61723
INFO 2025-03-11 14:12:13,586 call_r_plant Inserted new plant: 61721
INFO 2025-03-11 14:12:13,929 call_r_plant Inserted new plant: 10777
INFO 2025-03-11 14:12:14,271 call_r_plant Inserted new plant: 62655
INFO 2025-03-11 14:12:14,620 call_r_plant Inserted new plant: 240
INFO 2025-03-11 14:12:14,976 call_r_plant Inserted new plant: 398
INFO 2025-03-11 14:12:15,335 call_r_plant Inserted new plant: 241
INFO 2025-03-11 14:12:15,684 call_r_plant Inserted new plant: 242
INFO 2025-03-11 14:12:16,051 call_r_plant Inserted new plant: 59300
INFO 2025-03-11 14:12:16,402 call_r_plant Inserted new plant: 55698
INFO 2025-03-11 14:12:16,746 call_r_plant Inserted new plant: 50541
INFO 2025-03-11 14:12:17,087 call_r_plant Inserted new plant: 399
INFO 2025-03-11 14:12:17,435 call_r_plant Inserted new plant: 243
INFO 2025-03-11 14:12:17,784 call_r_plant Inserted new plant: 244
INFO 2025-03-11 14:12:18,129 call_r_plant Inserted new plant: 10882
INFO 2025-03-11 14:12:18,473 call_r_plant Inserted new plant: 56654
INFO 2025-03-11 14:12:18,810 call_r_plant Inserted new plant: 400
INFO 2025-03-11 14:12:19,150 call_r_plant Inserted new plant: 10253
INFO 2025-03-11 14:12:19,501 call_r_plant Inserted new plant: 59009
INFO 2025-03-11 14:12:19,836 call_r_plant Inserted new plant: 54689
INFO 2025-03-11 14:12:20,173 call_r_plant Inserted new plant: 58398
INFO 2025-03-11 14:12:20,516 call_r_plant Inserted new plant: 59315
INFO 2025-03-11 14:12:20,862 call_r_plant Inserted new plant: 59316
INFO 2025-03-11 14:12:21,201 call_r_plant Inserted new plant: 59317
INFO 2025-03-11 14:12:21,540 call_r_plant Inserted new plant: 62889
INFO 2025-03-11 14:12:21,877 call_r_plant Inserted new plant: 57831
INFO 2025-03-11 14:12:22,226 call_r_plant Inserted new plant: 62689
INFO 2025-03-11 14:12:22,565 call_r_plant Inserted new plant: 6100
INFO 2025-03-11 14:12:22,910 call_r_plant Inserted new plant: 56275
INFO 2025-03-11 14:12:23,255 call_r_plant Inserted new plant: 60641
INFO 2025-03-11 14:12:23,598 call_r_plant Inserted new plant: 55807
INFO 2025-03-11 14:12:23,945 call_r_plant Inserted new plant: 58975
INFO 2025-03-11 14:12:24,320 call_r_plant Inserted new plant: 66492
INFO 2025-03-11 14:12:24,658 call_r_plant Inserted new plant: 59182
INFO 2025-03-11 14:12:25,009 call_r_plant Inserted new plant: 162
INFO 2025-03-11 14:12:25,349 call_r_plant Inserted new plant: 55518
INFO 2025-03-11 14:12:25,691 call_r_plant Inserted new plant: 57977
INFO 2025-03-11 14:12:26,041 call_r_plant Inserted new plant: 50495
INFO 2025-03-11 14:12:26,381 call_r_plant Inserted new plant: 56075
INFO 2025-03-11 14:12:26,728 call_r_plant Inserted new plant: 58223
INFO 2025-03-11 14:12:27,069 call_r_plant Inserted new plant: 59268
INFO 2025-03-11 14:12:27,410 call_r_plant Inserted new plant: 58300
INFO 2025-03-11 14:12:27,750 call_r_plant Inserted new plant: 58452
INFO 2025-03-11 14:12:28,094 call_r_plant Inserted new plant: 64624
INFO 2025-03-11 14:12:28,433 call_r_plant Inserted new plant: 246
INFO 2025-03-11 14:12:28,778 call_r_plant Inserted new plant: 50049
INFO 2025-03-11 14:12:29,120 call_r_plant Inserted new plant: 57523
INFO 2025-03-11 14:12:29,463 call_r_plant Inserted new plant: 60960
INFO 2025-03-11 14:12:30,065 call_r_plant Inserted new plant: 65091
INFO 2025-03-11 14:12:30,408 call_r_plant Inserted new plant: 66035
INFO 2025-03-11 14:12:30,759 call_r_plant Inserted new plant: 66039
INFO 2025-03-11 14:12:31,103 call_r_plant Inserted new plant: 58028
INFO 2025-03-11 14:12:31,445 call_r_plant Inserted new plant: 63414
INFO 2025-03-11 14:12:31,792 call_r_plant Inserted new plant: 57841
INFO 2025-03-11 14:12:32,132 call_r_plant Inserted new plant: 57840
INFO 2025-03-11 14:12:32,473 call_r_plant Inserted new plant: 61692
INFO 2025-03-11 14:12:32,816 call_r_plant Inserted new plant: 63603
INFO 2025-03-11 14:12:33,166 call_r_plant Inserted new plant: 57490
INFO 2025-03-11 14:12:33,509 call_r_plant Inserted new plant: 57491
INFO 2025-03-11 14:12:33,853 call_r_plant Inserted new plant: 59657
INFO 2025-03-11 14:12:34,204 call_r_plant Inserted new plant: 58062
INFO 2025-03-11 14:12:34,549 call_r_plant Inserted new plant: 56917
INFO 2025-03-11 14:12:34,900 call_r_plant Inserted new plant: 57895
INFO 2025-03-11 14:12:35,248 call_r_plant Inserted new plant: 50129
INFO 2025-03-11 14:12:35,591 call_r_plant Inserted new plant: 55541
INFO 2025-03-11 14:12:35,929 call_r_plant Inserted new plant: 57860
INFO 2025-03-11 14:12:36,277 call_r_plant Inserted new plant: 58609
INFO 2025-03-11 14:12:36,631 call_r_plant Inserted new plant: 248
INFO 2025-03-11 14:12:36,977 call_r_plant Inserted new plant: 58086
INFO 2025-03-11 14:12:37,320 call_r_plant Inserted new plant: 58954
INFO 2025-03-11 14:12:37,667 call_r_plant Inserted new plant: 61152
INFO 2025-03-11 14:12:38,019 call_r_plant Inserted new plant: 60224
INFO 2025-03-11 14:12:38,359 call_r_plant Inserted new plant: 297
INFO 2025-03-11 14:12:38,712 call_r_plant Inserted new plant: 58513
INFO 2025-03-11 14:12:39,057 call_r_plant Inserted new plant: 58056
INFO 2025-03-11 14:12:39,411 call_r_plant Inserted new plant: 10139
INFO 2025-03-11 14:12:39,755 call_r_plant Inserted new plant: 58307
INFO 2025-03-11 14:12:40,103 call_r_plant Inserted new plant: 57074
INFO 2025-03-11 14:12:40,441 call_r_plant Inserted new plant: 57073
INFO 2025-03-11 14:12:40,780 call_r_plant Inserted new plant: 57075
INFO 2025-03-11 14:12:41,148 call_r_plant Inserted new plant: 104
INFO 2025-03-11 14:12:41,495 call_r_plant Inserted new plant: 57101
INFO 2025-03-11 14:12:41,836 call_r_plant Inserted new plant: 58216
INFO 2025-03-11 14:12:42,186 call_r_plant Inserted new plant: 63711
INFO 2025-03-11 14:12:42,529 call_r_plant Inserted new plant: 60947
INFO 2025-03-11 14:12:42,874 call_r_plant Inserted new plant: 249
INFO 2025-03-11 14:12:43,231 call_r_plant Inserted new plant: 65965
INFO 2025-03-11 14:12:43,589 call_r_plant Inserted new plant: 431
INFO 2025-03-11 14:12:43,926 call_r_plant Inserted new plant: 63843
INFO 2025-03-11 14:12:44,274 call_r_plant Inserted new plant: 57475
INFO 2025-03-11 14:12:44,618 call_r_plant Inserted new plant: 534
INFO 2025-03-11 14:12:44,960 call_r_plant Inserted new plant: 442
INFO 2025-03-11 14:12:45,298 call_r_plant Inserted new plant: 58301
INFO 2025-03-11 14:12:45,639 call_r_plant Inserted new plant: 63712
INFO 2025-03-11 14:12:45,976 call_r_plant Inserted new plant: 63716
INFO 2025-03-11 14:12:46,323 call_r_plant Inserted new plant: 66142
INFO 2025-03-11 14:12:46,669 call_r_plant Inserted new plant: 66146
INFO 2025-03-11 14:12:47,018 call_r_plant Inserted new plant: 66148
INFO 2025-03-11 14:12:47,361 call_r_plant Inserted new plant: 62699
INFO 2025-03-11 14:12:47,703 call_r_plant Inserted new plant: 58128
INFO 2025-03-11 14:12:48,050 call_r_plant Inserted new plant: 62698
INFO 2025-03-11 14:12:48,396 call_r_plant Inserted new plant: 62701
INFO 2025-03-11 14:12:48,741 call_r_plant Inserted new plant: 58132
INFO 2025-03-11 14:12:49,079 call_r_plant Inserted new plant: 62700
INFO 2025-03-11 14:12:49,420 call_r_plant Inserted new plant: 10718
INFO 2025-03-11 14:12:49,760 call_r_plant Inserted new plant: 337
INFO 2025-03-11 14:12:50,106 call_r_plant Inserted new plant: 336
INFO 2025-03-11 14:12:50,462 call_r_plant Inserted new plant: 338
INFO 2025-03-11 14:12:50,804 call_r_plant Inserted new plant: 10042
INFO 2025-03-11 14:12:51,146 call_r_plant Inserted new plant: 62441
INFO 2025-03-11 14:12:51,489 call_r_plant Inserted new plant: 64612
INFO 2025-03-11 14:12:51,856 call_r_plant Inserted new plant: 64614
INFO 2025-03-11 14:12:52,196 call_r_plant Inserted new plant: 54654
INFO 2025-03-11 14:12:52,538 call_r_plant Inserted new plant: 59280
INFO 2025-03-11 14:12:52,876 call_r_plant Inserted new plant: 418
INFO 2025-03-11 14:12:53,211 call_r_plant Inserted new plant: 250
INFO 2025-03-11 14:12:53,550 call_r_plant Inserted new plant: 682
INFO 2025-03-11 14:12:53,901 call_r_plant Inserted new plant: 7911
INFO 2025-03-11 14:12:54,263 call_r_plant Inserted new plant: 50494
INFO 2025-03-11 14:12:54,608 call_r_plant Inserted new plant: 58100
INFO 2025-03-11 14:12:54,954 call_r_plant Inserted new plant: 340
INFO 2025-03-11 14:12:55,303 call_r_plant Inserted new plant: 339
INFO 2025-03-11 14:12:55,640 call_r_plant Inserted new plant: 10496
INFO 2025-03-11 14:12:55,978 call_r_plant Inserted new plant: 52107
INFO 2025-03-11 14:12:56,335 call_r_plant Inserted new plant: 63875
INFO 2025-03-11 14:12:56,668 call_r_plant Inserted new plant: 443
INFO 2025-03-11 14:12:57,014 call_r_plant Inserted new plant: 59098
INFO 2025-03-11 14:12:57,351 call_r_plant Inserted new plant: 59099
INFO 2025-03-11 14:12:57,691 call_r_plant Inserted new plant: 59633
INFO 2025-03-11 14:12:58,034 call_r_plant Inserted new plant: 58510
INFO 2025-03-11 14:12:58,378 call_r_plant Inserted new plant: 65199
INFO 2025-03-11 14:12:58,713 call_r_plant Inserted new plant: 55766
INFO 2025-03-11 14:12:59,137 call_r_plant Inserted new plant: 253
INFO 2025-03-11 14:12:59,476 call_r_plant Inserted new plant: 61628
INFO 2025-03-11 14:12:59,812 call_r_plant Inserted new plant: 55811
INFO 2025-03-11 14:13:00,144 call_r_plant Inserted new plant: 10294
INFO 2025-03-11 14:13:00,493 call_r_plant Inserted new plant: 59868
INFO 2025-03-11 14:13:00,829 call_r_plant Inserted new plant: 60091
INFO 2025-03-11 14:13:01,172 call_r_plant Inserted new plant: 6518
INFO 2025-03-11 14:13:01,513 call_r_plant Inserted new plant: 254
INFO 2025-03-11 14:13:01,854 call_r_plant Inserted new plant: 65033
INFO 2025-03-11 14:13:02,215 call_r_plant Inserted new plant: 10405
INFO 2025-03-11 14:13:02,554 call_r_plant Inserted new plant: 58304
INFO 2025-03-11 14:13:02,902 call_r_plant Inserted new plant: 57009
INFO 2025-03-11 14:13:03,240 call_r_plant Inserted new plant: 63758
INFO 2025-03-11 14:13:03,574 call_r_plant Inserted new plant: 56295
INFO 2025-03-11 14:13:03,914 call_r_plant Inserted new plant: 10720
INFO 2025-03-11 14:13:04,263 call_r_plant Inserted new plant: 57836
INFO 2025-03-11 14:13:04,598 call_r_plant Inserted new plant: 63614
INFO 2025-03-11 14:13:04,945 call_r_plant Inserted new plant: 440
INFO 2025-03-11 14:13:05,295 call_r_plant Inserted new plant: 58118
INFO 2025-03-11 14:13:05,632 call_r_plant Inserted new plant: 55151
INFO 2025-03-11 14:13:05,976 call_r_plant Inserted new plant: 63527
INFO 2025-03-11 14:13:06,320 call_r_plant Inserted new plant: 63623
INFO 2025-03-11 14:13:06,658 call_r_plant Inserted new plant: 58960
INFO 2025-03-11 14:13:07,012 call_r_plant Inserted new plant: 7987
INFO 2025-03-11 14:13:07,368 call_r_plant Inserted new plant: 66242
INFO 2025-03-11 14:13:07,709 call_r_plant Inserted new plant: 64676
INFO 2025-03-11 14:13:08,046 call_r_plant Inserted new plant: 57729
INFO 2025-03-11 14:13:08,388 call_r_plant Inserted new plant: 6644
INFO 2025-03-11 14:13:08,732 call_r_plant Inserted new plant: 7489
INFO 2025-03-11 14:13:09,074 call_r_plant Inserted new plant: 55626
INFO 2025-03-11 14:13:09,418 call_r_plant Inserted new plant: 62056
INFO 2025-03-11 14:13:09,767 call_r_plant Inserted new plant: 66050
INFO 2025-03-11 14:13:10,116 call_r_plant Inserted new plant: 58634
INFO 2025-03-11 14:13:10,459 call_r_plant Inserted new plant: 58750
INFO 2025-03-11 14:13:10,796 call_r_plant Inserted new plant: 59262
INFO 2025-03-11 14:13:11,144 call_r_plant Inserted new plant: 59167
INFO 2025-03-11 14:13:11,488 call_r_plant Inserted new plant: 59169
INFO 2025-03-11 14:13:11,835 call_r_plant Inserted new plant: 59739
INFO 2025-03-11 14:13:12,172 call_r_plant Inserted new plant: 65464
INFO 2025-03-11 14:13:12,518 call_r_plant Inserted new plant: 55542
INFO 2025-03-11 14:13:12,866 call_r_plant Inserted new plant: 64264
INFO 2025-03-11 14:13:13,216 call_r_plant Inserted new plant: 58963
INFO 2025-03-11 14:13:13,558 call_r_plant Inserted new plant: 61792
INFO 2025-03-11 14:13:13,908 call_r_plant Inserted new plant: 64701
INFO 2025-03-11 14:13:14,262 call_r_plant Inserted new plant: 60142
INFO 2025-03-11 14:13:14,605 call_r_plant Inserted new plant: 62274
INFO 2025-03-11 14:13:14,955 call_r_plant Inserted new plant: 66145
INFO 2025-03-11 14:13:15,304 call_r_plant Inserted new plant: 59279
INFO 2025-03-11 14:13:15,641 call_r_plant Inserted new plant: 58302
INFO 2025-03-11 14:13:15,986 call_r_plant Inserted new plant: 255
INFO 2025-03-11 14:13:16,326 call_r_plant Inserted new plant: 57988
INFO 2025-03-11 14:13:16,669 call_r_plant Inserted new plant: 65382
INFO 2025-03-11 14:13:17,007 call_r_plant Inserted new plant: 60060
INFO 2025-03-11 14:13:17,354 call_r_plant Inserted new plant: 60984
INFO 2025-03-11 14:13:17,711 call_r_plant Inserted new plant: 50148
INFO 2025-03-11 14:13:18,049 call_r_plant Inserted new plant: 58308
INFO 2025-03-11 14:13:18,390 call_r_plant Inserted new plant: 62463
INFO 2025-03-11 14:13:18,725 call_r_plant Inserted new plant: 62464
INFO 2025-03-11 14:13:19,066 call_r_plant Inserted new plant: 62465
INFO 2025-03-11 14:13:19,414 call_r_plant Inserted new plant: 59870
INFO 2025-03-11 14:13:19,754 call_r_plant Inserted new plant: 60026
INFO 2025-03-11 14:13:20,095 call_r_plant Inserted new plant: 54768
INFO 2025-03-11 14:13:20,434 call_r_plant Inserted new plant: 66699
INFO 2025-03-11 14:13:20,786 call_r_plant Inserted new plant: 10444
INFO 2025-03-11 14:13:21,134 call_r_plant Inserted new plant: 7451
INFO 2025-03-11 14:13:21,472 call_r_plant Inserted new plant: 57978
INFO 2025-03-11 14:13:21,811 call_r_plant Inserted new plant: 10206
INFO 2025-03-11 14:13:22,152 call_r_plant Inserted new plant: 67512
INFO 2025-03-11 14:13:22,490 call_r_plant Inserted new plant: 58417
INFO 2025-03-11 14:13:22,834 call_r_plant Inserted new plant: 59237
INFO 2025-03-11 14:13:23,174 call_r_plant Inserted new plant: 63615
INFO 2025-03-11 14:13:23,516 call_r_plant Inserted new plant: 341
INFO 2025-03-11 14:13:23,867 call_r_plant Inserted new plant: 60485
INFO 2025-03-11 14:13:24,214 call_r_plant Inserted new plant: 432
INFO 2025-03-11 14:13:24,553 call_r_plant Inserted new plant: 57314
INFO 2025-03-11 14:13:24,905 call_r_plant Inserted new plant: 54451
INFO 2025-03-11 14:13:25,242 call_r_plant Inserted new plant: 55748
INFO 2025-03-11 14:13:25,584 call_r_plant Inserted new plant: 55217
INFO 2025-03-11 14:13:25,927 call_r_plant Inserted new plant: 10708
INFO 2025-03-11 14:13:26,265 call_r_plant Inserted new plant: 52077
INFO 2025-03-11 14:13:26,603 call_r_plant Inserted new plant: 66733
INFO 2025-03-11 14:13:26,939 call_r_plant Inserted new plant: 58711
INFO 2025-03-11 14:13:27,293 call_r_plant Inserted new plant: 365
INFO 2025-03-11 14:13:27,629 call_r_plant Inserted new plant: 64909
INFO 2025-03-11 14:13:27,974 call_r_plant Inserted new plant: 63685
INFO 2025-03-11 14:13:28,320 call_r_plant Inserted new plant: 342
INFO 2025-03-11 14:13:28,661 call_r_plant Inserted new plant: 58914
INFO 2025-03-11 14:13:29,009 call_r_plant Inserted new plant: 55161
INFO 2025-03-11 14:13:29,352 call_r_plant Inserted new plant: 55094
INFO 2025-03-11 14:13:29,691 call_r_plant Inserted new plant: 55160
INFO 2025-03-11 14:13:30,040 call_r_plant Inserted new plant: 54015
INFO 2025-03-11 14:13:30,381 call_r_plant Inserted new plant: 54567
INFO 2025-03-11 14:13:30,721 call_r_plant Inserted new plant: 58451
INFO 2025-03-11 14:13:31,062 call_r_plant Inserted new plant: 57308
INFO 2025-03-11 14:13:31,402 call_r_plant Inserted new plant: 59409
INFO 2025-03-11 14:13:31,737 call_r_plant Inserted new plant: 61421
INFO 2025-03-11 14:13:32,072 call_r_plant Inserted new plant: 58522
INFO 2025-03-11 14:13:32,406 call_r_plant Inserted new plant: 56046
INFO 2025-03-11 14:13:32,744 call_r_plant Inserted new plant: 56239
INFO 2025-03-11 14:13:33,086 call_r_plant Inserted new plant: 56041
INFO 2025-03-11 14:13:33,418 call_r_plant Inserted new plant: 62688
INFO 2025-03-11 14:13:33,764 call_r_plant Inserted new plant: 10480
INFO 2025-03-11 14:13:34,104 call_r_plant Inserted new plant: 10481
INFO 2025-03-11 14:13:34,441 call_r_plant Inserted new plant: 10479
INFO 2025-03-11 14:13:34,798 call_r_plant Inserted new plant: 344
INFO 2025-03-11 14:13:35,134 call_r_plant Inserted new plant: 61115
INFO 2025-03-11 14:13:35,469 call_r_plant Inserted new plant: 57484
INFO 2025-03-11 14:13:35,804 call_r_plant Inserted new plant: 10342
INFO 2025-03-11 14:13:36,141 call_r_plant Inserted new plant: 57005
INFO 2025-03-11 14:13:36,496 call_r_plant Inserted new plant: 59607
INFO 2025-03-11 14:13:36,832 call_r_plant Inserted new plant: 61013
INFO 2025-03-11 14:13:37,171 call_r_plant Inserted new plant: 10748
INFO 2025-03-11 14:13:37,531 call_r_plant Inserted new plant: 64837
INFO 2025-03-11 14:13:37,867 call_r_plant Inserted new plant: 57483
INFO 2025-03-11 14:13:38,201 call_r_plant Inserted new plant: 57267
INFO 2025-03-11 14:13:38,536 call_r_plant Inserted new plant: 54912
INFO 2025-03-11 14:13:38,867 call_r_plant Inserted new plant: 52063
INFO 2025-03-11 14:13:39,197 call_r_plant Inserted new plant: 64104
INFO 2025-03-11 14:13:39,537 call_r_plant Inserted new plant: 64105
INFO 2025-03-11 14:13:39,868 call_r_plant Inserted new plant: 64106
INFO 2025-03-11 14:13:40,204 call_r_plant Inserted new plant: 62178
INFO 2025-03-11 14:13:40,545 call_r_plant Inserted new plant: 59802
INFO 2025-03-11 14:13:40,876 call_r_plant Inserted new plant: 535
INFO 2025-03-11 14:13:41,241 call_r_plant Inserted new plant: 151
INFO 2025-03-11 14:13:41,574 call_r_plant Inserted new plant: 58462
INFO 2025-03-11 14:13:41,913 call_r_plant Inserted new plant: 56471
INFO 2025-03-11 14:13:42,246 call_r_plant Inserted new plant: 52076
INFO 2025-03-11 14:13:42,595 call_r_plant Inserted new plant: 50612
INFO 2025-03-11 14:13:42,946 call_r_plant Inserted new plant: 410
INFO 2025-03-11 14:13:43,283 call_r_plant Inserted new plant: 63361
INFO 2025-03-11 14:13:43,620 call_r_plant Inserted new plant: 61420
INFO 2025-03-11 14:13:43,965 call_r_plant Inserted new plant: 258
INFO 2025-03-11 14:13:44,314 call_r_plant Inserted new plant: 59265
INFO 2025-03-11 14:13:44,658 call_r_plant Inserted new plant: 57982
INFO 2025-03-11 14:13:44,993 call_r_plant Inserted new plant: 50363
INFO 2025-03-11 14:13:45,337 call_r_plant Inserted new plant: 55393
INFO 2025-03-11 14:13:45,682 call_r_plant Inserted new plant: 57313
INFO 2025-03-11 14:13:46,018 call_r_plant Inserted new plant: 62459
INFO 2025-03-11 14:13:46,365 call_r_plant Inserted new plant: 10501
INFO 2025-03-11 14:13:46,712 call_r_plant Inserted new plant: 425
INFO 2025-03-11 14:13:47,052 call_r_plant Inserted new plant: 401
INFO 2025-03-11 14:13:47,391 call_r_plant Inserted new plant: 56639
INFO 2025-03-11 14:13:47,734 call_r_plant Inserted new plant: 60336
INFO 2025-03-11 14:13:48,074 call_r_plant Inserted new plant: 60237
INFO 2025-03-11 14:13:48,413 call_r_plant Inserted new plant: 60315
INFO 2025-03-11 14:13:48,754 call_r_plant Inserted new plant: 52169
INFO 2025-03-11 14:13:49,103 call_r_plant Inserted new plant: 7147
INFO 2025-03-11 14:13:49,445 call_r_plant Inserted new plant: 58698
INFO 2025-03-11 14:13:49,788 call_r_plant Inserted new plant: 60661
INFO 2025-03-11 14:13:50,137 call_r_plant Inserted new plant: 56473
INFO 2025-03-11 14:13:50,477 call_r_plant Inserted new plant: 56232
INFO 2025-03-11 14:13:50,843 call_r_plant Inserted new plant: 62697
INFO 2025-03-11 14:13:51,184 call_r_plant Inserted new plant: 59267
INFO 2025-03-11 14:13:51,523 call_r_plant Inserted new plant: 59411
INFO 2025-03-11 14:13:51,904 call_r_plant Inserted new plant: 381
INFO 2025-03-11 14:13:52,241 call_r_plant Inserted new plant: 751
INFO 2025-03-11 14:13:52,583 call_r_plant Inserted new plant: 50821
INFO 2025-03-11 14:13:52,921 call_r_plant Inserted new plant: 67093
INFO 2025-03-11 14:13:53,259 call_r_plant Inserted new plant: 52142
INFO 2025-03-11 14:13:53,603 call_r_plant Inserted new plant: 7072
INFO 2025-03-11 14:13:53,941 call_r_plant Inserted new plant: 57331
INFO 2025-03-11 14:13:54,335 call_r_plant Inserted new plant: 54951
INFO 2025-03-11 14:13:54,669 call_r_plant Inserted new plant: 58633
INFO 2025-03-11 14:13:55,008 call_r_plant Inserted new plant: 57701
INFO 2025-03-11 14:13:55,348 call_r_plant Inserted new plant: 55009
INFO 2025-03-11 14:13:55,688 call_r_plant Inserted new plant: 7646
INFO 2025-03-11 14:13:56,036 call_r_plant Inserted new plant: 63514
INFO 2025-03-11 14:13:56,384 call_r_plant Inserted new plant: 60007
INFO 2025-03-11 14:13:56,727 call_r_plant Inserted new plant: 59942
INFO 2025-03-11 14:13:57,056 call_r_plant Inserted new plant: 260
INFO 2025-03-11 14:13:57,405 call_r_plant Inserted new plant: 61353
INFO 2025-03-11 14:13:57,741 call_r_plant Inserted new plant: 61202
INFO 2025-03-11 14:13:58,079 call_r_plant Inserted new plant: 55719
INFO 2025-03-11 14:13:58,416 call_r_plant Inserted new plant: 56112
INFO 2025-03-11 14:13:58,749 call_r_plant Inserted new plant: 57459
INFO 2025-03-11 14:13:59,171 call_r_plant Inserted new plant: 358
INFO 2025-03-11 14:13:59,510 call_r_plant Inserted new plant: 54626
INFO 2025-03-11 14:13:59,852 call_r_plant Inserted new plant: 10458
INFO 2025-03-11 14:14:00,195 call_r_plant Inserted new plant: 50674
INFO 2025-03-11 14:14:00,535 call_r_plant Inserted new plant: 60412
INFO 2025-03-11 14:14:00,870 call_r_plant Inserted new plant: 261
INFO 2025-03-11 14:14:01,234 call_r_plant Inserted new plant: 57833
INFO 2025-03-11 14:14:01,574 call_r_plant Inserted new plant: 62015
INFO 2025-03-11 14:14:01,916 call_r_plant Inserted new plant: 7449
INFO 2025-03-11 14:14:02,258 call_r_plant Inserted new plant: 60516
INFO 2025-03-11 14:14:02,600 call_r_plant Inserted new plant: 50352
INFO 2025-03-11 14:14:02,936 call_r_plant Inserted new plant: 455
INFO 2025-03-11 14:14:03,289 call_r_plant Inserted new plant: 262
INFO 2025-03-11 14:14:03,628 call_r_plant Inserted new plant: 61894
INFO 2025-03-11 14:14:03,971 call_r_plant Inserted new plant: 58610
INFO 2025-03-11 14:14:04,316 call_r_plant Inserted new plant: 57764
INFO 2025-03-11 14:14:04,656 call_r_plant Inserted new plant: 50963
INFO 2025-03-11 14:14:05,002 call_r_plant Inserted new plant: 50223
INFO 2025-03-11 14:14:05,341 call_r_plant Inserted new plant: 50755
INFO 2025-03-11 14:14:05,681 call_r_plant Inserted new plant: 6158
INFO 2025-03-11 14:14:06,017 call_r_plant Inserted new plant: 10427
INFO 2025-03-11 14:14:06,357 call_r_plant Inserted new plant: 58226
INFO 2025-03-11 14:14:06,698 call_r_plant Inserted new plant: 632
INFO 2025-03-11 14:14:07,048 call_r_plant Inserted new plant: 60981
INFO 2025-03-11 14:14:07,397 call_r_plant Inserted new plant: 65652
INFO 2025-03-11 14:14:07,737 call_r_plant Inserted new plant: 63363
INFO 2025-03-11 14:14:08,087 call_r_plant Inserted new plant: 58034
INFO 2025-03-11 14:14:08,418 call_r_plant Inserted new plant: 59600
INFO 2025-03-11 14:14:08,778 call_r_plant Inserted new plant: 56569
INFO 2025-03-11 14:14:09,115 call_r_plant Inserted new plant: 444
INFO 2025-03-11 14:14:09,457 call_r_plant Inserted new plant: 59652
INFO 2025-03-11 14:14:09,806 call_r_plant Inserted new plant: 58748
INFO 2025-03-11 14:14:10,160 call_r_plant Inserted new plant: 56832
INFO 2025-03-11 14:14:10,509 call_r_plant Inserted new plant: 66208
INFO 2025-03-11 14:14:10,897 call_r_plant Inserted new plant: 60571
INFO 2025-03-11 14:14:11,261 call_r_plant Inserted new plant: 57854
INFO 2025-03-11 14:14:11,596 call_r_plant Inserted new plant: 63651
INFO 2025-03-11 14:14:11,935 call_r_plant Inserted new plant: 59962
INFO 2025-03-11 14:14:12,279 call_r_plant Inserted new plant: 52078
INFO 2025-03-11 14:14:12,621 call_r_plant Inserted new plant: 57743
INFO 2025-03-11 14:14:12,957 call_r_plant Inserted new plant: 57722
INFO 2025-03-11 14:14:13,297 call_r_plant Inserted new plant: 59879
INFO 2025-03-11 14:14:13,641 call_r_plant Inserted new plant: 58154
INFO 2025-03-11 14:14:13,981 call_r_plant Inserted new plant: 58713
INFO 2025-03-11 14:14:14,317 call_r_plant Inserted new plant: 50831
INFO 2025-03-11 14:14:14,653 call_r_plant Inserted new plant: 58448
INFO 2025-03-11 14:14:14,994 call_r_plant Inserted new plant: 63616
INFO 2025-03-11 14:14:15,337 call_r_plant Inserted new plant: 65229
INFO 2025-03-11 14:14:15,683 call_r_plant Inserted new plant: 50850
INFO 2025-03-11 14:14:16,020 call_r_plant Inserted new plant: 446
INFO 2025-03-11 14:14:16,363 call_r_plant Inserted new plant: 50754
INFO 2025-03-11 14:14:16,710 call_r_plant Inserted new plant: 626
INFO 2025-03-11 14:14:17,046 call_r_plant Inserted new plant: 58376
INFO 2025-03-11 14:14:17,384 call_r_plant Inserted new plant: 63941
INFO 2025-03-11 14:14:17,716 call_r_plant Inserted new plant: 56302
INFO 2025-03-11 14:14:18,055 call_r_plant Inserted new plant: 65735
INFO 2025-03-11 14:14:18,398 call_r_plant Inserted new plant: 65734
INFO 2025-03-11 14:14:18,739 call_r_plant Inserted new plant: 57311
INFO 2025-03-11 14:14:19,088 call_r_plant Inserted new plant: 57514
INFO 2025-03-11 14:14:19,441 call_r_plant Inserted new plant: 65820
INFO 2025-03-11 14:14:19,780 call_r_plant Inserted new plant: 6013
INFO 2025-03-11 14:14:20,126 call_r_plant Inserted new plant: 10884
INFO 2025-03-11 14:14:20,468 call_r_plant Inserted new plant: 50180
INFO 2025-03-11 14:14:20,820 call_r_plant Inserted new plant: 58581
INFO 2025-03-11 14:14:21,161 call_r_plant Inserted new plant: 58582
INFO 2025-03-11 14:14:21,505 call_r_plant Inserted new plant: 58607
INFO 2025-03-11 14:14:21,844 call_r_plant Inserted new plant: 61419
INFO 2025-03-11 14:14:22,191 call_r_plant Inserted new plant: 65614
INFO 2025-03-11 14:14:22,532 call_r_plant Inserted new plant: 62497
INFO 2025-03-11 14:14:22,869 call_r_plant Inserted new plant: 62499
INFO 2025-03-11 14:14:23,212 call_r_plant Inserted new plant: 56914
INFO 2025-03-11 14:14:23,567 call_r_plant Inserted new plant: 58718
INFO 2025-03-11 14:14:23,905 call_r_plant Inserted new plant: 58721
INFO 2025-03-11 14:14:24,263 call_r_plant Inserted new plant: 50766
INFO 2025-03-11 14:14:24,610 call_r_plant Inserted new plant: 54724
INFO 2025-03-11 14:14:24,944 call_r_plant Inserted new plant: 10763
INFO 2025-03-11 14:14:25,277 call_r_plant Inserted new plant: 350
INFO 2025-03-11 14:14:25,638 call_r_plant Inserted new plant: 59915
INFO 2025-03-11 14:14:25,973 call_r_plant Inserted new plant: 54477
INFO 2025-03-11 14:14:26,317 call_r_plant Inserted new plant: 60567
INFO 2025-03-11 14:14:26,660 call_r_plant Inserted new plant: 55345
INFO 2025-03-11 14:14:26,995 call_r_plant Inserted new plant: 58612
INFO 2025-03-11 14:14:27,367 call_r_plant Inserted new plant: 60953
INFO 2025-03-11 14:14:27,702 call_r_plant Inserted new plant: 426
INFO 2025-03-11 14:14:28,046 call_r_plant Inserted new plant: 50464
INFO 2025-03-11 14:14:28,392 call_r_plant Inserted new plant: 57585
INFO 2025-03-11 14:14:28,728 call_r_plant Inserted new plant: 50224
INFO 2025-03-11 14:14:29,074 call_r_plant Inserted new plant: 59456
INFO 2025-03-11 14:14:29,407 call_r_plant Inserted new plant: 50849
INFO 2025-03-11 14:14:29,754 call_r_plant Inserted new plant: 62611
INFO 2025-03-11 14:14:30,094 call_r_plant Inserted new plant: 65707
INFO 2025-03-11 14:14:30,431 call_r_plant Inserted new plant: 65706
INFO 2025-03-11 14:14:30,771 call_r_plant Inserted new plant: 66188
INFO 2025-03-11 14:14:31,110 call_r_plant Inserted new plant: 66189
INFO 2025-03-11 14:14:31,451 call_r_plant Inserted new plant: 60760
INFO 2025-03-11 14:14:31,792 call_r_plant Inserted new plant: 58085
INFO 2025-03-11 14:14:32,137 call_r_plant Inserted new plant: 63493
INFO 2025-03-11 14:14:32,470 call_r_plant Inserted new plant: 60790
INFO 2025-03-11 14:14:32,805 call_r_plant Inserted new plant: 57309
INFO 2025-03-11 14:14:33,141 call_r_plant Inserted new plant: 61989
INFO 2025-03-11 14:14:33,571 call_r_plant Inserted new plant: 61795
INFO 2025-03-11 14:14:33,920 call_r_plant Inserted new plant: 57757
INFO 2025-03-11 14:14:34,256 call_r_plant Inserted new plant: 50560
INFO 2025-03-11 14:14:34,607 call_r_plant Inserted new plant: 50533
INFO 2025-03-11 14:14:34,943 call_r_plant Inserted new plant: 60566
INFO 2025-03-11 14:14:35,281 call_r_plant Inserted new plant: 57773
INFO 2025-03-11 14:14:35,658 call_r_plant Inserted new plant: 55985
INFO 2025-03-11 14:14:36,013 call_r_plant Inserted new plant: 56803
INFO 2025-03-11 14:14:36,351 call_r_plant Inserted new plant: 57340
INFO 2025-03-11 14:14:36,725 call_r_plant Inserted new plant: 58058
INFO 2025-03-11 14:14:37,066 call_r_plant Inserted new plant: 376
INFO 2025-03-11 14:14:37,417 call_r_plant Inserted new plant: 59539
INFO 2025-03-11 14:14:37,755 call_r_plant Inserted new plant: 428
INFO 2025-03-11 14:14:38,095 call_r_plant Inserted new plant: 447
INFO 2025-03-11 14:14:38,446 call_r_plant Inserted new plant: 58198
INFO 2025-03-11 14:14:38,776 call_r_plant Inserted new plant: 55656
INFO 2025-03-11 14:14:39,111 call_r_plant Inserted new plant: 6704
INFO 2025-03-11 14:14:39,451 call_r_plant Inserted new plant: 481
INFO 2025-03-11 14:14:39,794 call_r_plant Inserted new plant: 63376
INFO 2025-03-11 14:14:40,133 call_r_plant Inserted new plant: 50388
INFO 2025-03-11 14:14:40,470 call_r_plant Inserted new plant: 50119
INFO 2025-03-11 14:14:40,812 call_r_plant Inserted new plant: 264
INFO 2025-03-11 14:14:41,168 call_r_plant Inserted new plant: 55339
INFO 2025-03-11 14:14:41,514 call_r_plant Inserted new plant: 58248
INFO 2025-03-11 14:14:41,849 call_r_plant Inserted new plant: 388
INFO 2025-03-11 14:14:42,187 call_r_plant Inserted new plant: 7907
INFO 2025-03-11 14:14:42,531 call_r_plant Inserted new plant: 57306
INFO 2025-03-11 14:14:42,867 call_r_plant Inserted new plant: 56433
INFO 2025-03-11 14:14:43,224 call_r_plant Inserted new plant: 57834
INFO 2025-03-11 14:14:43,590 call_r_plant Inserted new plant: 57837
INFO 2025-03-11 14:14:43,933 call_r_plant Inserted new plant: 57555
INFO 2025-03-11 14:14:44,317 call_r_plant Inserted new plant: 265
INFO 2025-03-11 14:14:44,654 call_r_plant Inserted new plant: 266
INFO 2025-03-11 14:14:44,995 call_r_plant Inserted new plant: 267
INFO 2025-03-11 14:14:45,334 call_r_plant Inserted new plant: 268
INFO 2025-03-11 14:14:45,675 call_r_plant Inserted new plant: 269
INFO 2025-03-11 14:14:46,014 call_r_plant Inserted new plant: 270
INFO 2025-03-11 14:14:46,360 call_r_plant Inserted new plant: 59803
INFO 2025-03-11 14:14:46,700 call_r_plant Inserted new plant: 50696
INFO 2025-03-11 14:14:47,042 call_r_plant Inserted new plant: 52099
INFO 2025-03-11 14:14:47,376 call_r_plant Inserted new plant: 402
INFO 2025-03-11 14:14:47,736 call_r_plant Inserted new plant: 272
INFO 2025-03-11 14:14:48,070 call_r_plant Inserted new plant: 63482
INFO 2025-03-11 14:14:48,412 call_r_plant Inserted new plant: 10709
INFO 2025-03-11 14:14:48,753 call_r_plant Inserted new plant: 353
INFO 2025-03-11 14:14:49,094 call_r_plant Inserted new plant: 61319
INFO 2025-03-11 14:14:49,428 call_r_plant Inserted new plant: 354
INFO 2025-03-11 14:14:49,778 call_r_plant Inserted new plant: 60310
INFO 2025-03-11 14:14:50,115 call_r_plant Inserted new plant: 60311
INFO 2025-03-11 14:14:50,450 call_r_plant Inserted new plant: 59219
INFO 2025-03-11 14:14:50,789 call_r_plant Inserted new plant: 58309
INFO 2025-03-11 14:14:51,128 call_r_plant Inserted new plant: 59952
INFO 2025-03-11 14:14:51,475 call_r_plant Inserted new plant: 274
INFO 2025-03-11 14:14:51,867 call_r_plant Inserted new plant: 57696
INFO 2025-03-11 14:14:52,213 call_r_plant Inserted new plant: 58611
INFO 2025-03-11 14:14:52,555 call_r_plant Inserted new plant: 64846
INFO 2025-03-11 14:14:52,897 call_r_plant Inserted new plant: 62578
INFO 2025-03-11 14:14:53,242 call_r_plant Inserted new plant: 7551
INFO 2025-03-11 14:14:53,584 call_r_plant Inserted new plant: 64600
INFO 2025-03-11 14:14:53,926 call_r_plant Inserted new plant: 10472
INFO 2025-03-11 14:14:54,270 call_r_plant Inserted new plant: 59322
INFO 2025-03-11 14:14:54,612 call_r_plant Inserted new plant: 59550
INFO 2025-03-11 14:14:54,952 call_r_plant Inserted new plant: 66088
INFO 2025-03-11 14:14:55,297 call_r_plant Inserted new plant: 59457
INFO 2025-03-11 14:14:55,640 call_r_plant Inserted new plant: 59339
INFO 2025-03-11 14:14:55,991 call_r_plant Inserted new plant: 382
INFO 2025-03-11 14:14:56,343 call_r_plant Inserted new plant: 50147
INFO 2025-03-11 14:14:56,692 call_r_plant Inserted new plant: 60426
INFO 2025-03-11 14:14:57,038 call_r_plant Inserted new plant: 58984
INFO 2025-03-11 14:14:57,372 call_r_plant Inserted new plant: 59976
INFO 2025-03-11 14:14:57,711 call_r_plant Inserted new plant: 59977
INFO 2025-03-11 14:14:58,050 call_r_plant Inserted new plant: 60389
INFO 2025-03-11 14:14:58,385 call_r_plant Inserted new plant: 57783
INFO 2025-03-11 14:14:58,732 call_r_plant Inserted new plant: 57784
INFO 2025-03-11 14:14:59,213 call_r_plant Inserted new plant: 57785
INFO 2025-03-11 14:14:59,548 call_r_plant Inserted new plant: 58983
INFO 2025-03-11 14:14:59,889 call_r_plant Inserted new plant: 58502
INFO 2025-03-11 14:15:00,241 call_r_plant Inserted new plant: 58990
INFO 2025-03-11 14:15:00,601 call_r_plant Inserted new plant: 57777
INFO 2025-03-11 14:15:00,950 call_r_plant Inserted new plant: 57779
INFO 2025-03-11 14:15:01,311 call_r_plant Inserted new plant: 57781
INFO 2025-03-11 14:15:01,662 call_r_plant Inserted new plant: 57806
INFO 2025-03-11 14:15:02,003 call_r_plant Inserted new plant: 60233
INFO 2025-03-11 14:15:02,345 call_r_plant Inserted new plant: 60386
INFO 2025-03-11 14:15:02,680 call_r_plant Inserted new plant: 61446
INFO 2025-03-11 14:15:03,020 call_r_plant Inserted new plant: 61447
INFO 2025-03-11 14:15:03,357 call_r_plant Inserted new plant: 61448
INFO 2025-03-11 14:15:03,694 call_r_plant Inserted new plant: 61449
INFO 2025-03-11 14:15:04,027 call_r_plant Inserted new plant: 57778
INFO 2025-03-11 14:15:04,371 call_r_plant Inserted new plant: 57780
INFO 2025-03-11 14:15:04,707 call_r_plant Inserted new plant: 57782
INFO 2025-03-11 14:15:05,054 call_r_plant Inserted new plant: 58985
INFO 2025-03-11 14:15:05,383 call_r_plant Inserted new plant: 58148
INFO 2025-03-11 14:15:05,745 call_r_plant Inserted new plant: 58991
INFO 2025-03-11 14:15:06,106 call_r_plant Inserted new plant: 57816
INFO 2025-03-11 14:15:06,468 call_r_plant Inserted new plant: 57817
INFO 2025-03-11 14:15:06,806 call_r_plant Inserted new plant: 57818
INFO 2025-03-11 14:15:07,143 call_r_plant Inserted new plant: 57819
INFO 2025-03-11 14:15:07,480 call_r_plant Inserted new plant: 57820
INFO 2025-03-11 14:15:07,828 call_r_plant Inserted new plant: 57821
INFO 2025-03-11 14:15:08,168 call_r_plant Inserted new plant: 59150
INFO 2025-03-11 14:15:08,506 call_r_plant Inserted new plant: 58986
INFO 2025-03-11 14:15:08,844 call_r_plant Inserted new plant: 58500
INFO 2025-03-11 14:15:09,181 call_r_plant Inserted new plant: 58498
INFO 2025-03-11 14:15:09,517 call_r_plant Inserted new plant: 58499
INFO 2025-03-11 14:15:09,855 call_r_plant Inserted new plant: 59939
INFO 2025-03-11 14:15:10,195 call_r_plant Inserted new plant: 58202
INFO 2025-03-11 14:15:10,538 call_r_plant Inserted new plant: 63455
INFO 2025-03-11 14:15:10,885 call_r_plant Inserted new plant: 61824
INFO 2025-03-11 14:15:11,229 call_r_plant Inserted new plant: 64630
INFO 2025-03-11 14:15:11,568 call_r_plant Inserted new plant: 58354
INFO 2025-03-11 14:15:11,920 call_r_plant Inserted new plant: 58355
INFO 2025-03-11 14:15:12,254 call_r_plant Inserted new plant: 427
INFO 2025-03-11 14:15:12,585 call_r_plant Inserted new plant: 58909
INFO 2025-03-11 14:15:12,946 call_r_plant Inserted new plant: 58911
INFO 2025-03-11 14:15:13,288 call_r_plant Inserted new plant: 60995
INFO 2025-03-11 14:15:13,627 call_r_plant Inserted new plant: 65384
INFO 2025-03-11 14:15:13,967 call_r_plant Inserted new plant: 59540
INFO 2025-03-11 14:15:14,314 call_r_plant Inserted new plant: 63387
INFO 2025-03-11 14:15:14,651 call_r_plant Inserted new plant: 60226
INFO 2025-03-11 14:15:14,991 call_r_plant Inserted new plant: 62458
INFO 2025-03-11 14:15:15,336 call_r_plant Inserted new plant: 56184
INFO 2025-03-11 14:15:15,680 call_r_plant Inserted new plant: 484
INFO 2025-03-11 14:15:16,030 call_r_plant Inserted new plant: 58831
INFO 2025-03-11 14:15:16,373 call_r_plant Inserted new plant: 7307
INFO 2025-03-11 14:15:16,715 call_r_plant Inserted new plant: 66458
INFO 2025-03-11 14:15:17,054 call_r_plant Inserted new plant: 60490
INFO 2025-03-11 14:15:17,401 call_r_plant Inserted new plant: 64766
INFO 2025-03-11 14:15:17,782 call_r_plant Inserted new plant: 63074
INFO 2025-03-11 14:15:18,140 call_r_plant Inserted new plant: 56134
INFO 2025-03-11 14:15:18,487 call_r_plant Inserted new plant: 57650
INFO 2025-03-11 14:15:18,837 call_r_plant Inserted new plant: 62545
INFO 2025-03-11 14:15:19,188 call_r_plant Inserted new plant: 64489
INFO 2025-03-11 14:15:19,532 call_r_plant Inserted new plant: 66620
INFO 2025-03-11 14:15:20,177 call_r_plant Inserted new plant: 63986
INFO 2025-03-11 14:15:21,214 call_r_plant Inserted new plant: 54936
INFO 2025-03-11 14:15:21,596 call_r_plant Inserted new plant: 52109
INFO 2025-03-11 14:15:21,937 call_r_plant Inserted new plant: 54931
INFO 2025-03-11 14:15:22,585 call_r_plant Inserted new plant: 10597
INFO 2025-03-11 14:15:22,939 call_r_plant Inserted new plant: 10767
INFO 2025-03-11 14:15:23,336 call_r_plant Inserted new plant: 50037
INFO 2025-03-11 14:15:23,724 call_r_plant Inserted new plant: 10772
INFO 2025-03-11 14:15:24,160 call_r_plant Inserted new plant: 59249
INFO 2025-03-11 14:15:24,672 call_r_plant Inserted new plant: 59250
INFO 2025-03-11 14:15:25,228 call_r_plant Inserted new plant: 482
INFO 2025-03-11 14:15:25,788 call_r_plant Inserted new plant: 56135
INFO 2025-03-11 14:15:26,191 call_r_plant Inserted new plant: 57621
INFO 2025-03-11 14:15:26,529 call_r_plant Inserted new plant: 59235
INFO 2025-03-11 14:15:26,887 call_r_plant Inserted new plant: 59236
INFO 2025-03-11 14:15:27,243 call_r_plant Inserted new plant: 56143
INFO 2025-03-11 14:15:27,681 call_r_plant Inserted new plant: 59877
INFO 2025-03-11 14:15:28,127 call_r_plant Inserted new plant: 55963
INFO 2025-03-11 14:15:28,552 call_r_plant Inserted new plant: 10881
INFO 2025-03-11 14:15:29,098 call_r_plant Inserted new plant: 433
INFO 2025-03-11 14:15:29,598 call_r_plant Inserted new plant: 57579
INFO 2025-03-11 14:15:29,979 call_r_plant Inserted new plant: 275
INFO 2025-03-11 14:15:30,374 call_r_plant Inserted new plant: 50892
INFO 2025-03-11 14:15:30,818 call_r_plant Inserted new plant: 7824
INFO 2025-03-11 14:15:31,330 call_r_plant Inserted new plant: 58751
INFO 2025-03-11 14:15:31,719 call_r_plant Inserted new plant: 58752
INFO 2025-03-11 14:15:32,062 call_r_plant Inserted new plant: 58297
INFO 2025-03-11 14:15:32,414 call_r_plant Inserted new plant: 58296
INFO 2025-03-11 14:15:32,857 call_r_plant Inserted new plant: 58298
INFO 2025-03-11 14:15:33,349 call_r_plant Inserted new plant: 34
INFO 2025-03-11 14:15:33,824 call_r_plant Inserted new plant: 56469
INFO 2025-03-11 14:15:34,273 call_r_plant Inserted new plant: 56298
INFO 2025-03-11 14:15:34,734 call_r_plant Inserted new plant: 7452
INFO 2025-03-11 14:15:35,152 call_r_plant Inserted new plant: 59410
INFO 2025-03-11 14:15:35,576 call_r_plant Inserted new plant: 357
INFO 2025-03-11 14:15:36,044 call_r_plant Inserted new plant: 56467
INFO 2025-03-11 14:15:36,489 call_r_plant Inserted new plant: 58449
INFO 2025-03-11 14:15:36,910 call_r_plant Inserted new plant: 64027
INFO 2025-03-11 14:15:37,361 call_r_plant Inserted new plant: 59074
INFO 2025-03-11 14:15:37,830 call_r_plant Inserted new plant: 65196
INFO 2025-03-11 14:15:38,319 call_r_plant Inserted new plant: 63021
INFO 2025-03-11 14:15:38,723 call_r_plant Inserted new plant: 63068
INFO 2025-03-11 14:15:39,242 call_r_plant Inserted new plant: 61006
INFO 2025-03-11 14:15:39,745 call_r_plant Inserted new plant: 59359
INFO 2025-03-11 14:15:40,182 call_r_plant Inserted new plant: 59360
INFO 2025-03-11 14:15:40,621 call_r_plant Inserted new plant: 59423
INFO 2025-03-11 14:15:41,134 call_r_plant Inserted new plant: 59422
INFO 2025-03-11 14:15:41,589 call_r_plant Inserted new plant: 59421
INFO 2025-03-11 14:15:41,962 call_r_plant Inserted new plant: 63715
INFO 2025-03-11 14:15:42,439 call_r_plant Inserted new plant: 59138
INFO 2025-03-11 14:15:42,924 call_r_plant Inserted new plant: 59139
INFO 2025-03-11 14:15:43,361 call_r_plant Inserted new plant: 64290
INFO 2025-03-11 14:15:43,809 call_r_plant Inserted new plant: 10446
INFO 2025-03-11 14:15:44,297 call_r_plant Inserted new plant: 58073
INFO 2025-03-11 14:15:44,779 call_r_plant Inserted new plant: 59730
INFO 2025-03-11 14:15:45,196 call_r_plant Inserted new plant: 58074
INFO 2025-03-11 14:15:45,665 call_r_plant Inserted new plant: 58234
INFO 2025-03-11 14:15:46,164 call_r_plant Inserted new plant: 66807
INFO 2025-03-11 14:15:46,507 call_r_plant Inserted new plant: 60745
INFO 2025-03-11 14:15:46,875 call_r_plant Inserted new plant: 60744
INFO 2025-03-11 14:15:47,261 call_r_plant Inserted new plant: 59740
INFO 2025-03-11 14:15:47,637 call_r_plant Inserted new plant: 59273
INFO 2025-03-11 14:15:48,033 call_r_plant Inserted new plant: 64611
INFO 2025-03-11 14:15:48,512 call_r_plant Inserted new plant: 58227
INFO 2025-03-11 14:15:49,012 call_r_plant Inserted new plant: 57971
INFO 2025-03-11 14:15:49,449 call_r_plant Inserted new plant: 62649
INFO 2025-03-11 14:15:49,857 call_r_plant Inserted new plant: 56080
INFO 2025-03-11 14:15:50,314 call_r_plant Inserted new plant: 57671
INFO 2025-03-11 14:15:50,737 call_r_plant Inserted new plant: 57669
INFO 2025-03-11 14:15:51,182 call_r_plant Inserted new plant: 57753
INFO 2025-03-11 14:15:51,667 call_r_plant Inserted new plant: 57670
INFO 2025-03-11 14:15:52,102 call_r_plant Inserted new plant: 63617
INFO 2025-03-11 14:15:52,590 call_r_plant Inserted new plant: 59658
INFO 2025-03-11 14:15:53,044 call_r_plant Inserted new plant: 50537
INFO 2025-03-11 14:15:53,504 call_r_plant Inserted new plant: 65002
INFO 2025-03-11 14:15:53,949 call_r_plant Inserted new plant: 59323
INFO 2025-03-11 14:15:54,405 call_r_plant Inserted new plant: 58636
INFO 2025-03-11 14:15:54,789 call_r_plant Inserted new plant: 531
INFO 2025-03-11 14:15:55,208 call_r_plant Inserted new plant: 64994
INFO 2025-03-11 14:15:55,728 call_r_plant Inserted new plant: 61209
INFO 2025-03-11 14:15:56,164 call_r_plant Inserted new plant: 56875
INFO 2025-03-11 14:15:56,582 call_r_plant Inserted new plant: 65933
INFO 2025-03-11 14:15:57,129 call_r_plant Inserted new plant: 54800
INFO 2025-03-11 14:15:57,671 call_r_plant Inserted new plant: 50610
INFO 2025-03-11 14:15:58,052 call_r_plant Inserted new plant: 50865
INFO 2025-03-11 14:15:58,410 call_r_plant Inserted new plant: 50552
INFO 2025-03-11 14:15:58,773 call_r_plant Inserted new plant: 279
INFO 2025-03-11 14:15:59,156 call_r_plant Inserted new plant: 10879
INFO 2025-03-11 14:15:59,566 call_r_plant Inserted new plant: 10759
INFO 2025-03-11 14:16:00,084 call_r_plant Inserted new plant: 54996
INFO 2025-03-11 14:16:00,478 call_r_plant Inserted new plant: 10878
INFO 2025-03-11 14:16:00,896 call_r_plant Inserted new plant: 55983
INFO 2025-03-11 14:16:01,294 call_r_plant Inserted new plant: 50234
INFO 2025-03-11 14:16:01,775 call_r_plant Inserted new plant: 57904
INFO 2025-03-11 14:16:02,159 call_r_plant Inserted new plant: 64028
INFO 2025-03-11 14:16:02,704 call_r_plant Inserted new plant: 64049
INFO 2025-03-11 14:16:03,240 call_r_plant Inserted new plant: 66143
INFO 2025-03-11 14:16:03,693 call_r_plant Inserted new plant: 62754
INFO 2025-03-11 14:16:04,120 call_r_plant Inserted new plant: 50061
INFO 2025-03-11 14:16:04,531 call_r_plant Inserted new plant: 6646
INFO 2025-03-11 14:16:04,971 call_r_plant Inserted new plant: 50233
INFO 2025-03-11 14:16:05,470 call_r_plant Inserted new plant: 403
INFO 2025-03-11 14:16:05,897 call_r_plant Inserted new plant: 6479
INFO 2025-03-11 14:16:06,418 call_r_plant Inserted new plant: 6480
INFO 2025-03-11 14:16:07,028 call_r_plant Inserted new plant: 54017
INFO 2025-03-11 14:16:07,446 call_r_plant Inserted new plant: 50281
INFO 2025-03-11 14:16:07,852 call_r_plant Inserted new plant: 50690
INFO 2025-03-11 14:16:08,233 call_r_plant Inserted new plant: 54454
INFO 2025-03-11 14:16:08,731 call_r_plant Inserted new plant: 276
INFO 2025-03-11 14:16:09,138 call_r_plant Inserted new plant: 277
INFO 2025-03-11 14:16:09,531 call_r_plant Inserted new plant: 60678
INFO 2025-03-11 14:16:09,976 call_r_plant Inserted new plant: 10548
INFO 2025-03-11 14:16:10,475 call_r_plant Inserted new plant: 66472
INFO 2025-03-11 14:16:10,941 call_r_plant Inserted new plant: 62004
INFO 2025-03-11 14:16:11,350 call_r_plant Inserted new plant: 64712
INFO 2025-03-11 14:16:11,810 call_r_plant Inserted new plant: 64713
INFO 2025-03-11 14:16:12,292 call_r_plant Inserted new plant: 65672
INFO 2025-03-11 14:16:12,665 call_r_plant Inserted new plant: 65673
INFO 2025-03-11 14:16:13,015 call_r_plant Inserted new plant: 50400
INFO 2025-03-11 14:16:13,395 call_r_plant Inserted new plant: 57361
INFO 2025-03-11 14:16:13,837 call_r_plant Inserted new plant: 361
INFO 2025-03-11 14:16:14,284 call_r_plant Inserted new plant: 363
INFO 2025-03-11 14:16:14,713 call_r_plant Inserted new plant: 64921
INFO 2025-03-11 14:16:15,169 call_r_plant Inserted new plant: 7232
INFO 2025-03-11 14:16:15,629 call_r_plant Inserted new plant: 57876
INFO 2025-03-11 14:16:16,000 call_r_plant Inserted new plant: 58913
INFO 2025-03-11 14:16:16,419 call_r_plant Inserted new plant: 58912
INFO 2025-03-11 14:16:16,897 call_r_plant Inserted new plant: 50076
INFO 2025-03-11 14:16:17,412 call_r_plant Inserted new plant: 57100
INFO 2025-03-11 14:16:17,874 call_r_plant Inserted new plant: 60385
INFO 2025-03-11 14:16:18,291 call_r_plant Inserted new plant: 58625
INFO 2025-03-11 14:16:18,802 call_r_plant Inserted new plant: 62039
INFO 2025-03-11 14:16:19,351 call_r_plant Inserted new plant: 50864
INFO 2025-03-11 14:16:19,774 call_r_plant Inserted new plant: 63891
INFO 2025-03-11 14:16:20,241 call_r_plant Inserted new plant: 404
INFO 2025-03-11 14:16:20,635 call_r_plant Inserted new plant: 839
INFO 2025-03-11 14:16:21,141 call_r_plant Inserted new plant: 61843
INFO 2025-03-11 14:16:21,700 call_r_plant Inserted new plant: 65469
INFO 2025-03-11 14:16:22,235 call_r_plant Inserted new plant: 54111
INFO 2025-03-11 14:16:22,586 call_r_plant Inserted new plant: 57482
INFO 2025-03-11 14:16:22,944 call_r_plant Inserted new plant: 316
INFO 2025-03-11 14:16:23,309 call_r_plant Inserted new plant: 59722
INFO 2025-03-11 14:16:23,686 call_r_plant Inserted new plant: 59723
INFO 2025-03-11 14:16:24,138 call_r_plant Inserted new plant: 59408
INFO 2025-03-11 14:16:24,560 call_r_plant Inserted new plant: 445
INFO 2025-03-11 14:16:24,972 call_r_plant Inserted new plant: 58814
INFO 2025-03-11 14:16:25,414 call_r_plant Inserted new plant: 65970
INFO 2025-03-11 14:16:25,902 call_r_plant Inserted new plant: 62806
INFO 2025-03-11 14:16:26,330 call_r_plant Inserted new plant: 56362
INFO 2025-03-11 14:16:26,744 call_r_plant Inserted new plant: 57586
INFO 2025-03-11 14:16:27,191 call_r_plant Inserted new plant: 57725
INFO 2025-03-11 14:16:27,589 call_r_plant Inserted new plant: 56874
INFO 2025-03-11 14:16:28,121 call_r_plant Inserted new plant: 58585
INFO 2025-03-11 14:16:28,606 call_r_plant Inserted new plant: 50110
INFO 2025-03-11 14:16:29,088 call_r_plant Inserted new plant: 65510
INFO 2025-03-11 14:16:29,491 call_r_plant Inserted new plant: 63416
INFO 2025-03-11 14:16:29,887 call_r_plant Inserted new plant: 10144
INFO 2025-03-11 14:16:30,341 call_r_plant Inserted new plant: 50112
INFO 2025-03-11 14:16:30,728 call_r_plant Inserted new plant: 54517
INFO 2025-03-11 14:16:31,280 call_r_plant Inserted new plant: 59431
INFO 2025-03-11 14:16:31,788 call_r_plant Inserted new plant: 57702
INFO 2025-03-11 14:16:32,241 call_r_plant Inserted new plant: 60249
INFO 2025-03-11 14:16:32,726 call_r_plant Inserted new plant: 63762
INFO 2025-03-11 14:16:33,227 call_r_plant Inserted new plant: 63735
INFO 2025-03-11 14:16:33,666 call_r_plant Inserted new plant: 57364
INFO 2025-03-11 14:16:34,121 call_r_plant Inserted new plant: 50322
INFO 2025-03-11 14:16:34,614 call_r_plant Inserted new plant: 50536
INFO 2025-03-11 14:16:35,093 call_r_plant Inserted new plant: 50961
INFO 2025-03-11 14:16:35,495 call_r_plant Inserted new plant: 63727
INFO 2025-03-11 14:16:35,970 call_r_plant Inserted new plant: 776
INFO 2025-03-11 14:16:36,452 call_r_plant Inserted new plant: 61834
INFO 2025-03-11 14:16:36,837 call_r_plant Inserted new plant: 58621
INFO 2025-03-11 14:16:37,184 call_r_plant Inserted new plant: 50985
INFO 2025-03-11 14:16:37,543 call_r_plant Inserted new plant: 7526
INFO 2025-03-11 14:16:37,933 call_r_plant Inserted new plant: 63848
INFO 2025-03-11 14:16:38,386 call_r_plant Inserted new plant: 60558
INFO 2025-03-11 14:16:38,908 call_r_plant Inserted new plant: 56939
INFO 2025-03-11 14:16:39,372 call_r_plant Inserted new plant: 57455
INFO 2025-03-11 14:16:39,843 call_r_plant Inserted new plant: 58592
INFO 2025-03-11 14:16:40,252 call_r_plant Inserted new plant: 59528
INFO 2025-03-11 14:16:40,643 call_r_plant Inserted new plant: 56996
INFO 2025-03-11 14:16:41,012 call_r_plant Inserted new plant: 57217
INFO 2025-03-11 14:16:41,379 call_r_plant Inserted new plant: 57219
INFO 2025-03-11 14:16:41,806 call_r_plant Inserted new plant: 57220
INFO 2025-03-11 14:16:42,281 call_r_plant Inserted new plant: 57221
INFO 2025-03-11 14:16:42,812 call_r_plant Inserted new plant: 57222
INFO 2025-03-11 14:16:43,329 call_r_plant Inserted new plant: 57223
INFO 2025-03-11 14:16:43,825 call_r_plant Inserted new plant: 57224
INFO 2025-03-11 14:16:44,352 call_r_plant Inserted new plant: 57225
INFO 2025-03-11 14:16:44,889 call_r_plant Inserted new plant: 57226
INFO 2025-03-11 14:16:45,347 call_r_plant Inserted new plant: 57227
INFO 2025-03-11 14:16:45,832 call_r_plant Inserted new plant: 57229
INFO 2025-03-11 14:16:46,324 call_r_plant Inserted new plant: 57230
INFO 2025-03-11 14:16:46,698 call_r_plant Inserted new plant: 57231
INFO 2025-03-11 14:16:47,049 call_r_plant Inserted new plant: 57232
INFO 2025-03-11 14:16:47,410 call_r_plant Inserted new plant: 57237
INFO 2025-03-11 14:16:47,800 call_r_plant Inserted new plant: 57236
INFO 2025-03-11 14:16:48,238 call_r_plant Inserted new plant: 57245
INFO 2025-03-11 14:16:48,656 call_r_plant Inserted new plant: 57246
INFO 2025-03-11 14:16:49,012 call_r_plant Inserted new plant: 57247
INFO 2025-03-11 14:16:49,448 call_r_plant Inserted new plant: 57534
INFO 2025-03-11 14:16:49,876 call_r_plant Inserted new plant: 57535
INFO 2025-03-11 14:16:50,264 call_r_plant Inserted new plant: 57441
INFO 2025-03-11 14:16:50,671 call_r_plant Inserted new plant: 57900
INFO 2025-03-11 14:16:51,154 call_r_plant Inserted new plant: 58388
INFO 2025-03-11 14:16:51,615 call_r_plant Inserted new plant: 58389
INFO 2025-03-11 14:16:52,061 call_r_plant Inserted new plant: 57933
INFO 2025-03-11 14:16:52,488 call_r_plant Inserted new plant: 60591
INFO 2025-03-11 14:16:52,881 call_r_plant Inserted new plant: 60869
INFO 2025-03-11 14:16:53,238 call_r_plant Inserted new plant: 62732
INFO 2025-03-11 14:16:53,594 call_r_plant Inserted new plant: 60185
INFO 2025-03-11 14:16:54,003 call_r_plant Inserted new plant: 510
INFO 2025-03-11 14:16:54,481 call_r_plant Inserted new plant: 55752
INFO 2025-03-11 14:16:54,995 call_r_plant Inserted new plant: 55753
INFO 2025-03-11 14:16:55,440 call_r_plant Inserted new plant: 55880
INFO 2025-03-11 14:16:55,917 call_r_plant Inserted new plant: 58578
INFO 2025-03-11 14:16:56,427 call_r_plant Inserted new plant: 63761
INFO 2025-03-11 14:16:56,865 call_r_plant Inserted new plant: 280
INFO 2025-03-11 14:16:57,240 call_r_plant Inserted new plant: 50752
INFO 2025-03-11 14:16:57,608 call_r_plant Inserted new plant: 50751
INFO 2025-03-11 14:16:58,028 call_r_plant Inserted new plant: 50837
INFO 2025-03-11 14:16:58,524 call_r_plant Inserted new plant: 281
INFO 2025-03-11 14:16:58,956 call_r_plant Inserted new plant: 282
INFO 2025-03-11 14:16:59,437 call_r_plant Inserted new plant: 283
INFO 2025-03-11 14:16:59,912 call_r_plant Inserted new plant: 54554
INFO 2025-03-11 14:17:00,339 call_r_plant Inserted new plant: 57916
INFO 2025-03-11 14:17:00,759 call_r_plant Inserted new plant: 450
INFO 2025-03-11 14:17:01,195 call_r_plant Inserted new plant: 284
INFO 2025-03-11 14:17:01,628 call_r_plant Inserted new plant: 60491
INFO 2025-03-11 14:17:02,008 call_r_plant Inserted new plant: 59532
INFO 2025-03-11 14:17:02,360 call_r_plant Inserted new plant: 59840
INFO 2025-03-11 14:17:02,715 call_r_plant Inserted new plant: 56144
INFO 2025-03-11 14:17:03,084 call_r_plant Inserted new plant: 56125
INFO 2025-03-11 14:17:03,512 call_r_plant Inserted new plant: 61791
INFO 2025-03-11 14:17:04,012 call_r_plant Inserted new plant: 7066
INFO 2025-03-11 14:17:04,550 call_r_plant Inserted new plant: 62020
INFO 2025-03-11 14:17:05,075 call_r_plant Inserted new plant: 285
INFO 2025-03-11 14:17:05,444 call_r_plant Inserted new plant: 66423
INFO 2025-03-11 14:17:05,824 call_r_plant Inserted new plant: 60698
INFO 2025-03-11 14:17:06,262 call_r_plant Inserted new plant: 57683
INFO 2025-03-11 14:17:06,692 call_r_plant Inserted new plant: 59804
INFO 2025-03-11 14:17:07,113 call_r_plant Inserted new plant: 58646
INFO 2025-03-11 14:17:07,562 call_r_plant Inserted new plant: 61607
INFO 2025-03-11 14:17:07,955 call_r_plant Inserted new plant: 64141
INFO 2025-03-11 14:17:08,365 call_r_plant Inserted new plant: 7151
INFO 2025-03-11 14:17:08,766 call_r_plant Inserted new plant: 60219
INFO 2025-03-11 14:17:09,175 call_r_plant Inserted new plant: 62113
INFO 2025-03-11 14:17:09,523 call_r_plant Inserted new plant: 57497
INFO 2025-03-11 14:17:09,874 call_r_plant Inserted new plant: 58757
INFO 2025-03-11 14:17:10,221 call_r_plant Inserted new plant: 58753
INFO 2025-03-11 14:17:10,569 call_r_plant Inserted new plant: 58754
INFO 2025-03-11 14:17:10,922 call_r_plant Inserted new plant: 58755
INFO 2025-03-11 14:17:11,269 call_r_plant Inserted new plant: 58756
INFO 2025-03-11 14:17:11,617 call_r_plant Inserted new plant: 60280
INFO 2025-03-11 14:17:11,977 call_r_plant Inserted new plant: 64326
INFO 2025-03-11 14:17:12,320 call_r_plant Inserted new plant: 57360
INFO 2025-03-11 14:17:12,665 call_r_plant Inserted new plant: 59687
INFO 2025-03-11 14:17:13,004 call_r_plant Inserted new plant: 60791
INFO 2025-03-11 14:17:13,341 call_r_plant Inserted new plant: 60032
INFO 2025-03-11 14:17:13,719 call_r_plant Inserted new plant: 59916
INFO 2025-03-11 14:17:14,085 call_r_plant Inserted new plant: 57010
INFO 2025-03-11 14:17:14,429 call_r_plant Inserted new plant: 57007
INFO 2025-03-11 14:17:14,772 call_r_plant Inserted new plant: 57008
INFO 2025-03-11 14:17:15,117 call_r_plant Inserted new plant: 57004
INFO 2025-03-11 14:17:15,456 call_r_plant Inserted new plant: 57012
INFO 2025-03-11 14:17:15,790 call_r_plant Inserted new plant: 61754
INFO 2025-03-11 14:17:16,141 call_r_plant Inserted new plant: 65857
INFO 2025-03-11 14:17:16,482 call_r_plant Inserted new plant: 67001
INFO 2025-03-11 14:17:16,818 call_r_plant Inserted new plant: 57557
INFO 2025-03-11 14:17:17,155 call_r_plant Inserted new plant: 10437
INFO 2025-03-11 14:17:17,503 call_r_plant Inserted new plant: 10438
INFO 2025-03-11 14:17:17,841 call_r_plant Inserted new plant: 55182
INFO 2025-03-11 14:17:18,212 call_r_plant Inserted new plant: 57559
INFO 2025-03-11 14:17:18,553 call_r_plant Inserted new plant: 58429
INFO 2025-03-11 14:17:18,890 call_r_plant Inserted new plant: 50134
INFO 2025-03-11 14:17:19,223 call_r_plant Inserted new plant: 10387
INFO 2025-03-11 14:17:19,562 call_r_plant Inserted new plant: 59443
INFO 2025-03-11 14:17:19,902 call_r_plant Inserted new plant: 58149
INFO 2025-03-11 14:17:20,239 call_r_plant Inserted new plant: 56051
INFO 2025-03-11 14:17:20,586 call_r_plant Inserted new plant: 63717
INFO 2025-03-11 14:17:20,926 call_r_plant Inserted new plant: 54647
INFO 2025-03-11 14:17:21,267 call_r_plant Inserted new plant: 52085
INFO 2025-03-11 14:17:21,628 call_r_plant Inserted new plant: 58232
INFO 2025-03-11 14:17:21,965 call_r_plant Inserted new plant: 63094
INFO 2025-03-11 14:17:22,309 call_r_plant Inserted new plant: 62246
INFO 2025-03-11 14:17:22,646 call_r_plant Inserted new plant: 59330
INFO 2025-03-11 14:17:22,993 call_r_plant Inserted new plant: 66459
INFO 2025-03-11 14:17:23,347 call_r_plant Inserted new plant: 58303
INFO 2025-03-11 14:17:23,679 call_r_plant Inserted new plant: 10191
INFO 2025-03-11 14:17:24,011 call_r_plant Inserted new plant: 54909
INFO 2025-03-11 14:17:24,371 call_r_plant Inserted new plant: 57594
INFO 2025-03-11 14:17:24,714 call_r_plant Inserted new plant: 479
INFO 2025-03-11 14:17:25,048 call_r_plant Inserted new plant: 57656
INFO 2025-03-11 14:17:25,382 call_r_plant Inserted new plant: 60035
INFO 2025-03-11 14:17:25,762 call_r_plant Inserted new plant: 54343
INFO 2025-03-11 14:17:26,098 call_r_plant Inserted new plant: 59541
INFO 2025-03-11 14:17:26,432 call_r_plant Inserted new plant: 56570
INFO 2025-03-11 14:17:26,766 call_r_plant Inserted new plant: 438
INFO 2025-03-11 14:17:27,109 call_r_plant Inserted new plant: 7129
INFO 2025-03-11 14:17:27,444 call_r_plant Inserted new plant: 58190
INFO 2025-03-11 14:17:27,787 call_r_plant Inserted new plant: 54308
INFO 2025-03-11 14:17:28,145 call_r_plant Inserted new plant: 64743
INFO 2025-03-11 14:17:28,491 call_r_plant Inserted new plant: 287
INFO 2025-03-11 14:17:28,835 call_r_plant Inserted new plant: 63932
INFO 2025-03-11 14:17:29,191 call_r_plant Inserted new plant: 714
INFO 2025-03-11 14:17:29,525 call_r_plant Inserted new plant: 61366
INFO 2025-03-11 14:17:29,868 call_r_plant Inserted new plant: 57695
INFO 2025-03-11 14:17:30,201 call_r_plant Inserted new plant: 50624
INFO 2025-03-11 14:17:30,542 call_r_plant Inserted new plant: 10091
INFO 2025-03-11 14:17:30,878 call_r_plant Inserted new plant: 54327
INFO 2025-03-11 14:17:31,216 call_r_plant Inserted new plant: 64005
INFO 2025-03-11 14:17:31,549 call_r_plant Inserted new plant: 63638
INFO 2025-03-11 14:17:31,882 call_r_plant Inserted new plant: 55933
INFO 2025-03-11 14:17:32,218 call_r_plant Inserted new plant: 64376
INFO 2025-03-11 14:17:32,558 call_r_plant Inserted new plant: 58619
INFO 2025-03-11 14:17:32,897 call_r_plant Inserted new plant: 451
INFO 2025-03-11 14:17:33,237 call_r_plant Inserted new plant: 64914
INFO 2025-03-11 14:17:33,578 call_r_plant Inserted new plant: 59599
INFO 2025-03-11 14:17:33,919 call_r_plant Inserted new plant: 58642
INFO 2025-03-11 14:17:34,260 call_r_plant Inserted new plant: 61846
INFO 2025-03-11 14:17:34,606 call_r_plant Inserted new plant: 10222
INFO 2025-03-11 14:17:34,937 call_r_plant Inserted new plant: 289
INFO 2025-03-11 14:17:35,280 call_r_plant Inserted new plant: 57913
INFO 2025-03-11 14:17:35,617 call_r_plant Inserted new plant: 416
INFO 2025-03-11 14:17:35,948 call_r_plant Inserted new plant: 161
INFO 2025-03-11 14:17:36,284 call_r_plant Inserted new plant: 59872
INFO 2025-03-11 14:17:36,623 call_r_plant Inserted new plant: 61995
INFO 2025-03-11 14:17:36,962 call_r_plant Inserted new plant: 62016
INFO 2025-03-11 14:17:37,307 call_r_plant Inserted new plant: 57122
INFO 2025-03-11 14:17:37,641 call_r_plant Inserted new plant: 52073
INFO 2025-03-11 14:17:37,978 call_r_plant Inserted new plant: 50115
INFO 2025-03-11 14:17:38,317 call_r_plant Inserted new plant: 60846
INFO 2025-03-11 14:17:38,651 call_r_plant Inserted new plant: 60086
INFO 2025-03-11 14:17:39,002 call_r_plant Inserted new plant: 61682
INFO 2025-03-11 14:17:39,340 call_r_plant Inserted new plant: 61683
INFO 2025-03-11 14:17:39,674 call_r_plant Inserted new plant: 61250
INFO 2025-03-11 14:17:40,019 call_r_plant Inserted new plant: 67485
INFO 2025-03-11 14:17:40,353 call_r_plant Inserted new plant: 6612
INFO 2025-03-11 14:17:40,702 call_r_plant Inserted new plant: 57856
INFO 2025-03-11 14:17:41,040 call_r_plant Inserted new plant: 50089
INFO 2025-03-11 14:17:41,379 call_r_plant Inserted new plant: 57584
INFO 2025-03-11 14:17:41,725 call_r_plant Inserted new plant: 50064
INFO 2025-03-11 14:17:42,081 call_r_plant Inserted new plant: 65191
INFO 2025-03-11 14:17:42,424 call_r_plant Inserted new plant: 65132
INFO 2025-03-11 14:17:42,765 call_r_plant Inserted new plant: 489
INFO 2025-03-11 14:17:43,107 call_r_plant Inserted new plant: 407
INFO 2025-03-11 14:17:43,447 call_r_plant Inserted new plant: 58249
INFO 2025-03-11 14:17:43,786 call_r_plant Inserted new plant: 50300
INFO 2025-03-11 14:17:44,123 call_r_plant Inserted new plant: 57041
INFO 2025-03-11 14:17:44,478 call_r_plant Inserted new plant: 59058
INFO 2025-03-11 14:17:44,820 call_r_plant Inserted new plant: 63928
INFO 2025-03-11 14:17:45,165 call_r_plant Inserted new plant: 61418
INFO 2025-03-11 14:17:45,531 call_r_plant Inserted new plant: 64267
INFO 2025-03-11 14:17:45,893 call_r_plant Inserted new plant: 64441
INFO 2025-03-11 14:17:46,233 call_r_plant Inserted new plant: 62288
INFO 2025-03-11 14:17:46,573 call_r_plant Inserted new plant: 55851
INFO 2025-03-11 14:17:46,907 call_r_plant Inserted new plant: 63285
INFO 2025-03-11 14:17:47,276 call_r_plant Inserted new plant: 62801
INFO 2025-03-11 14:17:47,627 call_r_plant Inserted new plant: 64438
INFO 2025-03-11 14:17:47,956 call_r_plant Inserted new plant: 60509
INFO 2025-03-11 14:17:48,301 call_r_plant Inserted new plant: 58906
INFO 2025-03-11 14:17:48,634 call_r_plant Inserted new plant: 58907
INFO 2025-03-11 14:17:48,964 call_r_plant Inserted new plant: 66502
INFO 2025-03-11 14:17:49,308 call_r_plant Inserted new plant: 66500
INFO 2025-03-11 14:17:49,649 call_r_plant Inserted new plant: 408
INFO 2025-03-11 14:17:49,991 call_r_plant Inserted new plant: 60824
INFO 2025-03-11 14:17:50,324 call_r_plant Inserted new plant: 487
INFO 2025-03-11 14:17:50,660 call_r_plant Inserted new plant: 64687
INFO 2025-03-11 14:17:51,003 call_r_plant Inserted new plant: 65169
INFO 2025-03-11 14:17:51,342 call_r_plant Inserted new plant: 61107
INFO 2025-03-11 14:17:51,679 call_r_plant Inserted new plant: 61463
INFO 2025-03-11 14:17:52,030 call_r_plant Inserted new plant: 57700
INFO 2025-03-11 14:17:52,376 call_r_plant Inserted new plant: 59555
INFO 2025-03-11 14:17:52,711 call_r_plant Inserted new plant: 58289
INFO 2025-03-11 14:17:53,050 call_r_plant Inserted new plant: 58290
INFO 2025-03-11 14:17:53,389 call_r_plant Inserted new plant: 72
INFO 2025-03-11 14:17:53,723 call_r_plant Inserted new plant: 65770
INFO 2025-03-11 14:17:54,065 call_r_plant Inserted new plant: 59261
INFO 2025-03-11 14:17:54,426 call_r_plant Inserted new plant: 7436
INFO 2025-03-11 14:17:54,763 call_r_plant Inserted new plant: 60918
INFO 2025-03-11 14:17:55,101 call_r_plant Inserted new plant: 62418
INFO 2025-03-11 14:17:55,431 call_r_plant Inserted new plant: 62419
INFO 2025-03-11 14:17:55,761 call_r_plant Inserted new plant: 58418
INFO 2025-03-11 14:17:56,110 call_r_plant Inserted new plant: 58419
INFO 2025-03-11 14:17:56,444 call_r_plant Inserted new plant: 59269
INFO 2025-03-11 14:17:56,777 call_r_plant Inserted new plant: 59270
INFO 2025-03-11 14:17:57,142 call_r_plant Inserted new plant: 59271
INFO 2025-03-11 14:17:57,484 call_r_plant Inserted new plant: 59272
INFO 2025-03-11 14:17:57,828 call_r_plant Inserted new plant: 57254
INFO 2025-03-11 14:17:58,167 call_r_plant Inserted new plant: 50532
INFO 2025-03-11 14:17:58,554 call_r_plant Inserted new plant: 58450
INFO 2025-03-11 14:17:58,959 call_r_plant Inserted new plant: 58509
INFO 2025-03-11 14:17:59,369 call_r_plant Inserted new plant: 61661
INFO 2025-03-11 14:17:59,782 call_r_plant Inserted new plant: 58053
INFO 2025-03-11 14:18:00,194 call_r_plant Inserted new plant: 290
INFO 2025-03-11 14:18:00,606 call_r_plant Inserted new plant: 180
INFO 2025-03-11 14:18:01,008 call_r_plant Inserted new plant: 60594
INFO 2025-03-11 14:18:01,349 call_r_plant Inserted new plant: 61582
INFO 2025-03-11 14:18:01,689 call_r_plant Inserted new plant: 61583
INFO 2025-03-11 14:18:02,026 call_r_plant Inserted new plant: 61584
INFO 2025-03-11 14:18:02,366 call_r_plant Inserted new plant: 66806
INFO 2025-03-11 14:18:02,701 call_r_plant Inserted new plant: 50210
INFO 2025-03-11 14:18:03,046 call_r_plant Inserted new plant: 6196
INFO 2025-03-11 14:18:03,382 call_r_plant Inserted new plant: 59458
INFO 2025-03-11 14:18:03,715 call_r_plant Inserted new plant: 448
INFO 2025-03-11 14:18:04,051 call_r_plant Inserted new plant: 56036
INFO 2025-03-11 14:18:04,425 call_r_plant Inserted new plant: 50293
INFO 2025-03-11 14:18:04,759 call_r_plant Inserted new plant: 58233
INFO 2025-03-11 14:18:05,098 call_r_plant Inserted new plant: 57006
INFO 2025-03-11 14:18:05,436 call_r_plant Inserted new plant: 4256
INFO 2025-03-11 14:18:05,776 call_r_plant Inserted new plant: 57515
INFO 2025-03-11 14:18:06,111 call_r_plant Inserted new plant: 56078
INFO 2025-03-11 14:18:06,485 call_r_plant Inserted new plant: 63510
INFO 2025-03-11 14:18:06,823 call_r_plant Inserted new plant: 54261
INFO 2025-03-11 14:18:07,157 call_r_plant Inserted new plant: 59299
INFO 2025-03-11 14:18:07,499 call_r_plant Inserted new plant: 57715
INFO 2025-03-11 14:18:07,835 call_r_plant Inserted new plant: 50216
INFO 2025-03-11 14:18:08,171 call_r_plant Inserted new plant: 58454
INFO 2025-03-11 14:18:08,510 call_r_plant Inserted new plant: 54447
INFO 2025-03-11 14:18:08,859 call_r_plant Inserted new plant: 58206
INFO 2025-03-11 14:18:09,196 call_r_plant Inserted new plant: 291
INFO 2025-03-11 14:18:09,539 call_r_plant Inserted new plant: 58244
INFO 2025-03-11 14:18:09,881 call_r_plant Inserted new plant: 65570
INFO 2025-03-11 14:18:10,228 call_r_plant Inserted new plant: 65189
INFO 2025-03-11 14:18:10,560 call_r_plant Inserted new plant: 65190
INFO 2025-03-11 14:18:10,894 call_r_plant Inserted new plant: 10685
INFO 2025-03-11 14:18:11,236 call_r_plant Inserted new plant: 59961
INFO 2025-03-11 14:18:11,576 call_r_plant Inserted new plant: 58626
INFO 2025-03-11 14:18:11,910 call_r_plant Inserted new plant: 58627
INFO 2025-03-11 14:18:12,251 call_r_plant Inserted new plant: 54410
INFO 2025-03-11 14:18:12,583 call_r_plant Inserted new plant: 58616
INFO 2025-03-11 14:18:12,919 call_r_plant Inserted new plant: 61249
INFO 2025-03-11 14:18:13,260 call_r_plant Inserted new plant: 60914
INFO 2025-03-11 14:18:13,610 call_r_plant Inserted new plant: 61593
INFO 2025-03-11 14:18:13,944 call_r_plant Inserted new plant: 61348
INFO 2025-03-11 14:18:14,313 call_r_plant Inserted new plant: 61349
INFO 2025-03-11 14:18:14,656 call_r_plant Inserted new plant: 61594
INFO 2025-03-11 14:18:14,999 call_r_plant Inserted new plant: 60275
INFO 2025-03-11 14:18:15,341 call_r_plant Inserted new plant: 57499
INFO 2025-03-11 14:18:15,670 call_r_plant Inserted new plant: 60255
INFO 2025-03-11 14:18:16,006 call_r_plant Inserted new plant: 50881
INFO 2025-03-11 14:18:16,350 call_r_plant Inserted new plant: 66713
INFO 2025-03-11 14:18:16,689 call_r_plant Inserted new plant: 7189
INFO 2025-03-11 14:18:17,024 call_r_plant Inserted new plant: 58373
INFO 2025-03-11 14:18:17,366 call_r_plant Inserted new plant: 58973
INFO 2025-03-11 14:18:17,713 call_r_plant Inserted new plant: 435
INFO 2025-03-11 14:18:18,048 call_r_plant Inserted new plant: 60193
INFO 2025-03-11 14:18:18,387 call_r_plant Inserted new plant: 56012
INFO 2025-03-11 14:18:18,724 call_r_plant Inserted new plant: 10162
INFO 2025-03-11 14:18:19,070 call_r_plant Inserted new plant: 60975
INFO 2025-03-11 14:18:19,404 call_r_plant Inserted new plant: 57102
INFO 2025-03-11 14:18:19,741 call_r_plant Inserted new plant: 62875
INFO 2025-03-11 14:18:20,070 call_r_plant Inserted new plant: 62988
INFO 2025-03-11 14:18:20,763 call_r_plant Inserted new plant: 59380
INFO 2025-03-11 14:18:21,106 call_r_plant Inserted new plant: 59253
INFO 2025-03-11 14:18:21,481 call_r_plant Inserted new plant: 60324
INFO 2025-03-11 14:18:21,815 call_r_plant Inserted new plant: 55557
INFO 2025-03-11 14:18:22,153 call_r_plant Inserted new plant: 59878
INFO 2025-03-11 14:18:22,499 call_r_plant Inserted new plant: 62902
INFO 2025-03-11 14:18:22,840 call_r_plant Inserted new plant: 57774
INFO 2025-03-11 14:18:23,179 call_r_plant Inserted new plant: 292
INFO 2025-03-11 14:18:23,738 call_r_plant Inserted new plant: 61750
INFO 2025-03-11 14:18:24,201 call_r_plant Inserted new plant: 63487
INFO 2025-03-11 14:18:24,948 call_r_plant Inserted new plant: 55855
INFO 2025-03-11 14:18:25,405 call_r_plant Inserted new plant: 66331
INFO 2025-03-11 14:18:25,750 call_r_plant Inserted new plant: 65277
INFO 2025-03-11 14:18:26,089 call_r_plant Inserted new plant: 66332
INFO 2025-03-11 14:18:26,427 call_r_plant Inserted new plant: 65278
INFO 2025-03-11 14:18:26,767 call_r_plant Inserted new plant: 65783
INFO 2025-03-11 14:18:27,119 call_r_plant Inserted new plant: 64221
INFO 2025-03-11 14:18:27,457 call_r_plant Inserted new plant: 64055
INFO 2025-03-11 14:18:27,792 call_r_plant Inserted new plant: 64220
INFO 2025-03-11 14:18:28,133 call_r_plant Inserted new plant: 10836
INFO 2025-03-11 14:18:28,465 call_r_plant Inserted new plant: 7266
INFO 2025-03-11 14:18:28,803 call_r_plant Inserted new plant: 419
INFO 2025-03-11 14:18:29,140 call_r_plant Inserted new plant: 59008
INFO 2025-03-11 14:18:29,472 call_r_plant Inserted new plant: 50218
INFO 2025-03-11 14:18:29,808 call_r_plant Inserted new plant: 59525
INFO 2025-03-11 14:18:30,146 call_r_plant Inserted new plant: 62286
INFO 2025-03-11 14:18:30,481 call_r_plant Inserted new plant: 58299
INFO 2025-03-11 14:18:30,814 call_r_plant Inserted new plant: 59805
INFO 2025-03-11 14:18:31,146 call_r_plant Inserted new plant: 57422
INFO 2025-03-11 14:18:31,485 call_r_plant Inserted new plant: 6647
INFO 2025-03-11 14:18:31,840 call_r_plant Inserted new plant: 52186
INFO 2025-03-11 14:18:32,180 call_r_plant Inserted new plant: 55813
INFO 2025-03-11 14:18:32,520 call_r_plant Inserted new plant: 10349
INFO 2025-03-11 14:18:32,850 call_r_plant Inserted new plant: 56276
INFO 2025-03-11 14:18:33,185 call_r_plant Inserted new plant: 60220
INFO 2025-03-11 14:18:33,521 call_r_plant Inserted new plant: 64592
INFO 2025-03-11 14:18:33,855 call_r_plant Inserted new plant: 57554
INFO 2025-03-11 14:18:34,201 call_r_plant Inserted new plant: 59850
INFO 2025-03-11 14:18:34,539 call_r_plant Inserted new plant: 59849
INFO 2025-03-11 14:18:34,876 call_r_plant Inserted new plant: 59807
INFO 2025-03-11 14:18:35,219 call_r_plant Inserted new plant: 7995
INFO 2025-03-11 14:18:35,554 call_r_plant Inserted new plant: 464
INFO 2025-03-11 14:18:35,893 call_r_plant Inserted new plant: 57368
INFO 2025-03-11 14:18:36,226 call_r_plant Inserted new plant: 64266
INFO 2025-03-11 14:18:36,567 call_r_plant Inserted new plant: 64021
INFO 2025-03-11 14:18:36,900 call_r_plant Inserted new plant: 63536
INFO 2025-03-11 14:18:37,235 call_r_plant Inserted new plant: 62877
INFO 2025-03-11 14:18:37,580 call_r_plant Inserted new plant: 66271
INFO 2025-03-11 14:18:37,917 call_r_plant Inserted new plant: 54630
INFO 2025-03-11 14:18:38,254 call_r_plant Inserted new plant: 6207
INFO 2025-03-11 14:18:38,601 call_r_plant Inserted new plant: 60724
INFO 2025-03-11 14:18:38,945 call_r_plant Inserted new plant: 55200
INFO 2025-03-11 14:18:39,287 call_r_plant Inserted new plant: 66247
INFO 2025-03-11 14:18:39,627 call_r_plant Inserted new plant: 61886
INFO 2025-03-11 14:18:39,982 call_r_plant Inserted new plant: 7458
INFO 2025-03-11 14:18:40,316 call_r_plant Inserted new plant: 515
INFO 2025-03-11 14:18:40,654 call_r_plant Inserted new plant: 63770
INFO 2025-03-11 14:18:41,039 call_r_plant Inserted new plant: 60351
INFO 2025-03-11 14:18:41,372 call_r_plant Inserted new plant: 512
INFO 2025-03-11 14:18:41,709 call_r_plant Inserted new plant: 55645
INFO 2025-03-11 14:18:42,046 call_r_plant Inserted new plant: 466
INFO 2025-03-11 14:18:42,379 call_r_plant Inserted new plant: 54680
INFO 2025-03-11 14:18:42,730 call_r_plant Inserted new plant: 54679
INFO 2025-03-11 14:18:43,084 call_r_plant Inserted new plant: 55931
INFO 2025-03-11 14:18:43,420 call_r_plant Inserted new plant: 59144
INFO 2025-03-11 14:18:43,754 call_r_plant Inserted new plant: 66014
INFO 2025-03-11 14:18:44,089 call_r_plant Inserted new plant: 63803
INFO 2025-03-11 14:18:44,435 call_r_plant Inserted new plant: 10682
INFO 2025-03-11 14:18:44,770 call_r_plant Inserted new plant: 6619
INFO 2025-03-11 14:18:45,109 call_r_plant Inserted new plant: 62445
INFO 2025-03-11 14:18:45,443 call_r_plant Inserted new plant: 57980
INFO 2025-03-11 14:18:45,792 call_r_plant Inserted new plant: 67465
INFO 2025-03-11 14:18:46,134 call_r_plant Inserted new plant: 67466
INFO 2025-03-11 14:18:46,475 call_r_plant Inserted new plant: 67467
INFO 2025-03-11 14:18:46,813 call_r_plant Inserted new plant: 60801
INFO 2025-03-11 14:18:47,161 call_r_plant Inserted new plant: 63278
INFO 2025-03-11 14:18:47,495 call_r_plant Inserted new plant: 58481
INFO 2025-03-11 14:18:47,837 call_r_plant Inserted new plant: 67419
INFO 2025-03-11 14:18:48,177 call_r_plant Inserted new plant: 467
INFO 2025-03-11 14:18:48,518 call_r_plant Inserted new plant: 59975
INFO 2025-03-11 14:18:48,857 call_r_plant Inserted new plant: 57509
INFO 2025-03-11 14:18:49,191 call_r_plant Inserted new plant: 58622
INFO 2025-03-11 14:18:49,529 call_r_plant Inserted new plant: 57210
INFO 2025-03-11 14:18:49,869 call_r_plant Inserted new plant: 56371
INFO 2025-03-11 14:18:50,219 call_r_plant Inserted new plant: 57315
INFO 2025-03-11 14:18:50,551 call_r_plant Inserted new plant: 469
INFO 2025-03-11 14:18:50,884 call_r_plant Inserted new plant: 62952
INFO 2025-03-11 14:18:51,235 call_r_plant Inserted new plant: 57645
INFO 2025-03-11 14:18:51,574 call_r_plant Inserted new plant: 57681
INFO 2025-03-11 14:18:51,928 call_r_plant Inserted new plant: 60511
INFO 2025-03-11 14:18:52,271 call_r_plant Inserted new plant: 10003
INFO 2025-03-11 14:18:52,619 call_r_plant Inserted new plant: 56173
INFO 2025-03-11 14:18:52,957 call_r_plant Inserted new plant: 57174
INFO 2025-03-11 14:18:53,293 call_r_plant Inserted new plant: 470
INFO 2025-03-11 14:18:53,630 call_r_plant Inserted new plant: 59656
INFO 2025-03-11 14:18:53,962 call_r_plant Inserted new plant: 60723
INFO 2025-03-11 14:18:54,312 call_r_plant Inserted new plant: 66095
INFO 2025-03-11 14:18:54,647 call_r_plant Inserted new plant: 66169
INFO 2025-03-11 14:18:54,981 call_r_plant Inserted new plant: 66141
INFO 2025-03-11 14:18:55,328 call_r_plant Inserted new plant: 61425
INFO 2025-03-11 14:18:55,666 call_r_plant Inserted new plant: 6021
INFO 2025-03-11 14:18:56,005 call_r_plant Inserted new plant: 62489
INFO 2025-03-11 14:18:56,356 call_r_plant Inserted new plant: 6159
INFO 2025-03-11 14:18:56,699 call_r_plant Inserted new plant: 56530
INFO 2025-03-11 14:18:57,039 call_r_plant Inserted new plant: 65806
INFO 2025-03-11 14:18:57,377 call_r_plant Inserted new plant: 56815
INFO 2025-03-11 14:18:57,715 call_r_plant Inserted new plant: 59462
INFO 2025-03-11 14:18:58,057 call_r_plant Inserted new plant: 61563
INFO 2025-03-11 14:18:58,391 call_r_plant Inserted new plant: 10421
INFO 2025-03-11 14:18:58,729 call_r_plant Inserted new plant: 61191
INFO 2025-03-11 14:18:59,133 call_r_plant Inserted new plant: 59239
INFO 2025-03-11 14:18:59,467 call_r_plant Inserted new plant: 58574
INFO 2025-03-11 14:18:59,801 call_r_plant Inserted new plant: 66945
INFO 2025-03-11 14:19:00,160 call_r_plant Inserted new plant: 513
INFO 2025-03-11 14:19:00,496 call_r_plant Inserted new plant: 518
INFO 2025-03-11 14:19:00,831 call_r_plant Inserted new plant: 10070
INFO 2025-03-11 14:19:01,175 call_r_plant Inserted new plant: 63022
INFO 2025-03-11 14:19:01,540 call_r_plant Inserted new plant: 8067
INFO 2025-03-11 14:19:01,874 call_r_plant Inserted new plant: 6112
INFO 2025-03-11 14:19:02,217 call_r_plant Inserted new plant: 55453
INFO 2025-03-11 14:19:02,558 call_r_plant Inserted new plant: 55505
INFO 2025-03-11 14:19:02,922 call_r_plant Inserted new plant: 64031
INFO 2025-03-11 14:19:03,260 call_r_plant Inserted new plant: 55283
INFO 2025-03-11 14:19:03,600 call_r_plant Inserted new plant: 59143
INFO 2025-03-11 14:19:03,942 call_r_plant Inserted new plant: 471
INFO 2025-03-11 14:19:04,310 call_r_plant Inserted new plant: 65898
INFO 2025-03-11 14:19:04,661 call_r_plant Inserted new plant: 493
INFO 2025-03-11 14:19:04,996 call_r_plant Inserted new plant: 472
INFO 2025-03-11 14:19:05,335 call_r_plant Inserted new plant: 62663
INFO 2025-03-11 14:19:05,674 call_r_plant Inserted new plant: 65609
INFO 2025-03-11 14:19:06,017 call_r_plant Inserted new plant: 64386
INFO 2025-03-11 14:19:06,357 call_r_plant Inserted new plant: 59974
INFO 2025-03-11 14:19:06,712 call_r_plant Inserted new plant: 60119
INFO 2025-03-11 14:19:07,051 call_r_plant Inserted new plant: 62376
INFO 2025-03-11 14:19:07,397 call_r_plant Inserted new plant: 57377
INFO 2025-03-11 14:19:07,733 call_r_plant Inserted new plant: 516
INFO 2025-03-11 14:19:08,066 call_r_plant Inserted new plant: 10424
INFO 2025-03-11 14:19:08,406 call_r_plant Inserted new plant: 525
INFO 2025-03-11 14:19:08,749 call_r_plant Inserted new plant: 54142
INFO 2025-03-11 14:19:09,085 call_r_plant Inserted new plant: 502
INFO 2025-03-11 14:19:09,425 call_r_plant Inserted new plant: 60008
INFO 2025-03-11 14:19:09,761 call_r_plant Inserted new plant: 58548
INFO 2025-03-11 14:19:10,103 call_r_plant Inserted new plant: 65231
INFO 2025-03-11 14:19:10,442 call_r_plant Inserted new plant: 62373
INFO 2025-03-11 14:19:10,776 call_r_plant Inserted new plant: 63869
INFO 2025-03-11 14:19:11,116 call_r_plant Inserted new plant: 61753
INFO 2025-03-11 14:19:11,467 call_r_plant Inserted new plant: 50707
INFO 2025-03-11 14:19:11,806 call_r_plant Inserted new plant: 64200
INFO 2025-03-11 14:19:12,146 call_r_plant Inserted new plant: 64123
INFO 2025-03-11 14:19:12,480 call_r_plant Inserted new plant: 60320
INFO 2025-03-11 14:19:12,816 call_r_plant Inserted new plant: 504
INFO 2025-03-11 14:19:13,161 call_r_plant Inserted new plant: 57244
INFO 2025-03-11 14:19:13,491 call_r_plant Inserted new plant: 62667
INFO 2025-03-11 14:19:13,831 call_r_plant Inserted new plant: 508
INFO 2025-03-11 14:19:14,195 call_r_plant Inserted new plant: 507
INFO 2025-03-11 14:19:14,535 call_r_plant Inserted new plant: 55504
INFO 2025-03-11 14:19:14,876 call_r_plant Inserted new plant: 59083
INFO 2025-03-11 14:19:15,207 call_r_plant Inserted new plant: 58126
INFO 2025-03-11 14:19:15,545 call_r_plant Inserted new plant: 58127
INFO 2025-03-11 14:19:15,880 call_r_plant Inserted new plant: 60722
INFO 2025-03-11 14:19:16,215 call_r_plant Inserted new plant: 56613
INFO 2025-03-11 14:19:16,549 call_r_plant Inserted new plant: 520
INFO 2025-03-11 14:19:16,891 call_r_plant Inserted new plant: 55127
INFO 2025-03-11 14:19:17,226 call_r_plant Inserted new plant: 494
INFO 2025-03-11 14:19:17,562 call_r_plant Inserted new plant: 492
INFO 2025-03-11 14:19:17,906 call_r_plant Inserted new plant: 517
INFO 2025-03-11 14:19:18,250 call_r_plant Inserted new plant: 7372
INFO 2025-03-11 14:19:18,586 call_r_plant Inserted new plant: 62719
INFO 2025-03-11 14:19:18,921 call_r_plant Inserted new plant: 62718
INFO 2025-03-11 14:19:19,263 call_r_plant Inserted new plant: 59199
INFO 2025-03-11 14:19:19,599 call_r_plant Inserted new plant: 10180
INFO 2025-03-11 14:19:19,939 call_r_plant Inserted new plant: 64024
INFO 2025-03-11 14:19:20,281 call_r_plant Inserted new plant: 514
INFO 2025-03-11 14:19:20,635 call_r_plant Inserted new plant: 6208
INFO 2025-03-11 14:19:20,974 call_r_plant Inserted new plant: 62840
INFO 2025-03-11 14:19:21,313 call_r_plant Inserted new plant: 64352
INFO 2025-03-11 14:19:21,649 call_r_plant Inserted new plant: 63276
INFO 2025-03-11 14:19:21,986 call_r_plant Inserted new plant: 63277
INFO 2025-03-11 14:19:22,335 call_r_plant Inserted new plant: 63379
INFO 2025-03-11 14:19:22,679 call_r_plant Inserted new plant: 65178
INFO 2025-03-11 14:19:23,019 call_r_plant Inserted new plant: 64355
INFO 2025-03-11 14:19:23,369 call_r_plant Inserted new plant: 64353
INFO 2025-03-11 14:19:23,708 call_r_plant Inserted new plant: 64356
INFO 2025-03-11 14:19:24,041 call_r_plant Inserted new plant: 64358
INFO 2025-03-11 14:19:24,374 call_r_plant Inserted new plant: 64357
INFO 2025-03-11 14:19:24,709 call_r_plant Inserted new plant: 63731
INFO 2025-03-11 14:19:25,044 call_r_plant Inserted new plant: 65059
INFO 2025-03-11 14:19:25,390 call_r_plant Inserted new plant: 10423
INFO 2025-03-11 14:19:25,735 call_r_plant Inserted new plant: 57290
INFO 2025-03-11 14:19:26,077 call_r_plant Inserted new plant: 57134
INFO 2025-03-11 14:19:26,411 call_r_plant Inserted new plant: 66736
INFO 2025-03-11 14:19:26,753 call_r_plant Inserted new plant: 66737
INFO 2025-03-11 14:19:27,107 call_r_plant Inserted new plant: 66738
INFO 2025-03-11 14:19:27,439 call_r_plant Inserted new plant: 66739
INFO 2025-03-11 14:19:27,776 call_r_plant Inserted new plant: 66740
INFO 2025-03-11 14:19:28,127 call_r_plant Inserted new plant: 64831
INFO 2025-03-11 14:19:28,465 call_r_plant Inserted new plant: 62243
INFO 2025-03-11 14:19:28,808 call_r_plant Inserted new plant: 62252
INFO 2025-03-11 14:19:29,141 call_r_plant Inserted new plant: 62256
INFO 2025-03-11 14:19:29,486 call_r_plant Inserted new plant: 62253
INFO 2025-03-11 14:19:29,817 call_r_plant Inserted new plant: 62245
INFO 2025-03-11 14:19:30,163 call_r_plant Inserted new plant: 62254
INFO 2025-03-11 14:19:30,499 call_r_plant Inserted new plant: 62224
INFO 2025-03-11 14:19:30,837 call_r_plant Inserted new plant: 62255
INFO 2025-03-11 14:19:31,175 call_r_plant Inserted new plant: 62239
INFO 2025-03-11 14:19:31,511 call_r_plant Inserted new plant: 62244
INFO 2025-03-11 14:19:31,870 call_r_plant Inserted new plant: 62251
INFO 2025-03-11 14:19:32,210 call_r_plant Inserted new plant: 63681
INFO 2025-03-11 14:19:32,554 call_r_plant Inserted new plant: 62495
INFO 2025-03-11 14:19:32,891 call_r_plant Inserted new plant: 61439
INFO 2025-03-11 14:19:33,232 call_r_plant Inserted new plant: 64872
INFO 2025-03-11 14:19:33,570 call_r_plant Inserted new plant: 6248
INFO 2025-03-11 14:19:33,908 call_r_plant Inserted new plant: 60143
INFO 2025-03-11 14:19:34,267 call_r_plant Inserted new plant: 56563
INFO 2025-03-11 14:19:34,603 call_r_plant Inserted new plant: 64212
INFO 2025-03-11 14:19:34,949 call_r_plant Inserted new plant: 59848
INFO 2025-03-11 14:19:35,295 call_r_plant Inserted new plant: 61991
INFO 2025-03-11 14:19:35,629 call_r_plant Inserted new plant: 65084
INFO 2025-03-11 14:19:35,971 call_r_plant Inserted new plant: 64649
INFO 2025-03-11 14:19:36,306 call_r_plant Inserted new plant: 64359
INFO 2025-03-11 14:19:36,651 call_r_plant Inserted new plant: 64650
INFO 2025-03-11 14:19:36,989 call_r_plant Inserted new plant: 64652
INFO 2025-03-11 14:19:37,329 call_r_plant Inserted new plant: 64651
INFO 2025-03-11 14:19:37,673 call_r_plant Inserted new plant: 64654
INFO 2025-03-11 14:19:38,011 call_r_plant Inserted new plant: 64648
INFO 2025-03-11 14:19:38,346 call_r_plant Inserted new plant: 64653
INFO 2025-03-11 14:19:38,679 call_r_plant Inserted new plant: 64655
INFO 2025-03-11 14:19:39,015 call_r_plant Inserted new plant: 55650
INFO 2025-03-11 14:19:39,353 call_r_plant Inserted new plant: 56516
INFO 2025-03-11 14:19:39,692 call_r_plant Inserted new plant: 63753
INFO 2025-03-11 14:19:40,072 call_r_plant Inserted new plant: 519
INFO 2025-03-11 14:19:40,419 call_r_plant Inserted new plant: 460
INFO 2025-03-11 14:19:40,754 call_r_plant Inserted new plant: 56998
INFO 2025-03-11 14:19:41,112 call_r_plant Inserted new plant: 61752
INFO 2025-03-11 14:19:41,452 call_r_plant Inserted new plant: 62664
INFO 2025-03-11 14:19:41,787 call_r_plant Inserted new plant: 57507
INFO 2025-03-11 14:19:42,126 call_r_plant Inserted new plant: 57141
INFO 2025-03-11 14:19:42,460 call_r_plant Inserted new plant: 6761
INFO 2025-03-11 14:19:42,801 call_r_plant Inserted new plant: 63722
INFO 2025-03-11 14:19:43,142 call_r_plant Inserted new plant: 8219
INFO 2025-03-11 14:19:43,475 call_r_plant Inserted new plant: 50267
INFO 2025-03-11 14:19:43,812 call_r_plant Inserted new plant: 55741
INFO 2025-03-11 14:19:44,200 call_r_plant Inserted new plant: 63092
INFO 2025-03-11 14:19:44,554 call_r_plant Inserted new plant: 64265
INFO 2025-03-11 14:19:44,891 call_r_plant Inserted new plant: 6516
INFO 2025-03-11 14:19:45,242 call_r_plant Inserted new plant: 55835
INFO 2025-03-11 14:19:45,580 call_r_plant Inserted new plant: 60619
INFO 2025-03-11 14:19:45,922 call_r_plant Inserted new plant: 495
INFO 2025-03-11 14:19:46,261 call_r_plant Inserted new plant: 58547
INFO 2025-03-11 14:19:46,602 call_r_plant Inserted new plant: 60023
INFO 2025-03-11 14:19:46,935 call_r_plant Inserted new plant: 61314
INFO 2025-03-11 14:19:47,274 call_r_plant Inserted new plant: 63586
INFO 2025-03-11 14:19:47,615 call_r_plant Inserted new plant: 60283
INFO 2025-03-11 14:19:47,954 call_r_plant Inserted new plant: 61462
INFO 2025-03-11 14:19:48,306 call_r_plant Inserted new plant: 64152
INFO 2025-03-11 14:19:48,643 call_r_plant Inserted new plant: 60497
INFO 2025-03-11 14:19:49,000 call_r_plant Inserted new plant: 63587
INFO 2025-03-11 14:19:49,347 call_r_plant Inserted new plant: 474
INFO 2025-03-11 14:19:49,713 call_r_plant Inserted new plant: 60304
INFO 2025-03-11 14:19:50,050 call_r_plant Inserted new plant: 61472
INFO 2025-03-11 14:19:50,394 call_r_plant Inserted new plant: 61605
INFO 2025-03-11 14:19:50,736 call_r_plant Inserted new plant: 57317
INFO 2025-03-11 14:19:51,074 call_r_plant Inserted new plant: 61189
INFO 2025-03-11 14:19:51,410 call_r_plant Inserted new plant: 61190
INFO 2025-03-11 14:19:51,749 call_r_plant Inserted new plant: 476
INFO 2025-03-11 14:19:52,115 call_r_plant Inserted new plant: 60248
INFO 2025-03-11 14:19:52,482 call_r_plant Inserted new plant: 58783
INFO 2025-03-11 14:19:52,821 call_r_plant Inserted new plant: 58784
INFO 2025-03-11 14:19:53,172 call_r_plant Inserted new plant: 56445
INFO 2025-03-11 14:19:53,529 call_r_plant Inserted new plant: 56320
INFO 2025-03-11 14:19:53,859 call_r_plant Inserted new plant: 58769
INFO 2025-03-11 14:19:54,199 call_r_plant Inserted new plant: 8100
INFO 2025-03-11 14:19:54,548 call_r_plant Inserted new plant: 67160
INFO 2025-03-11 14:19:54,883 call_r_plant Inserted new plant: 59198
INFO 2025-03-11 14:19:55,219 call_r_plant Inserted new plant: 10081
INFO 2025-03-11 14:19:55,560 call_r_plant Inserted new plant: 50435
INFO 2025-03-11 14:19:55,899 call_r_plant Inserted new plant: 65032
INFO 2025-03-11 14:19:56,253 call_r_plant Inserted new plant: 56481
INFO 2025-03-11 14:19:56,592 call_r_plant Inserted new plant: 59742
INFO 2025-03-11 14:19:56,943 call_r_plant Inserted new plant: 6206
INFO 2025-03-11 14:19:57,292 call_r_plant Inserted new plant: 54729
INFO 2025-03-11 14:19:57,675 call_r_plant Inserted new plant: 7233
INFO 2025-03-11 14:19:58,035 call_r_plant Inserted new plant: 63776
INFO 2025-03-11 14:19:58,397 call_r_plant Inserted new plant: 61811
INFO 2025-03-11 14:19:58,757 call_r_plant Inserted new plant: 63163
INFO 2025-03-11 14:19:59,193 call_r_plant Inserted new plant: 7373
INFO 2025-03-11 14:19:59,532 call_r_plant Inserted new plant: 58901
INFO 2025-03-11 14:19:59,902 call_r_plant Inserted new plant: 511
INFO 2025-03-11 14:20:00,241 call_r_plant Inserted new plant: 62260
INFO 2025-03-11 14:20:00,581 call_r_plant Inserted new plant: 64388
INFO 2025-03-11 14:20:00,914 call_r_plant Inserted new plant: 61040
INFO 2025-03-11 14:20:01,260 call_r_plant Inserted new plant: 56460
INFO 2025-03-11 14:20:01,607 call_r_plant Inserted new plant: 65990
INFO 2025-03-11 14:20:01,945 call_r_plant Inserted new plant: 54372
INFO 2025-03-11 14:20:02,284 call_r_plant Inserted new plant: 521
INFO 2025-03-11 14:20:02,624 call_r_plant Inserted new plant: 50206
INFO 2025-03-11 14:20:02,966 call_r_plant Inserted new plant: 60247
INFO 2025-03-11 14:20:03,315 call_r_plant Inserted new plant: 477
INFO 2025-03-11 14:20:03,664 call_r_plant Inserted new plant: 55207
INFO 2025-03-11 14:20:04,004 call_r_plant Inserted new plant: 65520
INFO 2025-03-11 14:20:04,344 call_r_plant Inserted new plant: 64880
INFO 2025-03-11 14:20:04,686 call_r_plant Inserted new plant: 65235
INFO 2025-03-11 14:20:05,022 call_r_plant Inserted new plant: 65236
INFO 2025-03-11 14:20:05,355 call_r_plant Inserted new plant: 65237
INFO 2025-03-11 14:20:05,692 call_r_plant Inserted new plant: 57643
INFO 2025-03-11 14:20:06,029 call_r_plant Inserted new plant: 60764
INFO 2025-03-11 14:20:06,368 call_r_plant Inserted new plant: 61606
INFO 2025-03-11 14:20:06,702 call_r_plant Inserted new plant: 56922
INFO 2025-03-11 14:20:07,047 call_r_plant Inserted new plant: 60720
INFO 2025-03-11 14:20:07,396 call_r_plant Inserted new plant: 58081
INFO 2025-03-11 14:20:07,743 call_r_plant Inserted new plant: 63164
INFO 2025-03-11 14:20:08,079 call_r_plant Inserted new plant: 10422
INFO 2025-03-11 14:20:08,420 call_r_plant Inserted new plant: 50205
INFO 2025-03-11 14:20:08,756 call_r_plant Inserted new plant: 60726
INFO 2025-03-11 14:20:09,096 call_r_plant Inserted new plant: 60725
INFO 2025-03-11 14:20:09,430 call_r_plant Inserted new plant: 62615
INFO 2025-03-11 14:20:09,762 call_r_plant Inserted new plant: 62026
INFO 2025-03-11 14:20:10,100 call_r_plant Inserted new plant: 59788
INFO 2025-03-11 14:20:10,440 call_r_plant Inserted new plant: 10567
INFO 2025-03-11 14:20:10,779 call_r_plant Inserted new plant: 6635
INFO 2025-03-11 14:20:11,120 call_r_plant Inserted new plant: 63537
INFO 2025-03-11 14:20:11,459 call_r_plant Inserted new plant: 59495
INFO 2025-03-11 14:20:11,802 call_r_plant Inserted new plant: 59415
INFO 2025-03-11 14:20:12,140 call_r_plant Inserted new plant: 61728
INFO 2025-03-11 14:20:12,481 call_r_plant Inserted new plant: 65287
INFO 2025-03-11 14:20:12,821 call_r_plant Inserted new plant: 63262
INFO 2025-03-11 14:20:13,170 call_r_plant Inserted new plant: 64217
INFO 2025-03-11 14:20:13,499 call_r_plant Inserted new plant: 58327
INFO 2025-03-11 14:20:13,828 call_r_plant Inserted new plant: 540
INFO 2025-03-11 14:20:14,195 call_r_plant Inserted new plant: 63288
INFO 2025-03-11 14:20:14,541 call_r_plant Inserted new plant: 57598
INFO 2025-03-11 14:20:14,887 call_r_plant Inserted new plant: 55042
INFO 2025-03-11 14:20:15,241 call_r_plant Inserted new plant: 58551
INFO 2025-03-11 14:20:15,585 call_r_plant Inserted new plant: 568
INFO 2025-03-11 14:20:15,929 call_r_plant Inserted new plant: 64978
INFO 2025-03-11 14:20:16,270 call_r_plant Inserted new plant: 541
INFO 2025-03-11 14:20:16,637 call_r_plant Inserted new plant: 67506
INFO 2025-03-11 14:20:16,974 call_r_plant Inserted new plant: 65784
INFO 2025-03-11 14:20:17,312 call_r_plant Inserted new plant: 58224
INFO 2025-03-11 14:20:17,643 call_r_plant Inserted new plant: 58237
INFO 2025-03-11 14:20:17,979 call_r_plant Inserted new plant: 58365
INFO 2025-03-11 14:20:18,327 call_r_plant Inserted new plant: 60225
INFO 2025-03-11 14:20:18,666 call_r_plant Inserted new plant: 60608
INFO 2025-03-11 14:20:19,006 call_r_plant Inserted new plant: 60609
INFO 2025-03-11 14:20:19,345 call_r_plant Inserted new plant: 60607
INFO 2025-03-11 14:20:19,685 call_r_plant Inserted new plant: 60605
INFO 2025-03-11 14:20:20,017 call_r_plant Inserted new plant: 63374
INFO 2025-03-11 14:20:20,354 call_r_plant Inserted new plant: 63375
INFO 2025-03-11 14:20:20,684 call_r_plant Inserted new plant: 56047
INFO 2025-03-11 14:20:21,030 call_r_plant Inserted new plant: 61398
INFO 2025-03-11 14:20:21,359 call_r_plant Inserted new plant: 61408
INFO 2025-03-11 14:20:21,691 call_r_plant Inserted new plant: 58116
INFO 2025-03-11 14:20:22,027 call_r_plant Inserted new plant: 65152
INFO 2025-03-11 14:20:22,365 call_r_plant Inserted new plant: 60228
INFO 2025-03-11 14:20:22,707 call_r_plant Inserted new plant: 66152
INFO 2025-03-11 14:20:23,052 call_r_plant Inserted new plant: 63358
INFO 2025-03-11 14:20:23,395 call_r_plant Inserted new plant: 542
INFO 2025-03-11 14:20:23,735 call_r_plant Inserted new plant: 50648
INFO 2025-03-11 14:20:24,069 call_r_plant Inserted new plant: 10646
INFO 2025-03-11 14:20:24,438 call_r_plant Inserted new plant: 62657
INFO 2025-03-11 14:20:24,778 call_r_plant Inserted new plant: 58152
INFO 2025-03-11 14:20:25,113 call_r_plant Inserted new plant: 10063
INFO 2025-03-11 14:20:25,444 call_r_plant Inserted new plant: 544
INFO 2025-03-11 14:20:25,805 call_r_plant Inserted new plant: 63245
INFO 2025-03-11 14:20:26,149 call_r_plant Inserted new plant: 62455
INFO 2025-03-11 14:20:26,486 call_r_plant Inserted new plant: 67744
INFO 2025-03-11 14:20:26,837 call_r_plant Inserted new plant: 65667
INFO 2025-03-11 14:20:27,172 call_r_plant Inserted new plant: 66429
INFO 2025-03-11 14:20:27,503 call_r_plant Inserted new plant: 64753
INFO 2025-03-11 14:20:27,837 call_r_plant Inserted new plant: 56928
INFO 2025-03-11 14:20:28,169 call_r_plant Inserted new plant: 560
INFO 2025-03-11 14:20:28,502 call_r_plant Inserted new plant: 64219
INFO 2025-03-11 14:20:28,836 call_r_plant Inserted new plant: 57599
INFO 2025-03-11 14:20:29,172 call_r_plant Inserted new plant: 57666
INFO 2025-03-11 14:20:29,505 call_r_plant Inserted new plant: 561
INFO 2025-03-11 14:20:29,840 call_r_plant Inserted new plant: 62021
INFO 2025-03-11 14:20:30,190 call_r_plant Inserted new plant: 58664
INFO 2025-03-11 14:20:30,523 call_r_plant Inserted new plant: 58876
INFO 2025-03-11 14:20:30,854 call_r_plant Inserted new plant: 57601
INFO 2025-03-11 14:20:31,185 call_r_plant Inserted new plant: 57070
INFO 2025-03-11 14:20:31,519 call_r_plant Inserted new plant: 66053
INFO 2025-03-11 14:20:31,857 call_r_plant Inserted new plant: 54302
INFO 2025-03-11 14:20:32,214 call_r_plant Inserted new plant: 57179
INFO 2025-03-11 14:20:32,553 call_r_plant Inserted new plant: 62025
INFO 2025-03-11 14:20:32,885 call_r_plant Inserted new plant: 52061
INFO 2025-03-11 14:20:33,227 call_r_plant Inserted new plant: 60909
INFO 2025-03-11 14:20:33,579 call_r_plant Inserted new plant: 59801
INFO 2025-03-11 14:20:33,921 call_r_plant Inserted new plant: 61820
INFO 2025-03-11 14:20:34,253 call_r_plant Inserted new plant: 63240
INFO 2025-03-11 14:20:34,589 call_r_plant Inserted new plant: 62024
INFO 2025-03-11 14:20:34,926 call_r_plant Inserted new plant: 57602
INFO 2025-03-11 14:20:35,266 call_r_plant Inserted new plant: 58084
INFO 2025-03-11 14:20:35,623 call_r_plant Inserted new plant: 54385
INFO 2025-03-11 14:20:35,956 call_r_plant Inserted new plant: 56798
INFO 2025-03-11 14:20:36,302 call_r_plant Inserted new plant: 57603
INFO 2025-03-11 14:20:36,645 call_r_plant Inserted new plant: 55149
INFO 2025-03-11 14:20:36,987 call_r_plant Inserted new plant: 57604
INFO 2025-03-11 14:20:37,330 call_r_plant Inserted new plant: 64218
INFO 2025-03-11 14:20:37,670 call_r_plant Inserted new plant: 62639
INFO 2025-03-11 14:20:38,009 call_r_plant Inserted new plant: 62640
INFO 2025-03-11 14:20:38,350 call_r_plant Inserted new plant: 65353
INFO 2025-03-11 14:20:38,687 call_r_plant Inserted new plant: 65198
INFO 2025-03-11 14:20:39,032 call_r_plant Inserted new plant: 65197
INFO 2025-03-11 14:20:39,362 call_r_plant Inserted new plant: 562
INFO 2025-03-11 14:20:39,691 call_r_plant Inserted new plant: 55126
INFO 2025-03-11 14:20:40,035 call_r_plant Inserted new plant: 566
INFO 2025-03-11 14:20:40,378 call_r_plant Inserted new plant: 546
INFO 2025-03-11 14:20:40,719 call_r_plant Inserted new plant: 61743
INFO 2025-03-11 14:20:41,055 call_r_plant Inserted new plant: 6156
INFO 2025-03-11 14:20:41,438 call_r_plant Inserted new plant: 50564
INFO 2025-03-11 14:20:41,795 call_r_plant Inserted new plant: 66201
INFO 2025-03-11 14:20:42,133 call_r_plant Inserted new plant: 67327
INFO 2025-03-11 14:20:42,492 call_r_plant Inserted new plant: 67326
INFO 2025-03-11 14:20:42,842 call_r_plant Inserted new plant: 57689
INFO 2025-03-11 14:20:43,181 call_r_plant Inserted new plant: 62318
INFO 2025-03-11 14:20:43,517 call_r_plant Inserted new plant: 63673
INFO 2025-03-11 14:20:43,864 call_r_plant Inserted new plant: 581
INFO 2025-03-11 14:20:44,219 call_r_plant Inserted new plant: 57624
INFO 2025-03-11 14:20:44,559 call_r_plant Inserted new plant: 63592
INFO 2025-03-11 14:20:44,899 call_r_plant Inserted new plant: 67351
INFO 2025-03-11 14:20:45,242 call_r_plant Inserted new plant: 59967
INFO 2025-03-11 14:20:45,598 call_r_plant Inserted new plant: 60392
INFO 2025-03-11 14:20:45,937 call_r_plant Inserted new plant: 54236
INFO 2025-03-11 14:20:46,281 call_r_plant Inserted new plant: 56847
INFO 2025-03-11 14:20:46,635 call_r_plant Inserted new plant: 64370
INFO 2025-03-11 14:20:46,979 call_r_plant Inserted new plant: 63263
INFO 2025-03-11 14:20:47,339 call_r_plant Inserted new plant: 67423
INFO 2025-03-11 14:20:47,696 call_r_plant Inserted new plant: 67422
INFO 2025-03-11 14:20:48,037 call_r_plant Inserted new plant: 54605
INFO 2025-03-11 14:20:48,373 call_r_plant Inserted new plant: 55860
INFO 2025-03-11 14:20:48,705 call_r_plant Inserted new plant: 64387
INFO 2025-03-11 14:20:49,043 call_r_plant Inserted new plant: 559
INFO 2025-03-11 14:20:49,405 call_r_plant Inserted new plant: 58184
INFO 2025-03-11 14:20:49,751 call_r_plant Inserted new plant: 539
INFO 2025-03-11 14:20:50,090 call_r_plant Inserted new plant: 67478
INFO 2025-03-11 14:20:50,425 call_r_plant Inserted new plant: 551
INFO 2025-03-11 14:20:50,756 call_r_plant Inserted new plant: 552
INFO 2025-03-11 14:20:51,109 call_r_plant Inserted new plant: 63239
INFO 2025-03-11 14:20:51,444 call_r_plant Inserted new plant: 61703
INFO 2025-03-11 14:20:51,801 call_r_plant Inserted new plant: 58554
INFO 2025-03-11 14:20:52,161 call_r_plant Inserted new plant: 563
INFO 2025-03-11 14:20:52,498 call_r_plant Inserted new plant: 63302
INFO 2025-03-11 14:20:52,832 call_r_plant Inserted new plant: 65668
INFO 2025-03-11 14:20:53,167 call_r_plant Inserted new plant: 60880
INFO 2025-03-11 14:20:53,504 call_r_plant Inserted new plant: 64515
INFO 2025-03-11 14:20:53,837 call_r_plant Inserted new plant: 553
INFO 2025-03-11 14:20:54,196 call_r_plant Inserted new plant: 59701
INFO 2025-03-11 14:20:54,536 call_r_plant Inserted new plant: 63244
INFO 2025-03-11 14:20:54,867 call_r_plant Inserted new plant: 60683
INFO 2025-03-11 14:20:55,219 call_r_plant Inserted new plant: 554
INFO 2025-03-11 14:20:55,555 call_r_plant Inserted new plant: 583
INFO 2025-03-11 14:20:55,893 call_r_plant Inserted new plant: 63354
INFO 2025-03-11 14:20:56,228 call_r_plant Inserted new plant: 64977
INFO 2025-03-11 14:20:56,565 call_r_plant Inserted new plant: 565
INFO 2025-03-11 14:20:56,899 call_r_plant Inserted new plant: 62076
INFO 2025-03-11 14:20:57,232 call_r_plant Inserted new plant: 61541
INFO 2025-03-11 14:20:57,568 call_r_plant Inserted new plant: 61786
INFO 2025-03-11 14:20:57,927 call_r_plant Inserted new plant: 557
INFO 2025-03-11 14:20:58,269 call_r_plant Inserted new plant: 63438
INFO 2025-03-11 14:20:58,607 call_r_plant Inserted new plant: 58159
INFO 2025-03-11 14:20:58,955 call_r_plant Inserted new plant: 60109
INFO 2025-03-11 14:20:59,320 call_r_plant Inserted new plant: 60054
INFO 2025-03-11 14:20:59,669 call_r_plant Inserted new plant: 60040
INFO 2025-03-11 14:20:59,997 call_r_plant Inserted new plant: 60593
INFO 2025-03-11 14:21:00,341 call_r_plant Inserted new plant: 55517
INFO 2025-03-11 14:21:00,682 call_r_plant Inserted new plant: 64559
INFO 2025-03-11 14:21:01,020 call_r_plant Inserted new plant: 57605
INFO 2025-03-11 14:21:01,372 call_r_plant Inserted new plant: 56629
INFO 2025-03-11 14:21:01,708 call_r_plant Inserted new plant: 56189
INFO 2025-03-11 14:21:02,037 call_r_plant Inserted new plant: 64979
INFO 2025-03-11 14:21:02,398 call_r_plant Inserted new plant: 58158
INFO 2025-03-11 14:21:02,733 call_r_plant Inserted new plant: 50883
INFO 2025-03-11 14:21:03,086 call_r_plant Inserted new plant: 54758
INFO 2025-03-11 14:21:03,420 call_r_plant Inserted new plant: 62023
INFO 2025-03-11 14:21:03,759 call_r_plant Inserted new plant: 60700
INFO 2025-03-11 14:21:04,101 call_r_plant Inserted new plant: 61736
INFO 2025-03-11 14:21:04,479 call_r_plant Inserted new plant: 66455
INFO 2025-03-11 14:21:04,822 call_r_plant Inserted new plant: 63970
INFO 2025-03-11 14:21:05,157 call_r_plant Inserted new plant: 63347
INFO 2025-03-11 14:21:05,491 call_r_plant Inserted new plant: 65133
INFO 2025-03-11 14:21:05,825 call_r_plant Inserted new plant: 63917
INFO 2025-03-11 14:21:06,162 call_r_plant Inserted new plant: 57788
INFO 2025-03-11 14:21:06,508 call_r_plant Inserted new plant: 63428
INFO 2025-03-11 14:21:06,843 call_r_plant Inserted new plant: 62374
INFO 2025-03-11 14:21:07,177 call_r_plant Inserted new plant: 62710
INFO 2025-03-11 14:21:07,513 call_r_plant Inserted new plant: 66698
INFO 2025-03-11 14:21:07,848 call_r_plant Inserted new plant: 64379
INFO 2025-03-11 14:21:08,187 call_r_plant Inserted new plant: 63478
INFO 2025-03-11 14:21:08,526 call_r_plant Inserted new plant: 65958
INFO 2025-03-11 14:21:08,865 call_r_plant Inserted new plant: 65176
INFO 2025-03-11 14:21:09,207 call_r_plant Inserted new plant: 59012
INFO 2025-03-11 14:21:09,548 call_r_plant Inserted new plant: 63700
INFO 2025-03-11 14:21:09,884 call_r_plant Inserted new plant: 56430
INFO 2025-03-11 14:21:10,233 call_r_plant Inserted new plant: 56429
INFO 2025-03-11 14:21:10,577 call_r_plant Inserted new plant: 65791
INFO 2025-03-11 14:21:10,910 call_r_plant Inserted new plant: 58110
INFO 2025-03-11 14:21:11,248 call_r_plant Inserted new plant: 58473
INFO 2025-03-11 14:21:11,592 call_r_plant Inserted new plant: 591
INFO 2025-03-11 14:21:11,931 call_r_plant Inserted new plant: 59783
INFO 2025-03-11 14:21:12,267 call_r_plant Inserted new plant: 59715
INFO 2025-03-11 14:21:12,600 call_r_plant Inserted new plant: 63392
INFO 2025-03-11 14:21:12,934 call_r_plant Inserted new plant: 61800
INFO 2025-03-11 14:21:13,268 call_r_plant Inserted new plant: 592
INFO 2025-03-11 14:21:13,606 call_r_plant Inserted new plant: 52193
INFO 2025-03-11 14:21:13,949 call_r_plant Inserted new plant: 57337
INFO 2025-03-11 14:21:14,324 call_r_plant Inserted new plant: 65304
INFO 2025-03-11 14:21:14,667 call_r_plant Inserted new plant: 593
INFO 2025-03-11 14:21:15,023 call_r_plant Inserted new plant: 10030
INFO 2025-03-11 14:21:15,357 call_r_plant Inserted new plant: 57349
INFO 2025-03-11 14:21:15,698 call_r_plant Inserted new plant: 7153
INFO 2025-03-11 14:21:16,062 call_r_plant Inserted new plant: 594
INFO 2025-03-11 14:21:16,403 call_r_plant Inserted new plant: 57330
INFO 2025-03-11 14:21:16,736 call_r_plant Inserted new plant: 58228
INFO 2025-03-11 14:21:17,074 call_r_plant Inserted new plant: 61206
INFO 2025-03-11 14:21:17,408 call_r_plant Inserted new plant: 57772
INFO 2025-03-11 14:21:17,753 call_r_plant Inserted new plant: 58433
INFO 2025-03-11 14:21:18,094 call_r_plant Inserted new plant: 59922
INFO 2025-03-11 14:21:18,440 call_r_plant Inserted new plant: 57176
INFO 2025-03-11 14:21:18,785 call_r_plant Inserted new plant: 7318
INFO 2025-03-11 14:21:19,156 call_r_plant Inserted new plant: 61934
INFO 2025-03-11 14:21:19,488 call_r_plant Inserted new plant: 7962
INFO 2025-03-11 14:21:19,821 call_r_plant Inserted new plant: 597
INFO 2025-03-11 14:21:20,167 call_r_plant Inserted new plant: 61247
INFO 2025-03-11 14:21:20,504 call_r_plant Inserted new plant: 61246
INFO 2025-03-11 14:21:20,838 call_r_plant Inserted new plant: 61388
INFO 2025-03-11 14:21:21,171 call_r_plant Inserted new plant: 61653
INFO 2025-03-11 14:21:21,506 call_r_plant Inserted new plant: 63254
INFO 2025-03-11 14:21:21,843 call_r_plant Inserted new plant: 8048
INFO 2025-03-11 14:21:22,183 call_r_plant Inserted new plant: 10431
INFO 2025-03-11 14:21:22,518 call_r_plant Inserted new plant: 65431
INFO 2025-03-11 14:21:22,854 call_r_plant Inserted new plant: 65432
INFO 2025-03-11 14:21:23,193 call_r_plant Inserted new plant: 688
INFO 2025-03-11 14:21:23,531 call_r_plant Inserted new plant: 62634
INFO 2025-03-11 14:21:23,865 call_r_plant Inserted new plant: 59993
INFO 2025-03-11 14:21:24,204 call_r_plant Inserted new plant: 61654
INFO 2025-03-11 14:21:24,540 call_r_plant Inserted new plant: 10008
INFO 2025-03-11 14:21:24,879 call_r_plant Inserted new plant: 61051
INFO 2025-03-11 14:21:25,218 call_r_plant Inserted new plant: 61879
INFO 2025-03-11 14:21:25,560 call_r_plant Inserted new plant: 65171
INFO 2025-03-11 14:21:25,898 call_r_plant Inserted new plant: 64145
INFO 2025-03-11 14:21:26,241 call_r_plant Inserted new plant: 627
INFO 2025-03-11 14:21:26,572 call_r_plant Inserted new plant: 7873
INFO 2025-03-11 14:21:26,907 call_r_plant Inserted new plant: 65519
INFO 2025-03-11 14:21:27,243 call_r_plant Inserted new plant: 645
INFO 2025-03-11 14:21:27,577 call_r_plant Inserted new plant: 65771
INFO 2025-03-11 14:21:27,921 call_r_plant Inserted new plant: 65772
INFO 2025-03-11 14:21:28,258 call_r_plant Inserted new plant: 64641
INFO 2025-03-11 14:21:28,601 call_r_plant Inserted new plant: 65433
INFO 2025-03-11 14:21:28,933 call_r_plant Inserted new plant: 61029
INFO 2025-03-11 14:21:29,266 call_r_plant Inserted new plant: 62631
INFO 2025-03-11 14:21:29,600 call_r_plant Inserted new plant: 64757
INFO 2025-03-11 14:21:29,937 call_r_plant Inserted new plant: 65420
INFO 2025-03-11 14:21:30,271 call_r_plant Inserted new plant: 61655
INFO 2025-03-11 14:21:30,605 call_r_plant Inserted new plant: 7846
INFO 2025-03-11 14:21:30,937 call_r_plant Inserted new plant: 61777
INFO 2025-03-11 14:21:31,282 call_r_plant Inserted new plant: 50466
INFO 2025-03-11 14:21:31,633 call_r_plant Inserted new plant: 58618
INFO 2025-03-11 14:21:31,966 call_r_plant Inserted new plant: 676
INFO 2025-03-11 14:21:32,299 call_r_plant Inserted new plant: 50572
INFO 2025-03-11 14:21:32,631 call_r_plant Inserted new plant: 7238
INFO 2025-03-11 14:21:32,994 call_r_plant Inserted new plant: 609
INFO 2025-03-11 14:21:33,330 call_r_plant Inserted new plant: 63996
INFO 2025-03-11 14:21:33,671 call_r_plant Inserted new plant: 62632
INFO 2025-03-11 14:21:34,026 call_r_plant Inserted new plant: 54623
INFO 2025-03-11 14:21:34,372 call_r_plant Inserted new plant: 675
INFO 2025-03-11 14:21:34,742 call_r_plant Inserted new plant: 63982
INFO 2025-03-11 14:21:35,079 call_r_plant Inserted new plant: 65421
INFO 2025-03-11 14:21:35,419 call_r_plant Inserted new plant: 61988
INFO 2025-03-11 14:21:35,768 call_r_plant Inserted new plant: 60061
INFO 2025-03-11 14:21:36,113 call_r_plant Inserted new plant: 50482
INFO 2025-03-11 14:21:36,455 call_r_plant Inserted new plant: 60582
INFO 2025-03-11 14:21:36,793 call_r_plant Inserted new plant: 61982
INFO 2025-03-11 14:21:37,121 call_r_plant Inserted new plant: 61022
INFO 2025-03-11 14:21:37,458 call_r_plant Inserted new plant: 65036
INFO 2025-03-11 14:21:37,841 call_r_plant Inserted new plant: 50629
INFO 2025-03-11 14:21:38,172 call_r_plant Inserted new plant: 628
INFO 2025-03-11 14:21:38,509 call_r_plant Inserted new plant: 564
INFO 2025-03-11 14:21:38,853 call_r_plant Inserted new plant: 10020
INFO 2025-03-11 14:21:39,191 call_r_plant Inserted new plant: 10188
INFO 2025-03-11 14:21:39,524 call_r_plant Inserted new plant: 60005
INFO 2025-03-11 14:21:39,867 call_r_plant Inserted new plant: 56929
INFO 2025-03-11 14:21:40,201 call_r_plant Inserted new plant: 6046
INFO 2025-03-11 14:21:40,540 call_r_plant Inserted new plant: 62542
INFO 2025-03-11 14:21:40,888 call_r_plant Inserted new plant: 663
INFO 2025-03-11 14:21:41,250 call_r_plant Inserted new plant: 57241
INFO 2025-03-11 14:21:41,582 call_r_plant Inserted new plant: 63109
INFO 2025-03-11 14:21:41,918 call_r_plant Inserted new plant: 66129
INFO 2025-03-11 14:21:42,264 call_r_plant Inserted new plant: 63978
INFO 2025-03-11 14:21:42,605 call_r_plant Inserted new plant: 63495
INFO 2025-03-11 14:21:42,940 call_r_plant Inserted new plant: 62490
INFO 2025-03-11 14:21:43,273 call_r_plant Inserted new plant: 62925
INFO 2025-03-11 14:21:43,612 call_r_plant Inserted new plant: 60025
INFO 2025-03-11 14:21:43,955 call_r_plant Inserted new plant: 65041
INFO 2025-03-11 14:21:44,317 call_r_plant Inserted new plant: 65423
INFO 2025-03-11 14:21:44,659 call_r_plant Inserted new plant: 60006
INFO 2025-03-11 14:21:44,996 call_r_plant Inserted new plant: 63187
INFO 2025-03-11 14:21:45,342 call_r_plant Inserted new plant: 65438
INFO 2025-03-11 14:21:45,676 call_r_plant Inserted new plant: 65422
INFO 2025-03-11 14:21:46,012 call_r_plant Inserted new plant: 65593
INFO 2025-03-11 14:21:46,352 call_r_plant Inserted new plant: 65594
INFO 2025-03-11 14:21:46,690 call_r_plant Inserted new plant: 65427
INFO 2025-03-11 14:21:47,038 call_r_plant Inserted new plant: 65592
INFO 2025-03-11 14:21:47,391 call_r_plant Inserted new plant: 65429
INFO 2025-03-11 14:21:47,725 call_r_plant Inserted new plant: 10202
INFO 2025-03-11 14:21:48,075 call_r_plant Inserted new plant: 10562
INFO 2025-03-11 14:21:48,450 call_r_plant Inserted new plant: 7954
INFO 2025-03-11 14:21:48,787 call_r_plant Inserted new plant: 65424
INFO 2025-03-11 14:21:49,121 call_r_plant Inserted new plant: 10275
INFO 2025-03-11 14:21:49,464 call_r_plant Inserted new plant: 64300
INFO 2025-03-11 14:21:49,808 call_r_plant Inserted new plant: 64533
INFO 2025-03-11 14:21:50,143 call_r_plant Inserted new plant: 612
INFO 2025-03-11 14:21:50,489 call_r_plant Inserted new plant: 665
INFO 2025-03-11 14:21:50,830 call_r_plant Inserted new plant: 57128
INFO 2025-03-11 14:21:51,178 call_r_plant Inserted new plant: 10611
INFO 2025-03-11 14:21:51,514 call_r_plant Inserted new plant: 65038
INFO 2025-03-11 14:21:51,892 call_r_plant Inserted new plant: 60124
INFO 2025-03-11 14:21:52,234 call_r_plant Inserted new plant: 61656
INFO 2025-03-11 14:21:52,572 call_r_plant Inserted new plant: 56799
INFO 2025-03-11 14:21:52,913 call_r_plant Inserted new plant: 65042
INFO 2025-03-11 14:21:53,255 call_r_plant Inserted new plant: 641
INFO 2025-03-11 14:21:53,589 call_r_plant Inserted new plant: 59689
INFO 2025-03-11 14:21:53,927 call_r_plant Inserted new plant: 59690
INFO 2025-03-11 14:21:54,270 call_r_plant Inserted new plant: 59691
INFO 2025-03-11 14:21:54,609 call_r_plant Inserted new plant: 63754
INFO 2025-03-11 14:21:54,940 call_r_plant Inserted new plant: 61807
INFO 2025-03-11 14:21:55,280 call_r_plant Inserted new plant: 61024
INFO 2025-03-11 14:21:55,617 call_r_plant Inserted new plant: 50949
INFO 2025-03-11 14:21:55,969 call_r_plant Inserted new plant: 65173
INFO 2025-03-11 14:21:56,305 call_r_plant Inserted new plant: 63582
INFO 2025-03-11 14:21:56,636 call_r_plant Inserted new plant: 62778
INFO 2025-03-11 14:21:56,974 call_r_plant Inserted new plant: 61779
INFO 2025-03-11 14:21:57,307 call_r_plant Inserted new plant: 62206
INFO 2025-03-11 14:21:57,643 call_r_plant Inserted new plant: 65172
INFO 2025-03-11 14:21:57,979 call_r_plant Inserted new plant: 65170
INFO 2025-03-11 14:21:58,319 call_r_plant Inserted new plant: 50858
INFO 2025-03-11 14:21:58,680 call_r_plant Inserted new plant: 7302
INFO 2025-03-11 14:21:59,107 call_r_plant Inserted new plant: 61021
INFO 2025-03-11 14:21:59,452 call_r_plant Inserted new plant: 54347
INFO 2025-03-11 14:21:59,788 call_r_plant Inserted new plant: 61821
INFO 2025-03-11 14:22:00,126 call_r_plant Inserted new plant: 61173
INFO 2025-03-11 14:22:00,465 call_r_plant Inserted new plant: 58012
INFO 2025-03-11 14:22:00,812 call_r_plant Inserted new plant: 63186
INFO 2025-03-11 14:22:01,147 call_r_plant Inserted new plant: 65040
INFO 2025-03-11 14:22:01,486 call_r_plant Inserted new plant: 55318
INFO 2025-03-11 14:22:01,819 call_r_plant Inserted new plant: 683
INFO 2025-03-11 14:22:02,166 call_r_plant Inserted new plant: 61020
INFO 2025-03-11 14:22:02,503 call_r_plant Inserted new plant: 8049
INFO 2025-03-11 14:22:02,844 call_r_plant Inserted new plant: 50250
INFO 2025-03-11 14:22:03,176 call_r_plant Inserted new plant: 61768
INFO 2025-03-11 14:22:03,529 call_r_plant Inserted new plant: 666
INFO 2025-03-11 14:22:03,863 call_r_plant Inserted new plant: 664
INFO 2025-03-11 14:22:04,199 call_r_plant Inserted new plant: 690
INFO 2025-03-11 14:22:04,536 call_r_plant Inserted new plant: 60701
INFO 2025-03-11 14:22:04,871 call_r_plant Inserted new plant: 67729
INFO 2025-03-11 14:22:05,199 call_r_plant Inserted new plant: 57202
INFO 2025-03-11 14:22:05,552 call_r_plant Inserted new plant: 64631
INFO 2025-03-11 14:22:05,890 call_r_plant Inserted new plant: 66392
INFO 2025-03-11 14:22:06,234 call_r_plant Inserted new plant: 63998
INFO 2025-03-11 14:22:06,579 call_r_plant Inserted new plant: 64752
INFO 2025-03-11 14:22:06,915 call_r_plant Inserted new plant: 65683
INFO 2025-03-11 14:22:07,252 call_r_plant Inserted new plant: 59611
INFO 2025-03-11 14:22:07,589 call_r_plant Inserted new plant: 61657
INFO 2025-03-11 14:22:07,924 call_r_plant Inserted new plant: 66128
INFO 2025-03-11 14:22:08,271 call_r_plant Inserted new plant: 62541
INFO 2025-03-11 14:22:08,606 call_r_plant Inserted new plant: 59754
INFO 2025-03-11 14:22:08,940 call_r_plant Inserted new plant: 59744
INFO 2025-03-11 14:22:09,314 call_r_plant Inserted new plant: 62922
INFO 2025-03-11 14:22:09,643 call_r_plant Inserted new plant: 643
INFO 2025-03-11 14:22:09,984 call_r_plant Inserted new plant: 613
INFO 2025-03-11 14:22:10,324 call_r_plant Inserted new plant: 65684
INFO 2025-03-11 14:22:10,685 call_r_plant Inserted new plant: 52010
INFO 2025-03-11 14:22:11,021 call_r_plant Inserted new plant: 60371
INFO 2025-03-11 14:22:11,390 call_r_plant Inserted new plant: 61663
INFO 2025-03-11 14:22:11,752 call_r_plant Inserted new plant: 62750
INFO 2025-03-11 14:22:12,087 call_r_plant Inserted new plant: 61694
INFO 2025-03-11 14:22:12,445 call_r_plant Inserted new plant: 59867
INFO 2025-03-11 14:22:12,796 call_r_plant Inserted new plant: 61052
INFO 2025-03-11 14:22:13,142 call_r_plant Inserted new plant: 64657
INFO 2025-03-11 14:22:13,476 call_r_plant Inserted new plant: 62915
INFO 2025-03-11 14:22:13,816 call_r_plant Inserted new plant: 6042
INFO 2025-03-11 14:22:14,192 call_r_plant Inserted new plant: 59142
INFO 2025-03-11 14:22:14,547 call_r_plant Inserted new plant: 60014
INFO 2025-03-11 14:22:14,887 call_r_plant Inserted new plant: 696
INFO 2025-03-11 14:22:15,221 call_r_plant Inserted new plant: 6043
INFO 2025-03-11 14:22:15,560 call_r_plant Inserted new plant: 50875
INFO 2025-03-11 14:22:15,906 call_r_plant Inserted new plant: 10062
INFO 2025-03-11 14:22:16,253 call_r_plant Inserted new plant: 61766
INFO 2025-03-11 14:22:16,602 call_r_plant Inserted new plant: 63999
INFO 2025-03-11 14:22:16,941 call_r_plant Inserted new plant: 7380
INFO 2025-03-11 14:22:17,284 call_r_plant Inserted new plant: 50633
INFO 2025-03-11 14:22:17,625 call_r_plant Inserted new plant: 10204
INFO 2025-03-11 14:22:17,975 call_r_plant Inserted new plant: 10434
INFO 2025-03-11 14:22:18,319 call_r_plant Inserted new plant: 10004
INFO 2025-03-11 14:22:18,665 call_r_plant Inserted new plant: 67491
INFO 2025-03-11 14:22:19,004 call_r_plant Inserted new plant: 67492
INFO 2025-03-11 14:22:19,359 call_r_plant Inserted new plant: 61664
INFO 2025-03-11 14:22:19,703 call_r_plant Inserted new plant: 54426
INFO 2025-03-11 14:22:20,032 call_r_plant Inserted new plant: 62914
INFO 2025-03-11 14:22:20,388 call_r_plant Inserted new plant: 62645
INFO 2025-03-11 14:22:20,751 call_r_plant Inserted new plant: 667
INFO 2025-03-11 14:22:21,083 call_r_plant Inserted new plant: 60345
INFO 2025-03-11 14:22:21,426 call_r_plant Inserted new plant: 62491
INFO 2025-03-11 14:22:21,762 call_r_plant Inserted new plant: 54627
INFO 2025-03-11 14:22:22,100 call_r_plant Inserted new plant: 66202
INFO 2025-03-11 14:22:22,437 call_r_plant Inserted new plant: 55286
INFO 2025-03-11 14:22:22,775 call_r_plant Inserted new plant: 62919
INFO 2025-03-11 14:22:23,108 call_r_plant Inserted new plant: 54365
INFO 2025-03-11 14:22:23,446 call_r_plant Inserted new plant: 54466
INFO 2025-03-11 14:22:23,795 call_r_plant Inserted new plant: 55192
INFO 2025-03-11 14:22:24,131 call_r_plant Inserted new plant: 59954
INFO 2025-03-11 14:22:24,494 call_r_plant Inserted new plant: 55412
INFO 2025-03-11 14:22:24,834 call_r_plant Inserted new plant: 634
INFO 2025-03-11 14:22:25,172 call_r_plant Inserted new plant: 62921
INFO 2025-03-11 14:22:25,513 call_r_plant Inserted new plant: 50071
INFO 2025-03-11 14:22:25,852 call_r_plant Inserted new plant: 57898
INFO 2025-03-11 14:22:26,194 call_r_plant Inserted new plant: 50666
INFO 2025-03-11 14:22:26,527 call_r_plant Inserted new plant: 61665
INFO 2025-03-11 14:22:26,862 call_r_plant Inserted new plant: 7715
INFO 2025-03-11 14:22:27,229 call_r_plant Inserted new plant: 61666
INFO 2025-03-11 14:22:27,585 call_r_plant Inserted new plant: 62924
INFO 2025-03-11 14:22:27,922 call_r_plant Inserted new plant: 63256
INFO 2025-03-11 14:22:28,263 call_r_plant Inserted new plant: 10416
INFO 2025-03-11 14:22:28,606 call_r_plant Inserted new plant: 57502
INFO 2025-03-11 14:22:28,952 call_r_plant Inserted new plant: 60071
INFO 2025-03-11 14:22:29,283 call_r_plant Inserted new plant: 50884
INFO 2025-03-11 14:22:29,618 call_r_plant Inserted new plant: 65428
INFO 2025-03-11 14:22:29,956 call_r_plant Inserted new plant: 61767
INFO 2025-03-11 14:22:30,296 call_r_plant Inserted new plant: 7242
INFO 2025-03-11 14:22:30,636 call_r_plant Inserted new plant: 59240
INFO 2025-03-11 14:22:30,966 call_r_plant Inserted new plant: 617
INFO 2025-03-11 14:22:31,325 call_r_plant Inserted new plant: 57565
INFO 2025-03-11 14:22:31,674 call_r_plant Inserted new plant: 7254
INFO 2025-03-11 14:22:32,006 call_r_plant Inserted new plant: 65687
INFO 2025-03-11 14:22:32,337 call_r_plant Inserted new plant: 619
INFO 2025-03-11 14:22:32,686 call_r_plant Inserted new plant: 62917
INFO 2025-03-11 14:22:33,017 call_r_plant Inserted new plant: 689
INFO 2025-03-11 14:22:33,357 call_r_plant Inserted new plant: 63110
INFO 2025-03-11 14:22:33,710 call_r_plant Inserted new plant: 64146
INFO 2025-03-11 14:22:34,045 call_r_plant Inserted new plant: 620
INFO 2025-03-11 14:22:34,419 call_r_plant Inserted new plant: 63517
INFO 2025-03-11 14:22:34,759 call_r_plant Inserted new plant: 55242
INFO 2025-03-11 14:22:35,098 call_r_plant Inserted new plant: 59686
INFO 2025-03-11 14:22:35,436 call_r_plant Inserted new plant: 65037
INFO 2025-03-11 14:22:35,770 call_r_plant Inserted new plant: 136
INFO 2025-03-11 14:22:36,115 call_r_plant Inserted new plant: 61780
INFO 2025-03-11 14:22:36,458 call_r_plant Inserted new plant: 50803
INFO 2025-03-11 14:22:36,804 call_r_plant Inserted new plant: 55414
INFO 2025-03-11 14:22:37,139 call_r_plant Inserted new plant: 57438
INFO 2025-03-11 14:22:37,488 call_r_plant Inserted new plant: 54624
INFO 2025-03-11 14:22:37,827 call_r_plant Inserted new plant: 56518
INFO 2025-03-11 14:22:38,160 call_r_plant Inserted new plant: 62493
INFO 2025-03-11 14:22:38,496 call_r_plant Inserted new plant: 56930
INFO 2025-03-11 14:22:38,833 call_r_plant Inserted new plant: 56522
INFO 2025-03-11 14:22:39,215 call_r_plant Inserted new plant: 6045
INFO 2025-03-11 14:22:39,557 call_r_plant Inserted new plant: 50310
INFO 2025-03-11 14:22:39,906 call_r_plant Inserted new plant: 55821
INFO 2025-03-11 14:22:40,235 call_r_plant Inserted new plant: 62940
INFO 2025-03-11 14:22:40,584 call_r_plant Inserted new plant: 6584
INFO 2025-03-11 14:22:40,927 call_r_plant Inserted new plant: 61080
INFO 2025-03-11 14:22:41,303 call_r_plant Inserted new plant: 65039
INFO 2025-03-11 14:22:41,638 call_r_plant Inserted new plant: 61763
INFO 2025-03-11 14:22:41,976 call_r_plant Inserted new plant: 638
INFO 2025-03-11 14:22:42,311 call_r_plant Inserted new plant: 60788
INFO 2025-03-11 14:22:42,651 call_r_plant Inserted new plant: 62394
INFO 2025-03-11 14:22:43,006 call_r_plant Inserted new plant: 50474
INFO 2025-03-11 14:22:43,350 call_r_plant Inserted new plant: 59769
INFO 2025-03-11 14:22:43,691 call_r_plant Inserted new plant: 63583
INFO 2025-03-11 14:22:44,043 call_r_plant Inserted new plant: 7699
INFO 2025-03-11 14:22:44,423 call_r_plant Inserted new plant: 673
INFO 2025-03-11 14:22:44,757 call_r_plant Inserted new plant: 57123
INFO 2025-03-11 14:22:45,096 call_r_plant Inserted new plant: 62916
INFO 2025-03-11 14:22:45,436 call_r_plant Inserted new plant: 56400
INFO 2025-03-11 14:22:45,770 call_r_plant Inserted new plant: 63995
INFO 2025-03-11 14:22:46,108 call_r_plant Inserted new plant: 62543
INFO 2025-03-11 14:22:46,439 call_r_plant Inserted new plant: 50971
INFO 2025-03-11 14:22:46,776 call_r_plant Inserted new plant: 621
INFO 2025-03-11 14:22:47,122 call_r_plant Inserted new plant: 62633
INFO 2025-03-11 14:22:47,454 call_r_plant Inserted new plant: 63518
INFO 2025-03-11 14:22:47,788 call_r_plant Inserted new plant: 62923
INFO 2025-03-11 14:22:48,126 call_r_plant Inserted new plant: 7345
INFO 2025-03-11 14:22:48,465 call_r_plant Inserted new plant: 55415
INFO 2025-03-11 14:22:48,800 call_r_plant Inserted new plant: 59973
INFO 2025-03-11 14:22:49,134 call_r_plant Inserted new plant: 57168
INFO 2025-03-11 14:22:49,482 call_r_plant Inserted new plant: 56407
INFO 2025-03-11 14:22:49,825 call_r_plant Inserted new plant: 50887
INFO 2025-03-11 14:22:50,155 call_r_plant Inserted new plant: 65430
INFO 2025-03-11 14:22:50,487 call_r_plant Inserted new plant: 61050
INFO 2025-03-11 14:22:50,824 call_r_plant Inserted new plant: 64301
INFO 2025-03-11 14:22:51,160 call_r_plant Inserted new plant: 61667
INFO 2025-03-11 14:22:51,496 call_r_plant Inserted new plant: 7997
INFO 2025-03-11 14:22:51,852 call_r_plant Inserted new plant: 64546
INFO 2025-03-11 14:22:52,203 call_r_plant Inserted new plant: 54818
INFO 2025-03-11 14:22:52,541 call_r_plant Inserted new plant: 60184
INFO 2025-03-11 14:22:52,886 call_r_plant Inserted new plant: 55672
INFO 2025-03-11 14:22:53,231 call_r_plant Inserted new plant: 60340
INFO 2025-03-11 14:22:53,565 call_r_plant Inserted new plant: 760
INFO 2025-03-11 14:22:53,908 call_r_plant Inserted new plant: 6258
INFO 2025-03-11 14:22:54,288 call_r_plant Inserted new plant: 64565
INFO 2025-03-11 14:22:54,619 call_r_plant Inserted new plant: 64569
INFO 2025-03-11 14:22:54,961 call_r_plant Inserted new plant: 55319
INFO 2025-03-11 14:22:55,301 call_r_plant Inserted new plant: 62393
INFO 2025-03-11 14:22:55,641 call_r_plant Inserted new plant: 54877
INFO 2025-03-11 14:22:55,985 call_r_plant Inserted new plant: 58482
INFO 2025-03-11 14:22:56,324 call_r_plant Inserted new plant: 65728
INFO 2025-03-11 14:22:56,663 call_r_plant Inserted new plant: 55304
INFO 2025-03-11 14:22:57,006 call_r_plant Inserted new plant: 64011
INFO 2025-03-11 14:22:57,347 call_r_plant Inserted new plant: 55152
INFO 2025-03-11 14:22:57,688 call_r_plant Inserted new plant: 64211
INFO 2025-03-11 14:22:58,035 call_r_plant Inserted new plant: 62880
INFO 2025-03-11 14:22:58,370 call_r_plant Inserted new plant: 66024
INFO 2025-03-11 14:22:58,710 call_r_plant Inserted new plant: 757
INFO 2025-03-11 14:22:59,080 call_r_plant Inserted new plant: 55406
INFO 2025-03-11 14:22:59,416 call_r_plant Inserted new plant: 703
INFO 2025-03-11 14:22:59,764 call_r_plant Inserted new plant: 65729
INFO 2025-03-11 14:23:00,102 call_r_plant Inserted new plant: 10605
INFO 2025-03-11 14:23:00,438 call_r_plant Inserted new plant: 66936
INFO 2025-03-11 14:23:00,779 call_r_plant Inserted new plant: 759
INFO 2025-03-11 14:23:01,118 call_r_plant Inserted new plant: 66542
INFO 2025-03-11 14:23:01,453 call_r_plant Inserted new plant: 66346
INFO 2025-03-11 14:23:01,792 call_r_plant Inserted new plant: 66344
INFO 2025-03-11 14:23:02,124 call_r_plant Inserted new plant: 64275
INFO 2025-03-11 14:23:02,461 call_r_plant Inserted new plant: 704
INFO 2025-03-11 14:23:02,816 call_r_plant Inserted new plant: 59891
INFO 2025-03-11 14:23:03,166 call_r_plant Inserted new plant: 59896
INFO 2025-03-11 14:23:03,511 call_r_plant Inserted new plant: 66991
INFO 2025-03-11 14:23:03,851 call_r_plant Inserted new plant: 59650
INFO 2025-03-11 14:23:04,190 call_r_plant Inserted new plant: 54323
INFO 2025-03-11 14:23:04,538 call_r_plant Inserted new plant: 66199
INFO 2025-03-11 14:23:04,889 call_r_plant Inserted new plant: 61785
INFO 2025-03-11 14:23:05,229 call_r_plant Inserted new plant: 58892
INFO 2025-03-11 14:23:05,580 call_r_plant Inserted new plant: 58893
INFO 2025-03-11 14:23:05,932 call_r_plant Inserted new plant: 6130
INFO 2025-03-11 14:23:06,286 call_r_plant Inserted new plant: 66200
INFO 2025-03-11 14:23:06,648 call_r_plant Inserted new plant: 7917
INFO 2025-03-11 14:23:06,987 call_r_plant Inserted new plant: 62879
INFO 2025-03-11 14:23:07,321 call_r_plant Inserted new plant: 64570
INFO 2025-03-11 14:23:07,659 call_r_plant Inserted new plant: 61554
INFO 2025-03-11 14:23:07,995 call_r_plant Inserted new plant: 64571
INFO 2025-03-11 14:23:08,330 call_r_plant Inserted new plant: 63721
INFO 2025-03-11 14:23:08,680 call_r_plant Inserted new plant: 753
INFO 2025-03-11 14:23:09,017 call_r_plant Inserted new plant: 64226
INFO 2025-03-11 14:23:09,357 call_r_plant Inserted new plant: 7765
INFO 2025-03-11 14:23:09,695 call_r_plant Inserted new plant: 59556
INFO 2025-03-11 14:23:10,029 call_r_plant Inserted new plant: 59449
INFO 2025-03-11 14:23:10,365 call_r_plant Inserted new plant: 59450
INFO 2025-03-11 14:23:10,704 call_r_plant Inserted new plant: 61441
INFO 2025-03-11 14:23:11,041 call_r_plant Inserted new plant: 62375
INFO 2025-03-11 14:23:11,382 call_r_plant Inserted new plant: 55244
INFO 2025-03-11 14:23:11,714 call_r_plant Inserted new plant: 60930
INFO 2025-03-11 14:23:12,060 call_r_plant Inserted new plant: 55267
INFO 2025-03-11 14:23:12,403 call_r_plant Inserted new plant: 6051
INFO 2025-03-11 14:23:12,741 call_r_plant Inserted new plant: 54830
INFO 2025-03-11 14:23:13,073 call_r_plant Inserted new plant: 56231
INFO 2025-03-11 14:23:13,406 call_r_plant Inserted new plant: 706
INFO 2025-03-11 14:23:13,736 call_r_plant Inserted new plant: 50465
INFO 2025-03-11 14:23:14,080 call_r_plant Inserted new plant: 59862
INFO 2025-03-11 14:23:14,436 call_r_plant Inserted new plant: 59863
INFO 2025-03-11 14:23:14,780 call_r_plant Inserted new plant: 59865
INFO 2025-03-11 14:23:15,115 call_r_plant Inserted new plant: 63062
INFO 2025-03-11 14:23:15,452 call_r_plant Inserted new plant: 64584
INFO 2025-03-11 14:23:15,786 call_r_plant Inserted new plant: 64276
INFO 2025-03-11 14:23:16,126 call_r_plant Inserted new plant: 62887
INFO 2025-03-11 14:23:16,469 call_r_plant Inserted new plant: 60550
INFO 2025-03-11 14:23:16,806 call_r_plant Inserted new plant: 61213
INFO 2025-03-11 14:23:17,156 call_r_plant Inserted new plant: 61385
INFO 2025-03-11 14:23:17,490 call_r_plant Inserted new plant: 61386
INFO 2025-03-11 14:23:17,823 call_r_plant Inserted new plant: 61387
INFO 2025-03-11 14:23:18,158 call_r_plant Inserted new plant: 54906
INFO 2025-03-11 14:23:18,506 call_r_plant Inserted new plant: 61397
INFO 2025-03-11 14:23:18,859 call_r_plant Inserted new plant: 61459
INFO 2025-03-11 14:23:19,216 call_r_plant Inserted new plant: 59843
INFO 2025-03-11 14:23:19,559 call_r_plant Inserted new plant: 54101
INFO 2025-03-11 14:23:19,902 call_r_plant Inserted new plant: 54462
INFO 2025-03-11 14:23:20,262 call_r_plant Inserted new plant: 54358
INFO 2025-03-11 14:23:20,604 call_r_plant Inserted new plant: 61740
INFO 2025-03-11 14:23:20,942 call_r_plant Inserted new plant: 64277
INFO 2025-03-11 14:23:21,306 call_r_plant Inserted new plant: 60512
INFO 2025-03-11 14:23:21,650 call_r_plant Inserted new plant: 62392
INFO 2025-03-11 14:23:21,983 call_r_plant Inserted new plant: 64585
INFO 2025-03-11 14:23:22,328 call_r_plant Inserted new plant: 70454
INFO 2025-03-11 14:23:22,694 call_r_plant Inserted new plant: 754
INFO 2025-03-11 14:23:23,038 call_r_plant Inserted new plant: 55141
INFO 2025-03-11 14:23:23,383 call_r_plant Inserted new plant: 60554
INFO 2025-03-11 14:23:23,715 call_r_plant Inserted new plant: 62057
INFO 2025-03-11 14:23:24,087 call_r_plant Inserted new plant: 54457
INFO 2025-03-11 14:23:24,435 call_r_plant Inserted new plant: 63522
INFO 2025-03-11 14:23:24,786 call_r_plant Inserted new plant: 59459
INFO 2025-03-11 14:23:25,170 call_r_plant Inserted new plant: 10121
INFO 2025-03-11 14:23:25,505 call_r_plant Inserted new plant: 66026
INFO 2025-03-11 14:23:25,858 call_r_plant Inserted new plant: 58011
INFO 2025-03-11 14:23:26,197 call_r_plant Inserted new plant: 50146
INFO 2025-03-11 14:23:26,553 call_r_plant Inserted new plant: 54290
INFO 2025-03-11 14:23:26,902 call_r_plant Inserted new plant: 10426
INFO 2025-03-11 14:23:27,259 call_r_plant Inserted new plant: 66190
INFO 2025-03-11 14:23:27,591 call_r_plant Inserted new plant: 50398
INFO 2025-03-11 14:23:27,942 call_r_plant Inserted new plant: 54281
INFO 2025-03-11 14:23:28,276 call_r_plant Inserted new plant: 710
INFO 2025-03-11 14:23:28,625 call_r_plant Inserted new plant: 10560
INFO 2025-03-11 14:23:28,969 call_r_plant Inserted new plant: 62960
INFO 2025-03-11 14:23:29,313 call_r_plant Inserted new plant: 61000
INFO 2025-03-11 14:23:29,648 call_r_plant Inserted new plant: 59864
INFO 2025-03-11 14:23:29,980 call_r_plant Inserted new plant: 752
INFO 2025-03-11 14:23:30,334 call_r_plant Inserted new plant: 58572
INFO 2025-03-11 14:23:30,673 call_r_plant Inserted new plant: 64150
INFO 2025-03-11 14:23:31,041 call_r_plant Inserted new plant: 58064
INFO 2025-03-11 14:23:31,376 call_r_plant Inserted new plant: 60063
INFO 2025-03-11 14:23:31,713 call_r_plant Inserted new plant: 712
INFO 2025-03-11 14:23:32,046 call_r_plant Inserted new plant: 67240
INFO 2025-03-11 14:23:32,743 call_r_plant Inserted new plant: 64278
INFO 2025-03-11 14:23:33,088 call_r_plant Inserted new plant: 64279
INFO 2025-03-11 14:23:33,430 call_r_plant Inserted new plant: 58484
INFO 2025-03-11 14:23:33,770 call_r_plant Inserted new plant: 59335
INFO 2025-03-11 14:23:34,109 call_r_plant Inserted new plant: 7764
INFO 2025-03-11 14:23:34,479 call_r_plant Inserted new plant: 59876
INFO 2025-03-11 14:23:34,818 call_r_plant Inserted new plant: 62878
INFO 2025-03-11 14:23:35,169 call_r_plant Inserted new plant: 6124
INFO 2025-03-11 14:23:35,517 call_r_plant Inserted new plant: 56150
INFO 2025-03-11 14:23:35,871 call_r_plant Inserted new plant: 715
INFO 2025-03-11 14:23:36,202 call_r_plant Inserted new plant: 64280
INFO 2025-03-11 14:23:36,540 call_r_plant Inserted new plant: 55040
INFO 2025-03-11 14:23:36,878 call_r_plant Inserted new plant: 62377
INFO 2025-03-11 14:23:37,220 call_r_plant Inserted new plant: 717
INFO 2025-03-11 14:23:37,557 call_r_plant Inserted new plant: 60585
INFO 2025-03-11 14:23:37,893 call_r_plant Inserted new plant: 50201
INFO 2025-03-11 14:23:38,230 call_r_plant Inserted new plant: 64281
INFO 2025-03-11 14:23:38,580 call_r_plant Inserted new plant: 62881
INFO 2025-03-11 14:23:38,920 call_r_plant Inserted new plant: 718
INFO 2025-03-11 14:23:39,273 call_r_plant Inserted new plant: 54239
INFO 2025-03-11 14:23:39,614 call_r_plant Inserted new plant: 719
INFO 2025-03-11 14:23:39,946 call_r_plant Inserted new plant: 758
INFO 2025-03-11 14:23:40,276 call_r_plant Inserted new plant: 63350
INFO 2025-03-11 14:23:40,613 call_r_plant Inserted new plant: 62882
INFO 2025-03-11 14:23:40,956 call_r_plant Inserted new plant: 60741
INFO 2025-03-11 14:23:41,302 call_r_plant Inserted new plant: 720
INFO 2025-03-11 14:23:41,653 call_r_plant Inserted new plant: 60084
INFO 2025-03-11 14:23:41,991 call_r_plant Inserted new plant: 59894
INFO 2025-03-11 14:23:42,342 call_r_plant Inserted new plant: 59221
INFO 2025-03-11 14:23:42,690 call_r_plant Inserted new plant: 57909
INFO 2025-03-11 14:23:43,044 call_r_plant Inserted new plant: 10120
INFO 2025-03-11 14:23:43,378 call_r_plant Inserted new plant: 60586
INFO 2025-03-11 14:23:43,716 call_r_plant Inserted new plant: 64586
INFO 2025-03-11 14:23:44,050 call_r_plant Inserted new plant: 65994
INFO 2025-03-11 14:23:44,397 call_r_plant Inserted new plant: 50804
INFO 2025-03-11 14:23:44,737 call_r_plant Inserted new plant: 64282
INFO 2025-03-11 14:23:45,068 call_r_plant Inserted new plant: 65759
INFO 2025-03-11 14:23:45,402 call_r_plant Inserted new plant: 64335
INFO 2025-03-11 14:23:45,733 call_r_plant Inserted new plant: 62584
INFO 2025-03-11 14:23:46,062 call_r_plant Inserted new plant: 65995
INFO 2025-03-11 14:23:46,400 call_r_plant Inserted new plant: 6132
INFO 2025-03-11 14:23:46,738 call_r_plant Inserted new plant: 60513
INFO 2025-03-11 14:23:47,083 call_r_plant Inserted new plant: 59874
INFO 2025-03-11 14:23:47,425 call_r_plant Inserted new plant: 66350
INFO 2025-03-11 14:23:47,763 call_r_plant Inserted new plant: 62884
INFO 2025-03-11 14:23:48,102 call_r_plant Inserted new plant: 60702
INFO 2025-03-11 14:23:48,440 call_r_plant Inserted new plant: 54816
INFO 2025-03-11 14:23:48,773 call_r_plant Inserted new plant: 54464
INFO 2025-03-11 14:23:49,115 call_r_plant Inserted new plant: 7348
INFO 2025-03-11 14:23:49,462 call_r_plant Inserted new plant: 61648
INFO 2025-03-11 14:23:49,795 call_r_plant Inserted new plant: 65730
INFO 2025-03-11 14:23:50,133 call_r_plant Inserted new plant: 6189
INFO 2025-03-11 14:23:50,466 call_r_plant Inserted new plant: 62436
INFO 2025-03-11 14:23:50,805 call_r_plant Inserted new plant: 62367
INFO 2025-03-11 14:23:51,146 call_r_plant Inserted new plant: 64840
INFO 2025-03-11 14:23:51,481 call_r_plant Inserted new plant: 64838
INFO 2025-03-11 14:23:51,839 call_r_plant Inserted new plant: 64841
INFO 2025-03-11 14:23:52,175 call_r_plant Inserted new plant: 66172
INFO 2025-03-11 14:23:52,508 call_r_plant Inserted new plant: 66825
INFO 2025-03-11 14:23:52,838 call_r_plant Inserted new plant: 59535
INFO 2025-03-11 14:23:53,175 call_r_plant Inserted new plant: 64191
INFO 2025-03-11 14:23:53,520 call_r_plant Inserted new plant: 63814
INFO 2025-03-11 14:23:53,883 call_r_plant Inserted new plant: 64151
INFO 2025-03-11 14:23:54,256 call_r_plant Inserted new plant: 65376
INFO 2025-03-11 14:23:54,597 call_r_plant Inserted new plant: 66171
INFO 2025-03-11 14:23:54,963 call_r_plant Inserted new plant: 62058
INFO 2025-03-11 14:23:55,295 call_r_plant Inserted new plant: 10361
INFO 2025-03-11 14:23:55,625 call_r_plant Inserted new plant: 6257
INFO 2025-03-11 14:23:55,958 call_r_plant Inserted new plant: 60514
INFO 2025-03-11 14:23:56,307 call_r_plant Inserted new plant: 7813
INFO 2025-03-11 14:23:56,637 call_r_plant Inserted new plant: 64582
INFO 2025-03-11 14:23:56,978 call_r_plant Inserted new plant: 54813
INFO 2025-03-11 14:23:57,319 call_r_plant Inserted new plant: 54322
INFO 2025-03-11 14:23:57,652 call_r_plant Inserted new plant: 58628
INFO 2025-03-11 14:23:57,989 call_r_plant Inserted new plant: 722
INFO 2025-03-11 14:23:58,321 call_r_plant Inserted new plant: 7829
INFO 2025-03-11 14:23:58,652 call_r_plant Inserted new plant: 62165
INFO 2025-03-11 14:23:59,109 call_r_plant Inserted new plant: 63535
INFO 2025-03-11 14:23:59,449 call_r_plant Inserted new plant: 60469
INFO 2025-03-11 14:23:59,790 call_r_plant Inserted new plant: 66418
INFO 2025-03-11 14:24:00,146 call_r_plant Inserted new plant: 54848
INFO 2025-03-11 14:24:00,501 call_r_plant Inserted new plant: 7768
INFO 2025-03-11 14:24:00,842 call_r_plant Inserted new plant: 55274
INFO 2025-03-11 14:24:01,189 call_r_plant Inserted new plant: 65727
INFO 2025-03-11 14:24:01,531 call_r_plant Inserted new plant: 736
INFO 2025-03-11 14:24:01,870 call_r_plant Inserted new plant: 54845
INFO 2025-03-11 14:24:02,200 call_r_plant Inserted new plant: 57026
INFO 2025-03-11 14:24:02,531 call_r_plant Inserted new plant: 7916
INFO 2025-03-11 14:24:02,883 call_r_plant Inserted new plant: 7191
INFO 2025-03-11 14:24:03,234 call_r_plant Inserted new plant: 723
INFO 2025-03-11 14:24:03,568 call_r_plant Inserted new plant: 56870
INFO 2025-03-11 14:24:03,898 call_r_plant Inserted new plant: 59897
INFO 2025-03-11 14:24:04,246 call_r_plant Inserted new plant: 63775
INFO 2025-03-11 14:24:04,585 call_r_plant Inserted new plant: 62883
INFO 2025-03-11 14:24:04,922 call_r_plant Inserted new plant: 55061
INFO 2025-03-11 14:24:05,263 call_r_plant Inserted new plant: 64283
INFO 2025-03-11 14:24:05,605 call_r_plant Inserted new plant: 724
INFO 2025-03-11 14:24:05,941 call_r_plant Inserted new plant: 55382
INFO 2025-03-11 14:24:06,285 call_r_plant Inserted new plant: 67246
INFO 2025-03-11 14:24:06,664 call_r_plant Inserted new plant: 67245
INFO 2025-03-11 14:24:07,003 call_r_plant Inserted new plant: 60544
INFO 2025-03-11 14:24:07,335 call_r_plant Inserted new plant: 62885
INFO 2025-03-11 14:24:07,674 call_r_plant Inserted new plant: 64284
INFO 2025-03-11 14:24:08,024 call_r_plant Inserted new plant: 725
INFO 2025-03-11 14:24:08,390 call_r_plant Inserted new plant: 66205
INFO 2025-03-11 14:24:08,739 call_r_plant Inserted new plant: 61696
INFO 2025-03-11 14:24:09,081 call_r_plant Inserted new plant: 66353
INFO 2025-03-11 14:24:09,429 call_r_plant Inserted new plant: 58485
INFO 2025-03-11 14:24:09,768 call_r_plant Inserted new plant: 60448
INFO 2025-03-11 14:24:10,113 call_r_plant Inserted new plant: 61468
INFO 2025-03-11 14:24:10,449 call_r_plant Inserted new plant: 54839
INFO 2025-03-11 14:24:10,795 call_r_plant Inserted new plant: 60515
INFO 2025-03-11 14:24:11,139 call_r_plant Inserted new plant: 649
INFO 2025-03-11 14:24:11,490 call_r_plant Inserted new plant: 6087
INFO 2025-03-11 14:24:11,833 call_r_plant Inserted new plant: 761
INFO 2025-03-11 14:24:12,171 call_r_plant Inserted new plant: 56015
INFO 2025-03-11 14:24:12,513 call_r_plant Inserted new plant: 55128
INFO 2025-03-11 14:24:12,844 call_r_plant Inserted new plant: 7946
INFO 2025-03-11 14:24:13,179 call_r_plant Inserted new plant: 55965
INFO 2025-03-11 14:24:13,528 call_r_plant Inserted new plant: 64285
INFO 2025-03-11 14:24:13,864 call_r_plant Inserted new plant: 64286
INFO 2025-03-11 14:24:14,254 call_r_plant Inserted new plant: 55332
INFO 2025-03-11 14:24:14,586 call_r_plant Inserted new plant: 62409
INFO 2025-03-11 14:24:14,926 call_r_plant Inserted new plant: 6133
INFO 2025-03-11 14:24:15,286 call_r_plant Inserted new plant: 54004
INFO 2025-03-11 14:24:15,623 call_r_plant Inserted new plant: 64583
INFO 2025-03-11 14:24:15,956 call_r_plant Inserted new plant: 60082
INFO 2025-03-11 14:24:16,293 call_r_plant Inserted new plant: 60064
INFO 2025-03-11 14:24:16,687 call_r_plant Inserted new plant: 62886
INFO 2025-03-11 14:24:17,105 call_r_plant Inserted new plant: 65481
INFO 2025-03-11 14:24:17,449 call_r_plant Inserted new plant: 54566
INFO 2025-03-11 14:24:17,785 call_r_plant Inserted new plant: 728
INFO 2025-03-11 14:24:18,129 call_r_plant Inserted new plant: 729
INFO 2025-03-11 14:24:18,475 call_r_plant Inserted new plant: 63280
INFO 2025-03-11 14:24:18,809 call_r_plant Inserted new plant: 61068
INFO 2025-03-11 14:24:19,147 call_r_plant Inserted new plant: 63900
INFO 2025-03-11 14:24:19,484 call_r_plant Inserted new plant: 58659
INFO 2025-03-11 14:24:19,827 call_r_plant Inserted new plant: 57996
INFO 2025-03-11 14:24:20,161 call_r_plant Inserted new plant: 64400
INFO 2025-03-11 14:24:20,509 call_r_plant Inserted new plant: 59035
INFO 2025-03-11 14:24:20,849 call_r_plant Inserted new plant: 56329
INFO 2025-03-11 14:24:21,201 call_r_plant Inserted new plant: 61172
INFO 2025-03-11 14:24:21,535 call_r_plant Inserted new plant: 50333
INFO 2025-03-11 14:24:21,867 call_r_plant Inserted new plant: 10334
INFO 2025-03-11 14:24:22,201 call_r_plant Inserted new plant: 58469
INFO 2025-03-11 14:24:22,530 call_r_plant Inserted new plant: 55369
INFO 2025-03-11 14:24:22,862 call_r_plant Inserted new plant: 56055
INFO 2025-03-11 14:24:23,197 call_r_plant Inserted new plant: 10194
INFO 2025-03-11 14:24:23,542 call_r_plant Inserted new plant: 56447
INFO 2025-03-11 14:24:23,881 call_r_plant Inserted new plant: 60546
INFO 2025-03-11 14:24:24,256 call_r_plant Inserted new plant: 58639
INFO 2025-03-11 14:24:24,592 call_r_plant Inserted new plant: 58640
INFO 2025-03-11 14:24:24,929 call_r_plant Inserted new plant: 765
INFO 2025-03-11 14:24:25,272 call_r_plant Inserted new plant: 56449
INFO 2025-03-11 14:24:25,606 call_r_plant Inserted new plant: 57082
INFO 2025-03-11 14:24:25,937 call_r_plant Inserted new plant: 55864
INFO 2025-03-11 14:24:26,276 call_r_plant Inserted new plant: 57087
INFO 2025-03-11 14:24:26,614 call_r_plant Inserted new plant: 6056
INFO 2025-03-11 14:24:26,946 call_r_plant Inserted new plant: 54646
INFO 2025-03-11 14:24:27,285 call_r_plant Inserted new plant: 58651
INFO 2025-03-11 14:24:27,623 call_r_plant Inserted new plant: 58259
INFO 2025-03-11 14:24:27,956 call_r_plant Inserted new plant: 10412
INFO 2025-03-11 14:24:28,306 call_r_plant Inserted new plant: 769
INFO 2025-03-11 14:24:28,640 call_r_plant Inserted new plant: 57525
INFO 2025-03-11 14:24:28,988 call_r_plant Inserted new plant: 56258
INFO 2025-03-11 14:24:29,323 call_r_plant Inserted new plant: 66067
INFO 2025-03-11 14:24:29,655 call_r_plant Inserted new plant: 58684
INFO 2025-03-11 14:24:29,996 call_r_plant Inserted new plant: 60125
INFO 2025-03-11 14:24:30,333 call_r_plant Inserted new plant: 57529
INFO 2025-03-11 14:24:30,667 call_r_plant Inserted new plant: 8083
INFO 2025-03-11 14:24:30,995 call_r_plant Inserted new plant: 61099
INFO 2025-03-11 14:24:31,350 call_r_plant Inserted new plant: 61101
INFO 2025-03-11 14:24:31,690 call_r_plant Inserted new plant: 56667
INFO 2025-03-11 14:24:32,023 call_r_plant Inserted new plant: 58281
INFO 2025-03-11 14:24:32,364 call_r_plant Inserted new plant: 6504
INFO 2025-03-11 14:24:32,704 call_r_plant Inserted new plant: 58662
INFO 2025-03-11 14:24:33,038 call_r_plant Inserted new plant: 7264
INFO 2025-03-11 14:24:33,396 call_r_plant Inserted new plant: 57242
INFO 2025-03-11 14:24:33,737 call_r_plant Inserted new plant: 58837
INFO 2025-03-11 14:24:34,076 call_r_plant Inserted new plant: 58277
INFO 2025-03-11 14:24:34,419 call_r_plant Inserted new plant: 56378
INFO 2025-03-11 14:24:34,876 call_r_plant Inserted new plant: 792
INFO 2025-03-11 14:24:35,215 call_r_plant Inserted new plant: 58676
INFO 2025-03-11 14:24:35,554 call_r_plant Inserted new plant: 6474
INFO 2025-03-11 14:24:35,892 call_r_plant Inserted new plant: 58549
INFO 2025-03-11 14:24:36,244 call_r_plant Inserted new plant: 7130
INFO 2025-03-11 14:24:36,588 call_r_plant Inserted new plant: 52028
INFO 2025-03-11 14:24:36,937 call_r_plant Inserted new plant: 771
INFO 2025-03-11 14:24:37,273 call_r_plant Inserted new plant: 60328
INFO 2025-03-11 14:24:37,605 call_r_plant Inserted new plant: 10093
INFO 2025-03-11 14:24:37,936 call_r_plant Inserted new plant: 772
INFO 2025-03-11 14:24:38,290 call_r_plant Inserted new plant: 766
INFO 2025-03-11 14:24:38,645 call_r_plant Inserted new plant: 774
INFO 2025-03-11 14:24:38,996 call_r_plant Inserted new plant: 65058
INFO 2025-03-11 14:24:39,327 call_r_plant Inserted new plant: 58655
INFO 2025-03-11 14:24:39,663 call_r_plant Inserted new plant: 58656
INFO 2025-03-11 14:24:40,021 call_r_plant Inserted new plant: 54827
INFO 2025-03-11 14:24:40,350 call_r_plant Inserted new plant: 768
INFO 2025-03-11 14:24:40,688 call_r_plant Inserted new plant: 10413
INFO 2025-03-11 14:24:41,047 call_r_plant Inserted new plant: 64190
INFO 2025-03-11 14:24:41,409 call_r_plant Inserted new plant: 60024
INFO 2025-03-11 14:24:41,760 call_r_plant Inserted new plant: 61987
INFO 2025-03-11 14:24:42,097 call_r_plant Inserted new plant: 56810
INFO 2025-03-11 14:24:42,448 call_r_plant Inserted new plant: 59637
INFO 2025-03-11 14:24:42,780 call_r_plant Inserted new plant: 59181
INFO 2025-03-11 14:24:43,119 call_r_plant Inserted new plant: 1120
INFO 2025-03-11 14:24:43,456 call_r_plant Inserted new plant: 56215
INFO 2025-03-11 14:24:43,801 call_r_plant Inserted new plant: 54720
INFO 2025-03-11 14:24:44,189 call_r_plant Inserted new plant: 54716
INFO 2025-03-11 14:24:44,523 call_r_plant Inserted new plant: 54717
INFO 2025-03-11 14:24:44,856 call_r_plant Inserted new plant: 54715
INFO 2025-03-11 14:24:45,195 call_r_plant Inserted new plant: 54712
INFO 2025-03-11 14:24:45,546 call_r_plant Inserted new plant: 54719
INFO 2025-03-11 14:24:45,883 call_r_plant Inserted new plant: 54710
INFO 2025-03-11 14:24:46,236 call_r_plant Inserted new plant: 54718
INFO 2025-03-11 14:24:46,577 call_r_plant Inserted new plant: 54735
INFO 2025-03-11 14:24:46,911 call_r_plant Inserted new plant: 54929
INFO 2025-03-11 14:24:47,249 call_r_plant Inserted new plant: 54968
INFO 2025-03-11 14:24:47,602 call_r_plant Inserted new plant: 55996
INFO 2025-03-11 14:24:47,938 call_r_plant Inserted new plant: 56073
INFO 2025-03-11 14:24:48,273 call_r_plant Inserted new plant: 1121
INFO 2025-03-11 14:24:48,621 call_r_plant Inserted new plant: 61850
INFO 2025-03-11 14:24:48,954 call_r_plant Inserted new plant: 1122
INFO 2025-03-11 14:24:49,292 call_r_plant Inserted new plant: 58044
INFO 2025-03-11 14:24:49,655 call_r_plant Inserted new plant: 56138
INFO 2025-03-11 14:24:49,998 call_r_plant Inserted new plant: 1123
INFO 2025-03-11 14:24:50,329 call_r_plant Inserted new plant: 64755
INFO 2025-03-11 14:24:50,671 call_r_plant Inserted new plant: 62132
INFO 2025-03-11 14:24:51,003 call_r_plant Inserted new plant: 10864
INFO 2025-03-11 14:24:51,344 call_r_plant Inserted new plant: 10860
INFO 2025-03-11 14:24:51,722 call_r_plant Inserted new plant: 10861
INFO 2025-03-11 14:24:52,066 call_r_plant Inserted new plant: 1124
INFO 2025-03-11 14:24:52,410 call_r_plant Inserted new plant: 61644
INFO 2025-03-11 14:24:52,751 call_r_plant Inserted new plant: 1125
INFO 2025-03-11 14:24:53,086 call_r_plant Inserted new plant: 56765
INFO 2025-03-11 14:24:53,430 call_r_plant Inserted new plant: 61079
INFO 2025-03-11 14:24:53,767 call_r_plant Inserted new plant: 1126
INFO 2025-03-11 14:24:54,120 call_r_plant Inserted new plant: 62172
INFO 2025-03-11 14:24:54,484 call_r_plant Inserted new plant: 1127
INFO 2025-03-11 14:24:54,845 call_r_plant Inserted new plant: 62607
INFO 2025-03-11 14:24:55,179 call_r_plant Inserted new plant: 1128
INFO 2025-03-11 14:24:55,528 call_r_plant Inserted new plant: 7922
INFO 2025-03-11 14:24:55,860 call_r_plant Inserted new plant: 58038
INFO 2025-03-11 14:24:56,260 call_r_plant Inserted new plant: 57632
INFO 2025-03-11 14:24:56,613 call_r_plant Inserted new plant: 1104
INFO 2025-03-11 14:24:56,945 call_r_plant Inserted new plant: 64178
INFO 2025-03-11 14:24:57,306 call_r_plant Inserted new plant: 64177
INFO 2025-03-11 14:24:57,640 call_r_plant Inserted new plant: 63521
INFO 2025-03-11 14:24:57,982 call_r_plant Inserted new plant: 10855
INFO 2025-03-11 14:24:58,321 call_r_plant Inserted new plant: 59071
INFO 2025-03-11 14:24:58,657 call_r_plant Inserted new plant: 56809
INFO 2025-03-11 14:24:59,087 call_r_plant Inserted new plant: 1129
INFO 2025-03-11 14:24:59,429 call_r_plant Inserted new plant: 62321
INFO 2025-03-11 14:24:59,790 call_r_plant Inserted new plant: 56252
INFO 2025-03-11 14:25:00,138 call_r_plant Inserted new plant: 63287
INFO 2025-03-11 14:25:00,470 call_r_plant Inserted new plant: 56677
INFO 2025-03-11 14:25:00,809 call_r_plant Inserted new plant: 66668
INFO 2025-03-11 14:25:01,144 call_r_plant Inserted new plant: 1132
INFO 2025-03-11 14:25:01,482 call_r_plant Inserted new plant: 63639
INFO 2025-03-11 14:25:01,830 call_r_plant Inserted new plant: 7847
INFO 2025-03-11 14:25:02,171 call_r_plant Inserted new plant: 1079
INFO 2025-03-11 14:25:02,504 call_r_plant Inserted new plant: 1134
INFO 2025-03-11 14:25:02,843 call_r_plant Inserted new plant: 56831
INFO 2025-03-11 14:25:03,180 call_r_plant Inserted new plant: 56859
INFO 2025-03-11 14:25:03,522 call_r_plant Inserted new plant: 57468
INFO 2025-03-11 14:25:03,866 call_r_plant Inserted new plant: 58456
INFO 2025-03-11 14:25:04,245 call_r_plant Inserted new plant: 67795
INFO 2025-03-11 14:25:04,578 call_r_plant Inserted new plant: 55035
INFO 2025-03-11 14:25:04,933 call_r_plant Inserted new plant: 1135
INFO 2025-03-11 14:25:05,288 call_r_plant Inserted new plant: 6463
INFO 2025-03-11 14:25:05,639 call_r_plant Inserted new plant: 64375
INFO 2025-03-11 14:25:05,992 call_r_plant Inserted new plant: 65531
INFO 2025-03-11 14:25:06,353 call_r_plant Inserted new plant: 50932
INFO 2025-03-11 14:25:06,726 call_r_plant Inserted new plant: 63641
INFO 2025-03-11 14:25:07,098 call_r_plant Inserted new plant: 56194
INFO 2025-03-11 14:25:07,439 call_r_plant Inserted new plant: 64552
INFO 2025-03-11 14:25:07,772 call_r_plant Inserted new plant: 6220
INFO 2025-03-11 14:25:08,113 call_r_plant Inserted new plant: 1217
INFO 2025-03-11 14:25:08,448 call_r_plant Inserted new plant: 7865
INFO 2025-03-11 14:25:08,783 call_r_plant Inserted new plant: 60876
INFO 2025-03-11 14:25:09,119 call_r_plant Inserted new plant: 57873
INFO 2025-03-11 14:25:09,445 call_r_plant Inserted new plant: 6063
INFO 2025-03-11 14:25:09,788 call_r_plant Inserted new plant: 57417
INFO 2025-03-11 14:25:10,124 call_r_plant Inserted new plant: 8031
INFO 2025-03-11 14:25:10,460 call_r_plant Inserted new plant: 61565
INFO 2025-03-11 14:25:10,800 call_r_plant Inserted new plant: 1137
INFO 2025-03-11 14:25:11,142 call_r_plant Inserted new plant: 56013
INFO 2025-03-11 14:25:11,471 call_r_plant Inserted new plant: 56925
INFO 2025-03-11 14:25:11,801 call_r_plant Inserted new plant: 56923
INFO 2025-03-11 14:25:12,138 call_r_plant Inserted new plant: 56924
INFO 2025-03-11 14:25:12,476 call_r_plant Inserted new plant: 62461
INFO 2025-03-11 14:25:12,829 call_r_plant Inserted new plant: 56172
INFO 2025-03-11 14:25:13,161 call_r_plant Inserted new plant: 58457
INFO 2025-03-11 14:25:13,490 call_r_plant Inserted new plant: 1138
INFO 2025-03-11 14:25:13,827 call_r_plant Inserted new plant: 62861
INFO 2025-03-11 14:25:14,187 call_r_plant Inserted new plant: 64986
INFO 2025-03-11 14:25:14,533 call_r_plant Inserted new plant: 57844
INFO 2025-03-11 14:25:14,861 call_r_plant Inserted new plant: 57469
INFO 2025-03-11 14:25:15,206 call_r_plant Inserted new plant: 1130
INFO 2025-03-11 14:25:15,553 call_r_plant Inserted new plant: 1091
INFO 2025-03-11 14:25:15,912 call_r_plant Inserted new plant: 7343
INFO 2025-03-11 14:25:16,288 call_r_plant Inserted new plant: 7857
INFO 2025-03-11 14:25:16,626 call_r_plant Inserted new plant: 62035
INFO 2025-03-11 14:25:16,962 call_r_plant Inserted new plant: 62081
INFO 2025-03-11 14:25:17,314 call_r_plant Inserted new plant: 1141
INFO 2025-03-11 14:25:17,647 call_r_plant Inserted new plant: 1142
INFO 2025-03-11 14:25:17,982 call_r_plant Inserted new plant: 1143
INFO 2025-03-11 14:25:18,326 call_r_plant Inserted new plant: 65715
INFO 2025-03-11 14:25:18,663 call_r_plant Inserted new plant: 7985
INFO 2025-03-11 14:25:19,035 call_r_plant Inserted new plant: 60911
INFO 2025-03-11 14:25:19,406 call_r_plant Inserted new plant: 58458
INFO 2025-03-11 14:25:19,741 call_r_plant Inserted new plant: 1145
INFO 2025-03-11 14:25:20,076 call_r_plant Inserted new plant: 56010
INFO 2025-03-11 14:25:20,426 call_r_plant Inserted new plant: 56860
INFO 2025-03-11 14:25:20,761 call_r_plant Inserted new plant: 1146
INFO 2025-03-11 14:25:21,098 call_r_plant Inserted new plant: 55816
INFO 2025-03-11 14:25:21,432 call_r_plant Inserted new plant: 57832
INFO 2025-03-11 14:25:21,812 call_r_plant Inserted new plant: 64661
INFO 2025-03-11 14:25:22,148 call_r_plant Inserted new plant: 61609
INFO 2025-03-11 14:25:22,486 call_r_plant Inserted new plant: 58883
INFO 2025-03-11 14:25:22,825 call_r_plant Inserted new plant: 64738
INFO 2025-03-11 14:25:23,159 call_r_plant Inserted new plant: 8108
INFO 2025-03-11 14:25:23,510 call_r_plant Inserted new plant: 64179
INFO 2025-03-11 14:25:23,843 call_r_plant Inserted new plant: 62795
INFO 2025-03-11 14:25:24,193 call_r_plant Inserted new plant: 60342
INFO 2025-03-11 14:25:24,534 call_r_plant Inserted new plant: 64183
INFO 2025-03-11 14:25:24,870 call_r_plant Inserted new plant: 1150
INFO 2025-03-11 14:25:25,209 call_r_plant Inserted new plant: 56251
INFO 2025-03-11 14:25:25,554 call_r_plant Inserted new plant: 7966
INFO 2025-03-11 14:25:25,890 call_r_plant Inserted new plant: 1067
INFO 2025-03-11 14:25:26,228 call_r_plant Inserted new plant: 57257
INFO 2025-03-11 14:25:26,570 call_r_plant Inserted new plant: 57252
INFO 2025-03-11 14:25:26,907 call_r_plant Inserted new plant: 54201
INFO 2025-03-11 14:25:27,249 call_r_plant Inserted new plant: 61911
INFO 2025-03-11 14:25:27,583 call_r_plant Inserted new plant: 54414
INFO 2025-03-11 14:25:27,922 call_r_plant Inserted new plant: 64985
INFO 2025-03-11 14:25:28,257 call_r_plant Inserted new plant: 58444
INFO 2025-03-11 14:25:28,595 call_r_plant Inserted new plant: 1109
INFO 2025-03-11 14:25:28,941 call_r_plant Inserted new plant: 59735
INFO 2025-03-11 14:25:29,281 call_r_plant Inserted new plant: 62569
INFO 2025-03-11 14:25:29,622 call_r_plant Inserted new plant: 7849
INFO 2025-03-11 14:25:29,962 call_r_plant Inserted new plant: 62103
INFO 2025-03-11 14:25:30,299 call_r_plant Inserted new plant: 65725
INFO 2025-03-11 14:25:30,638 call_r_plant Inserted new plant: 1156
INFO 2025-03-11 14:25:30,972 call_r_plant Inserted new plant: 1154
INFO 2025-03-11 14:25:31,311 call_r_plant Inserted new plant: 56521
INFO 2025-03-11 14:25:31,646 call_r_plant Inserted new plant: 1153
INFO 2025-03-11 14:25:31,986 call_r_plant Inserted new plant: 57251
INFO 2025-03-11 14:25:32,324 call_r_plant Inserted new plant: 1155
INFO 2025-03-11 14:25:32,668 call_r_plant Inserted new plant: 1047
INFO 2025-03-11 14:25:33,009 call_r_plant Inserted new plant: 57500
INFO 2025-03-11 14:25:33,345 call_r_plant Inserted new plant: 1157
INFO 2025-03-11 14:25:33,678 call_r_plant Inserted new plant: 65390
INFO 2025-03-11 14:25:34,013 call_r_plant Inserted new plant: 1158
INFO 2025-03-11 14:25:34,416 call_r_plant Inserted new plant: 59228
INFO 2025-03-11 14:25:34,756 call_r_plant Inserted new plant: 7155
INFO 2025-03-11 14:25:35,096 call_r_plant Inserted new plant: 57111
INFO 2025-03-11 14:25:35,433 call_r_plant Inserted new plant: 6664
INFO 2025-03-11 14:25:35,772 call_r_plant Inserted new plant: 58884
INFO 2025-03-11 14:25:36,110 call_r_plant Inserted new plant: 58407
INFO 2025-03-11 14:25:36,451 call_r_plant Inserted new plant: 58885
INFO 2025-03-11 14:25:36,796 call_r_plant Inserted new plant: 1160
INFO 2025-03-11 14:25:37,138 call_r_plant Inserted new plant: 66068
INFO 2025-03-11 14:25:37,482 call_r_plant Inserted new plant: 1162
INFO 2025-03-11 14:25:37,824 call_r_plant Inserted new plant: 7921
INFO 2025-03-11 14:25:38,167 call_r_plant Inserted new plant: 1068
INFO 2025-03-11 14:25:38,513 call_r_plant Inserted new plant: 58236
INFO 2025-03-11 14:25:38,850 call_r_plant Inserted new plant: 1163
INFO 2025-03-11 14:25:39,196 call_r_plant Inserted new plant: 58459
INFO 2025-03-11 14:25:39,527 call_r_plant Inserted new plant: 1097
INFO 2025-03-11 14:25:39,887 call_r_plant Inserted new plant: 54700
INFO 2025-03-11 14:25:40,220 call_r_plant Inserted new plant: 59231
INFO 2025-03-11 14:25:40,553 call_r_plant Inserted new plant: 59053
INFO 2025-03-11 14:25:40,895 call_r_plant Inserted new plant: 59232
INFO 2025-03-11 14:25:41,238 call_r_plant Inserted new plant: 1164
INFO 2025-03-11 14:25:41,574 call_r_plant Inserted new plant: 1165
INFO 2025-03-11 14:25:41,915 call_r_plant Inserted new plant: 57875
INFO 2025-03-11 14:25:42,250 call_r_plant Inserted new plant: 1166
INFO 2025-03-11 14:25:42,600 call_r_plant Inserted new plant: 1167
INFO 2025-03-11 14:25:42,950 call_r_plant Inserted new plant: 58265
INFO 2025-03-11 14:25:43,282 call_r_plant Inserted new plant: 67856
INFO 2025-03-11 14:25:43,635 call_r_plant Inserted new plant: 58414
INFO 2025-03-11 14:25:43,978 call_r_plant Inserted new plant: 65393
INFO 2025-03-11 14:25:44,359 call_r_plant Inserted new plant: 1168
INFO 2025-03-11 14:25:44,694 call_r_plant Inserted new plant: 57609
INFO 2025-03-11 14:25:45,028 call_r_plant Inserted new plant: 62133
INFO 2025-03-11 14:25:45,370 call_r_plant Inserted new plant: 7856
INFO 2025-03-11 14:25:45,704 call_r_plant Inserted new plant: 56383
INFO 2025-03-11 14:25:46,042 call_r_plant Inserted new plant: 60326
INFO 2025-03-11 14:25:46,372 call_r_plant Inserted new plant: 57672
INFO 2025-03-11 14:25:46,713 call_r_plant Inserted new plant: 1169
INFO 2025-03-11 14:25:47,057 call_r_plant Inserted new plant: 55804
INFO 2025-03-11 14:25:47,399 call_r_plant Inserted new plant: 59227
INFO 2025-03-11 14:25:47,737 call_r_plant Inserted new plant: 59226
INFO 2025-03-11 14:25:48,074 call_r_plant Inserted new plant: 59223
INFO 2025-03-11 14:25:48,426 call_r_plant Inserted new plant: 59224
INFO 2025-03-11 14:25:48,759 call_r_plant Inserted new plant: 59225
INFO 2025-03-11 14:25:49,095 call_r_plant Inserted new plant: 61077
INFO 2025-03-11 14:25:49,438 call_r_plant Inserted new plant: 1172
INFO 2025-03-11 14:25:49,787 call_r_plant Inserted new plant: 56913
INFO 2025-03-11 14:25:50,122 call_r_plant Inserted new plant: 56645
INFO 2025-03-11 14:25:50,457 call_r_plant Inserted new plant: 58138
INFO 2025-03-11 14:25:50,793 call_r_plant Inserted new plant: 6254
INFO 2025-03-11 14:25:51,134 call_r_plant Inserted new plant: 1173
INFO 2025-03-11 14:25:51,474 call_r_plant Inserted new plant: 63923
INFO 2025-03-11 14:25:51,816 call_r_plant Inserted new plant: 63826
INFO 2025-03-11 14:25:52,150 call_r_plant Inserted new plant: 63919
INFO 2025-03-11 14:25:52,490 call_r_plant Inserted new plant: 63832
INFO 2025-03-11 14:25:52,824 call_r_plant Inserted new plant: 63053
INFO 2025-03-11 14:25:53,161 call_r_plant Inserted new plant: 7584
INFO 2025-03-11 14:25:53,494 call_r_plant Inserted new plant: 7971
INFO 2025-03-11 14:25:53,856 call_r_plant Inserted new plant: 56797
INFO 2025-03-11 14:25:54,203 call_r_plant Inserted new plant: 7145
INFO 2025-03-11 14:25:54,583 call_r_plant Inserted new plant: 64688
INFO 2025-03-11 14:25:54,916 call_r_plant Inserted new plant: 57976
INFO 2025-03-11 14:25:55,250 call_r_plant Inserted new plant: 56501
INFO 2025-03-11 14:25:55,600 call_r_plant Inserted new plant: 1073
INFO 2025-03-11 14:25:55,948 call_r_plant Inserted new plant: 60873
INFO 2025-03-11 14:25:56,321 call_r_plant Inserted new plant: 1176
INFO 2025-03-11 14:25:56,685 call_r_plant Inserted new plant: 58434
INFO 2025-03-11 14:25:57,031 call_r_plant Inserted new plant: 62080
INFO 2025-03-11 14:25:57,365 call_r_plant Inserted new plant: 57830
INFO 2025-03-11 14:25:57,700 call_r_plant Inserted new plant: 1084
INFO 2025-03-11 14:25:58,065 call_r_plant Inserted new plant: 1181
INFO 2025-03-11 14:25:58,402 call_r_plant Inserted new plant: 1180
INFO 2025-03-11 14:25:58,749 call_r_plant Inserted new plant: 58089
INFO 2025-03-11 14:25:59,194 call_r_plant Inserted new plant: 57501
INFO 2025-03-11 14:25:59,529 call_r_plant Inserted new plant: 57953
INFO 2025-03-11 14:25:59,863 call_r_plant Inserted new plant: 62130
INFO 2025-03-11 14:26:00,205 call_r_plant Inserted new plant: 64662
INFO 2025-03-11 14:26:00,542 call_r_plant Inserted new plant: 61070
INFO 2025-03-11 14:26:00,894 call_r_plant Inserted new plant: 7850
INFO 2025-03-11 14:26:01,233 call_r_plant Inserted new plant: 7060
INFO 2025-03-11 14:26:01,569 call_r_plant Inserted new plant: 1184
INFO 2025-03-11 14:26:01,913 call_r_plant Inserted new plant: 58460
INFO 2025-03-11 14:26:02,289 call_r_plant Inserted new plant: 7758
INFO 2025-03-11 14:26:02,629 call_r_plant Inserted new plant: 7926
INFO 2025-03-11 14:26:02,971 call_r_plant Inserted new plant: 63640
INFO 2025-03-11 14:26:03,305 call_r_plant Inserted new plant: 1186
INFO 2025-03-11 14:26:03,656 call_r_plant Inserted new plant: 1187
INFO 2025-03-11 14:26:03,995 call_r_plant Inserted new plant: 54793
INFO 2025-03-11 14:26:04,372 call_r_plant Inserted new plant: 55287
INFO 2025-03-11 14:26:04,707 call_r_plant Inserted new plant: 1188
INFO 2025-03-11 14:26:05,040 call_r_plant Inserted new plant: 58927
INFO 2025-03-11 14:26:05,392 call_r_plant Inserted new plant: 60955
INFO 2025-03-11 14:26:05,733 call_r_plant Inserted new plant: 1131
INFO 2025-03-11 14:26:06,077 call_r_plant Inserted new plant: 1190
INFO 2025-03-11 14:26:06,414 call_r_plant Inserted new plant: 1206
INFO 2025-03-11 14:26:06,745 call_r_plant Inserted new plant: 1191
INFO 2025-03-11 14:26:07,122 call_r_plant Inserted new plant: 8029
INFO 2025-03-11 14:26:07,465 call_r_plant Inserted new plant: 8106
INFO 2025-03-11 14:26:07,802 call_r_plant Inserted new plant: 56386
INFO 2025-03-11 14:26:08,146 call_r_plant Inserted new plant: 56025
INFO 2025-03-11 14:26:08,491 call_r_plant Inserted new plant: 1192
INFO 2025-03-11 14:26:08,851 call_r_plant Inserted new plant: 7920
INFO 2025-03-11 14:26:09,184 call_r_plant Inserted new plant: 58932
INFO 2025-03-11 14:26:09,538 call_r_plant Inserted new plant: 61638
INFO 2025-03-11 14:26:09,883 call_r_plant Inserted new plant: 54775
INFO 2025-03-11 14:26:10,221 call_r_plant Inserted new plant: 50088
INFO 2025-03-11 14:26:10,558 call_r_plant Inserted new plant: 61564
INFO 2025-03-11 14:26:10,903 call_r_plant Inserted new plant: 59230
INFO 2025-03-11 14:26:11,248 call_r_plant Inserted new plant: 56379
INFO 2025-03-11 14:26:11,591 call_r_plant Inserted new plant: 57874
INFO 2025-03-11 14:26:11,936 call_r_plant Inserted new plant: 1193
INFO 2025-03-11 14:26:12,271 call_r_plant Inserted new plant: 1194
INFO 2025-03-11 14:26:12,601 call_r_plant Inserted new plant: 56811
INFO 2025-03-11 14:26:12,939 call_r_plant Inserted new plant: 1082
INFO 2025-03-11 14:26:13,280 call_r_plant Inserted new plant: 63378
INFO 2025-03-11 14:26:13,635 call_r_plant Inserted new plant: 59379
INFO 2025-03-11 14:26:13,982 call_r_plant Inserted new plant: 7851
INFO 2025-03-11 14:26:14,316 call_r_plant Inserted new plant: 64984
INFO 2025-03-11 14:26:14,651 call_r_plant Inserted new plant: 57214
INFO 2025-03-11 14:26:14,984 call_r_plant Inserted new plant: 6554
INFO 2025-03-11 14:26:15,329 call_r_plant Inserted new plant: 1198
INFO 2025-03-11 14:26:15,669 call_r_plant Inserted new plant: 58886
INFO 2025-03-11 14:26:16,010 call_r_plant Inserted new plant: 1199
INFO 2025-03-11 14:26:16,351 call_r_plant Inserted new plant: 56517
INFO 2025-03-11 14:26:16,697 call_r_plant Inserted new plant: 60951
INFO 2025-03-11 14:26:17,031 call_r_plant Inserted new plant: 1200
INFO 2025-03-11 14:26:17,384 call_r_plant Inserted new plant: 7853
INFO 2025-03-11 14:26:17,741 call_r_plant Inserted new plant: 62079
INFO 2025-03-11 14:26:18,077 call_r_plant Inserted new plant: 56355
INFO 2025-03-11 14:26:18,413 call_r_plant Inserted new plant: 1202
INFO 2025-03-11 14:26:18,761 call_r_plant Inserted new plant: 60541
INFO 2025-03-11 14:26:19,095 call_r_plant Inserted new plant: 58071
INFO 2025-03-11 14:26:19,434 call_r_plant Inserted new plant: 56764
INFO 2025-03-11 14:26:19,768 call_r_plant Inserted new plant: 1203
INFO 2025-03-11 14:26:20,103 call_r_plant Inserted new plant: 58461
INFO 2025-03-11 14:26:20,461 call_r_plant Inserted new plant: 57631
INFO 2025-03-11 14:26:20,791 call_r_plant Inserted new plant: 66406
INFO 2025-03-11 14:26:21,146 call_r_plant Inserted new plant: 851
INFO 2025-03-11 14:26:21,501 call_r_plant Inserted new plant: 54690
INFO 2025-03-11 14:26:21,868 call_r_plant Inserted new plant: 10504
INFO 2025-03-11 14:26:22,204 call_r_plant Inserted new plant: 809
INFO 2025-03-11 14:26:22,540 call_r_plant Inserted new plant: 60011
INFO 2025-03-11 14:26:22,878 call_r_plant Inserted new plant: 60012
INFO 2025-03-11 14:26:23,222 call_r_plant Inserted new plant: 6395
INFO 2025-03-11 14:26:23,578 call_r_plant Inserted new plant: 56997
INFO 2025-03-11 14:26:23,912 call_r_plant Inserted new plant: 825
INFO 2025-03-11 14:26:24,312 call_r_plant Inserted new plant: 59496
INFO 2025-03-11 14:26:24,655 call_r_plant Inserted new plant: 59529
INFO 2025-03-11 14:26:25,004 call_r_plant Inserted new plant: 10735
INFO 2025-03-11 14:26:25,385 call_r_plant Inserted new plant: 56637
INFO 2025-03-11 14:26:25,742 call_r_plant Inserted new plant: 55733
INFO 2025-03-11 14:26:26,085 call_r_plant Inserted new plant: 57393
INFO 2025-03-11 14:26:26,434 call_r_plant Inserted new plant: 10140
INFO 2025-03-11 14:26:26,770 call_r_plant Inserted new plant: 6396
INFO 2025-03-11 14:26:27,127 call_r_plant Inserted new plant: 66569
INFO 2025-03-11 14:26:27,477 call_r_plant Inserted new plant: 54514
INFO 2025-03-11 14:26:27,816 call_r_plant Inserted new plant: 810
INFO 2025-03-11 14:26:28,154 call_r_plant Inserted new plant: 6397
INFO 2025-03-11 14:26:28,490 call_r_plant Inserted new plant: 811
INFO 2025-03-11 14:26:28,827 call_r_plant Inserted new plant: 56434
INFO 2025-03-11 14:26:29,174 call_r_plant Inserted new plant: 50895
INFO 2025-03-11 14:26:29,524 call_r_plant Inserted new plant: 812
INFO 2025-03-11 14:26:29,867 call_r_plant Inserted new plant: 833
INFO 2025-03-11 14:26:30,230 call_r_plant Inserted new plant: 57125
INFO 2025-03-11 14:26:30,583 call_r_plant Inserted new plant: 57343
INFO 2025-03-11 14:26:30,926 call_r_plant Inserted new plant: 813
INFO 2025-03-11 14:26:31,272 call_r_plant Inserted new plant: 56935
INFO 2025-03-11 14:26:31,653 call_r_plant Inserted new plant: 56934
INFO 2025-03-11 14:26:31,982 call_r_plant Inserted new plant: 56893
INFO 2025-03-11 14:26:32,319 call_r_plant Inserted new plant: 841
INFO 2025-03-11 14:26:32,661 call_r_plant Inserted new plant: 814
INFO 2025-03-11 14:26:33,006 call_r_plant Inserted new plant: 50637
INFO 2025-03-11 14:26:33,345 call_r_plant Inserted new plant: 62151
INFO 2025-03-11 14:26:33,682 call_r_plant Inserted new plant: 57431
INFO 2025-03-11 14:26:34,014 call_r_plant Inserted new plant: 10806
INFO 2025-03-11 14:26:34,369 call_r_plant Inserted new plant: 57430
INFO 2025-03-11 14:26:34,701 call_r_plant Inserted new plant: 10807
INFO 2025-03-11 14:26:35,060 call_r_plant Inserted new plant: 54394
INFO 2025-03-11 14:26:35,400 call_r_plant Inserted new plant: 840
INFO 2025-03-11 14:26:35,736 call_r_plant Inserted new plant: 50891
INFO 2025-03-11 14:26:36,093 call_r_plant Inserted new plant: 7953
INFO 2025-03-11 14:26:36,433 call_r_plant Inserted new plant: 54668
INFO 2025-03-11 14:26:36,765 call_r_plant Inserted new plant: 58384
INFO 2025-03-11 14:26:37,151 call_r_plant Inserted new plant: 6359
INFO 2025-03-11 14:26:37,492 call_r_plant Inserted new plant: 57902
INFO 2025-03-11 14:26:37,834 call_r_plant Inserted new plant: 54674
INFO 2025-03-11 14:26:38,171 call_r_plant Inserted new plant: 56308
INFO 2025-03-11 14:26:38,517 call_r_plant Inserted new plant: 790
INFO 2025-03-11 14:26:38,856 call_r_plant Inserted new plant: 50718
INFO 2025-03-11 14:26:39,220 call_r_plant Inserted new plant: 56435
INFO 2025-03-11 14:26:39,590 call_r_plant Inserted new plant: 57211
INFO 2025-03-11 14:26:39,933 call_r_plant Inserted new plant: 827
INFO 2025-03-11 14:26:40,276 call_r_plant Inserted new plant: 60068
INFO 2025-03-11 14:26:40,626 call_r_plant Inserted new plant: 57428
INFO 2025-03-11 14:26:40,967 call_r_plant Inserted new plant: 54558
INFO 2025-03-11 14:26:41,298 call_r_plant Inserted new plant: 61217
INFO 2025-03-11 14:26:41,641 call_r_plant Inserted new plant: 57861
INFO 2025-03-11 14:26:41,984 call_r_plant Inserted new plant: 58019
INFO 2025-03-11 14:26:42,333 call_r_plant Inserted new plant: 57890
INFO 2025-03-11 14:26:42,670 call_r_plant Inserted new plant: 54524
INFO 2025-03-11 14:26:43,013 call_r_plant Inserted new plant: 60445
INFO 2025-03-11 14:26:43,351 call_r_plant Inserted new plant: 4204
INFO 2025-03-11 14:26:43,760 call_r_plant Inserted new plant: 65778
INFO 2025-03-11 14:26:44,111 call_r_plant Inserted new plant: 57345
INFO 2025-03-11 14:26:44,472 call_r_plant Inserted new plant: 10781
INFO 2025-03-11 14:26:44,832 call_r_plant Inserted new plant: 57028
INFO 2025-03-11 14:26:45,166 call_r_plant Inserted new plant: 987
INFO 2025-03-11 14:26:45,511 call_r_plant Inserted new plant: 54753
INFO 2025-03-11 14:26:45,850 call_r_plant Inserted new plant: 10049
INFO 2025-03-11 14:26:46,184 call_r_plant Inserted new plant: 54386
INFO 2025-03-11 14:26:46,553 call_r_plant Inserted new plant: 10808
INFO 2025-03-11 14:26:46,897 call_r_plant Inserted new plant: 815
INFO 2025-03-11 14:26:47,234 call_r_plant Inserted new plant: 7012
INFO 2025-03-11 14:26:47,576 call_r_plant Inserted new plant: 843
INFO 2025-03-11 14:26:47,915 call_r_plant Inserted new plant: 816
INFO 2025-03-11 14:26:48,251 call_r_plant Inserted new plant: 10014
INFO 2025-03-11 14:26:48,601 call_r_plant Inserted new plant: 64607
INFO 2025-03-11 14:26:48,942 call_r_plant Inserted new plant: 10740
INFO 2025-03-11 14:26:49,277 call_r_plant Inserted new plant: 57429
INFO 2025-03-11 14:26:49,619 call_r_plant Inserted new plant: 50323
INFO 2025-03-11 14:26:49,952 call_r_plant Inserted new plant: 50972
INFO 2025-03-11 14:26:50,283 call_r_plant Inserted new plant: 58106
INFO 2025-03-11 14:26:50,620 call_r_plant Inserted new plant: 54812
INFO 2025-03-11 14:26:50,961 call_r_plant Inserted new plant: 63755
INFO 2025-03-11 14:26:51,313 call_r_plant Inserted new plant: 56437
INFO 2025-03-11 14:26:51,659 call_r_plant Inserted new plant: 7190
INFO 2025-03-11 14:26:52,058 call_r_plant Inserted new plant: 6398
INFO 2025-03-11 14:26:52,425 call_r_plant Inserted new plant: 10325
INFO 2025-03-11 14:26:52,766 call_r_plant Inserted new plant: 56498
INFO 2025-03-11 14:26:53,106 call_r_plant Inserted new plant: 56636
INFO 2025-03-11 14:26:53,444 call_r_plant Inserted new plant: 6506
INFO 2025-03-11 14:26:53,782 call_r_plant Inserted new plant: 59695
INFO 2025-03-11 14:26:54,138 call_r_plant Inserted new plant: 60009
INFO 2025-03-11 14:26:54,480 call_r_plant Inserted new plant: 61688
INFO 2025-03-11 14:26:54,818 call_r_plant Inserted new plant: 829
INFO 2025-03-11 14:26:55,159 call_r_plant Inserted new plant: 60010
INFO 2025-03-11 14:26:55,496 call_r_plant Inserted new plant: 56439
INFO 2025-03-11 14:26:55,844 call_r_plant Inserted new plant: 850
INFO 2025-03-11 14:26:56,186 call_r_plant Inserted new plant: 57124
INFO 2025-03-11 14:26:56,522 call_r_plant Inserted new plant: 56440
INFO 2025-03-11 14:26:56,858 call_r_plant Inserted new plant: 55090
INFO 2025-03-11 14:26:57,197 call_r_plant Inserted new plant: 835
INFO 2025-03-11 14:26:57,533 call_r_plant Inserted new plant: 57761
INFO 2025-03-11 14:26:57,877 call_r_plant Inserted new plant: 57760
INFO 2025-03-11 14:26:58,213 call_r_plant Inserted new plant: 56317
INFO 2025-03-11 14:26:58,552 call_r_plant Inserted new plant: 7456
INFO 2025-03-11 14:26:58,885 call_r_plant Inserted new plant: 55179
INFO 2025-03-11 14:26:59,278 call_r_plant Inserted new plant: 50987
INFO 2025-03-11 14:26:59,616 call_r_plant Inserted new plant: 10809
INFO 2025-03-11 14:26:59,955 call_r_plant Inserted new plant: 57766
INFO 2025-03-11 14:27:00,313 call_r_plant Inserted new plant: 57427
INFO 2025-03-11 14:27:00,667 call_r_plant Inserted new plant: 50896
INFO 2025-03-11 14:27:01,001 call_r_plant Inserted new plant: 817
INFO 2025-03-11 14:27:01,354 call_r_plant Inserted new plant: 56441
INFO 2025-03-11 14:27:01,711 call_r_plant Inserted new plant: 57749
INFO 2025-03-11 14:27:02,066 call_r_plant Inserted new plant: 818
INFO 2025-03-11 14:27:02,409 call_r_plant Inserted new plant: 60748
INFO 2025-03-11 14:27:02,748 call_r_plant Inserted new plant: 50274
INFO 2025-03-11 14:27:03,118 call_r_plant Inserted new plant: 54249
INFO 2025-03-11 14:27:03,502 call_r_plant Inserted new plant: 831
INFO 2025-03-11 14:27:03,872 call_r_plant Inserted new plant: 10296
INFO 2025-03-11 14:27:04,220 call_r_plant Inserted new plant: 819
INFO 2025-03-11 14:27:04,552 call_r_plant Inserted new plant: 50099
INFO 2025-03-11 14:27:04,886 call_r_plant Inserted new plant: 820
INFO 2025-03-11 14:27:05,227 call_r_plant Inserted new plant: 56442
INFO 2025-03-11 14:27:05,571 call_r_plant Inserted new plant: 56443
INFO 2025-03-11 14:27:05,911 call_r_plant Inserted new plant: 57136
INFO 2025-03-11 14:27:06,263 call_r_plant Inserted new plant: 821
INFO 2025-03-11 14:27:06,608 call_r_plant Inserted new plant: 57444
INFO 2025-03-11 14:27:06,947 call_r_plant Inserted new plant: 823
INFO 2025-03-11 14:27:07,306 call_r_plant Inserted new plant: 844
INFO 2025-03-11 14:27:07,641 call_r_plant Inserted new plant: 822
INFO 2025-03-11 14:27:07,975 call_r_plant Inserted new plant: 7079
INFO 2025-03-11 14:27:08,326 call_r_plant Inserted new plant: 54306
INFO 2025-03-11 14:27:08,665 call_r_plant Inserted new plant: 56301
INFO 2025-03-11 14:27:09,005 call_r_plant Inserted new plant: 57126
INFO 2025-03-11 14:27:09,358 call_r_plant Inserted new plant: 64058
INFO 2025-03-11 14:27:09,697 call_r_plant Inserted new plant: 65127
INFO 2025-03-11 14:27:10,053 call_r_plant Inserted new plant: 64328
INFO 2025-03-11 14:27:10,398 call_r_plant Inserted new plant: 67790
INFO 2025-03-11 14:27:10,749 call_r_plant Inserted new plant: 58136
INFO 2025-03-11 14:27:11,107 call_r_plant Inserted new plant: 56408
INFO 2025-03-11 14:27:11,447 call_r_plant Inserted new plant: 65758
INFO 2025-03-11 14:27:11,787 call_r_plant Inserted new plant: 65005
INFO 2025-03-11 14:27:12,128 call_r_plant Inserted new plant: 65774
INFO 2025-03-11 14:27:12,465 call_r_plant Inserted new plant: 67760
INFO 2025-03-11 14:27:12,809 call_r_plant Inserted new plant: 7818
INFO 2025-03-11 14:27:13,163 call_r_plant Inserted new plant: 64088
INFO 2025-03-11 14:27:13,502 call_r_plant Inserted new plant: 7990
INFO 2025-03-11 14:27:13,842 call_r_plant Inserted new plant: 64610
INFO 2025-03-11 14:27:14,183 call_r_plant Inserted new plant: 66022
INFO 2025-03-11 14:27:14,528 call_r_plant Inserted new plant: 65227
INFO 2025-03-11 14:27:14,866 call_r_plant Inserted new plant: 64040
INFO 2025-03-11 14:27:15,204 call_r_plant Inserted new plant: 10865
INFO 2025-03-11 14:27:15,541 call_r_plant Inserted new plant: 60742
INFO 2025-03-11 14:27:15,893 call_r_plant Inserted new plant: 55279
INFO 2025-03-11 14:27:16,229 call_r_plant Inserted new plant: 7854
INFO 2025-03-11 14:27:16,564 call_r_plant Inserted new plant: 889
INFO 2025-03-11 14:27:16,900 call_r_plant Inserted new plant: 56419
INFO 2025-03-11 14:27:17,249 call_r_plant Inserted new plant: 63384
INFO 2025-03-11 14:27:17,598 call_r_plant Inserted new plant: 64637
INFO 2025-03-11 14:27:17,970 call_r_plant Inserted new plant: 57135
INFO 2025-03-11 14:27:18,320 call_r_plant Inserted new plant: 10866
INFO 2025-03-11 14:27:18,686 call_r_plant Inserted new plant: 57463
INFO 2025-03-11 14:27:19,029 call_r_plant Inserted new plant: 58111
INFO 2025-03-11 14:27:19,361 call_r_plant Inserted new plant: 61787
INFO 2025-03-11 14:27:19,703 call_r_plant Inserted new plant: 57113
INFO 2025-03-11 14:27:20,039 call_r_plant Inserted new plant: 57110
INFO 2025-03-11 14:27:20,410 call_r_plant Inserted new plant: 63988
INFO 2025-03-11 14:27:20,749 call_r_plant Inserted new plant: 64228
INFO 2025-03-11 14:27:21,128 call_r_plant Inserted new plant: 6022
INFO 2025-03-11 14:27:21,472 call_r_plant Inserted new plant: 934
INFO 2025-03-11 14:27:21,818 call_r_plant Inserted new plant: 57623
INFO 2025-03-11 14:27:22,156 call_r_plant Inserted new plant: 66507
INFO 2025-03-11 14:27:22,507 call_r_plant Inserted new plant: 66508
INFO 2025-03-11 14:27:22,839 call_r_plant Inserted new plant: 57767
INFO 2025-03-11 14:27:23,177 call_r_plant Inserted new plant: 67792
INFO 2025-03-11 14:27:23,519 call_r_plant Inserted new plant: 935
INFO 2025-03-11 14:27:23,861 call_r_plant Inserted new plant: 6023
INFO 2025-03-11 14:27:24,199 call_r_plant Inserted new plant: 63823
INFO 2025-03-11 14:27:24,539 call_r_plant Inserted new plant: 62681
INFO 2025-03-11 14:27:24,875 call_r_plant Inserted new plant: 63824
INFO 2025-03-11 14:27:25,212 call_r_plant Inserted new plant: 63656
INFO 2025-03-11 14:27:25,550 call_r_plant Inserted new plant: 63948
INFO 2025-03-11 14:27:25,891 call_r_plant Inserted new plant: 50573
INFO 2025-03-11 14:27:26,247 call_r_plant Inserted new plant: 63931
INFO 2025-03-11 14:27:26,582 call_r_plant Inserted new plant: 64467
INFO 2025-03-11 14:27:26,918 call_r_plant Inserted new plant: 54790
INFO 2025-03-11 14:27:27,300 call_r_plant Inserted new plant: 58008
INFO 2025-03-11 14:27:27,635 call_r_plant Inserted new plant: 55296
INFO 2025-03-11 14:27:27,986 call_r_plant Inserted new plant: 56640
INFO 2025-03-11 14:27:28,326 call_r_plant Inserted new plant: 59902
INFO 2025-03-11 14:27:28,689 call_r_plant Inserted new plant: 936
INFO 2025-03-11 14:27:29,050 call_r_plant Inserted new plant: 937
INFO 2025-03-11 14:27:29,402 call_r_plant Inserted new plant: 56053
INFO 2025-03-11 14:27:29,742 call_r_plant Inserted new plant: 65671
INFO 2025-03-11 14:27:30,089 call_r_plant Inserted new plant: 64331
INFO 2025-03-11 14:27:30,437 call_r_plant Inserted new plant: 54540
INFO 2025-03-11 14:27:30,781 call_r_plant Inserted new plant: 63967
INFO 2025-03-11 14:27:31,147 call_r_plant Inserted new plant: 59794
INFO 2025-03-11 14:27:31,487 call_r_plant Inserted new plant: 66032
INFO 2025-03-11 14:27:31,824 call_r_plant Inserted new plant: 64464
INFO 2025-03-11 14:27:32,180 call_r_plant Inserted new plant: 59635
INFO 2025-03-11 14:27:32,546 call_r_plant Inserted new plant: 204
INFO 2025-03-11 14:27:32,886 call_r_plant Inserted new plant: 63945
INFO 2025-03-11 14:27:33,226 call_r_plant Inserted new plant: 58887
INFO 2025-03-11 14:27:33,579 call_r_plant Inserted new plant: 63830
INFO 2025-03-11 14:27:33,919 call_r_plant Inserted new plant: 55188
INFO 2025-03-11 14:27:34,307 call_r_plant Inserted new plant: 63949
INFO 2025-03-11 14:27:34,652 call_r_plant Inserted new plant: 56297
INFO 2025-03-11 14:27:34,991 call_r_plant Inserted new plant: 55253
INFO 2025-03-11 14:27:35,354 call_r_plant Inserted new plant: 67796
INFO 2025-03-11 14:27:35,695 call_r_plant Inserted new plant: 963
INFO 2025-03-11 14:27:36,051 call_r_plant Inserted new plant: 10520
INFO 2025-03-11 14:27:36,394 call_r_plant Inserted new plant: 63845
INFO 2025-03-11 14:27:36,740 call_r_plant Inserted new plant: 54969
INFO 2025-03-11 14:27:37,084 call_r_plant Inserted new plant: 64734
INFO 2025-03-11 14:27:37,439 call_r_plant Inserted new plant: 869
INFO 2025-03-11 14:27:37,789 call_r_plant Inserted new plant: 64224
INFO 2025-03-11 14:27:38,427 call_r_plant Inserted new plant: 63889
INFO 2025-03-11 14:27:38,788 call_r_plant Inserted new plant: 63888
INFO 2025-03-11 14:27:39,131 call_r_plant Inserted new plant: 56805
INFO 2025-03-11 14:27:39,473 call_r_plant Inserted new plant: 64016
INFO 2025-03-11 14:27:39,815 call_r_plant Inserted new plant: 65797
INFO 2025-03-11 14:27:40,181 call_r_plant Inserted new plant: 55438
INFO 2025-03-11 14:27:40,515 call_r_plant Inserted new plant: 55199
INFO 2025-03-11 14:27:40,856 call_r_plant Inserted new plant: 54788
INFO 2025-03-11 14:27:41,244 call_r_plant Inserted new plant: 57191
INFO 2025-03-11 14:27:41,585 call_r_plant Inserted new plant: 50627
INFO 2025-03-11 14:27:41,927 call_r_plant Inserted new plant: 57325
INFO 2025-03-11 14:27:42,286 call_r_plant Inserted new plant: 8016
INFO 2025-03-11 14:27:42,628 call_r_plant Inserted new plant: 941
INFO 2025-03-11 14:27:42,963 call_r_plant Inserted new plant: 64919
INFO 2025-03-11 14:27:43,300 call_r_plant Inserted new plant: 886
INFO 2025-03-11 14:27:43,637 call_r_plant Inserted new plant: 56529
INFO 2025-03-11 14:27:43,978 call_r_plant Inserted new plant: 56117
INFO 2025-03-11 14:27:44,359 call_r_plant Inserted new plant: 56118
INFO 2025-03-11 14:27:44,697 call_r_plant Inserted new plant: 65350
INFO 2025-03-11 14:27:45,037 call_r_plant Inserted new plant: 943
INFO 2025-03-11 14:27:45,372 call_r_plant Inserted new plant: 7842
INFO 2025-03-11 14:27:45,732 call_r_plant Inserted new plant: 66083
INFO 2025-03-11 14:27:46,067 call_r_plant Inserted new plant: 54360
INFO 2025-03-11 14:27:46,409 call_r_plant Inserted new plant: 64920
INFO 2025-03-11 14:27:46,746 call_r_plant Inserted new plant: 56450
INFO 2025-03-11 14:27:47,090 call_r_plant Inserted new plant: 64973
INFO 2025-03-11 14:27:47,445 call_r_plant Inserted new plant: 63399
INFO 2025-03-11 14:27:47,793 call_r_plant Inserted new plant: 944
INFO 2025-03-11 14:27:48,131 call_r_plant Inserted new plant: 56462
INFO 2025-03-11 14:27:48,469 call_r_plant Inserted new plant: 55201
INFO 2025-03-11 14:27:48,806 call_r_plant Inserted new plant: 64381
INFO 2025-03-11 14:27:49,144 call_r_plant Inserted new plant: 55496
INFO 2025-03-11 14:27:49,512 call_r_plant Inserted new plant: 59957
INFO 2025-03-11 14:27:49,848 call_r_plant Inserted new plant: 57912
INFO 2025-03-11 14:27:50,184 call_r_plant Inserted new plant: 56941
INFO 2025-03-11 14:27:50,526 call_r_plant Inserted new plant: 862
INFO 2025-03-11 14:27:50,888 call_r_plant Inserted new plant: 57072
INFO 2025-03-11 14:27:51,226 call_r_plant Inserted new plant: 60471
INFO 2025-03-11 14:27:51,583 call_r_plant Inserted new plant: 55014
INFO 2025-03-11 14:27:51,965 call_r_plant Inserted new plant: 63069
INFO 2025-03-11 14:27:52,322 call_r_plant Inserted new plant: 61161
INFO 2025-03-11 14:27:52,657 call_r_plant Inserted new plant: 59776
INFO 2025-03-11 14:27:52,994 call_r_plant Inserted new plant: 63838
INFO 2025-03-11 14:27:53,331 call_r_plant Inserted new plant: 56338
INFO 2025-03-11 14:27:53,668 call_r_plant Inserted new plant: 946
INFO 2025-03-11 14:27:54,012 call_r_plant Inserted new plant: 61735
INFO 2025-03-11 14:27:54,357 call_r_plant Inserted new plant: 54523
INFO 2025-03-11 14:27:54,702 call_r_plant Inserted new plant: 55334
INFO 2025-03-11 14:27:55,065 call_r_plant Inserted new plant: 59021
INFO 2025-03-11 14:27:55,405 call_r_plant Inserted new plant: 64786
INFO 2025-03-11 14:27:55,746 call_r_plant Inserted new plant: 64329
INFO 2025-03-11 14:27:56,095 call_r_plant Inserted new plant: 64779
INFO 2025-03-11 14:27:56,429 call_r_plant Inserted new plant: 64124
INFO 2025-03-11 14:27:56,770 call_r_plant Inserted new plant: 61192
INFO 2025-03-11 14:27:57,113 call_r_plant Inserted new plant: 66031
INFO 2025-03-11 14:27:57,450 call_r_plant Inserted new plant: 66033
INFO 2025-03-11 14:27:57,782 call_r_plant Inserted new plant: 64730
INFO 2025-03-11 14:27:58,135 call_r_plant Inserted new plant: 56116
INFO 2025-03-11 14:27:58,481 call_r_plant Inserted new plant: 56114
INFO 2025-03-11 14:27:58,827 call_r_plant Inserted new plant: 50722
INFO 2025-03-11 14:27:59,176 call_r_plant Inserted new plant: 52021
INFO 2025-03-11 14:27:59,522 call_r_plant Inserted new plant: 63790
INFO 2025-03-11 14:27:59,855 call_r_plant Inserted new plant: 7934
INFO 2025-03-11 14:28:00,203 call_r_plant Inserted new plant: 54556
INFO 2025-03-11 14:28:00,549 call_r_plant Inserted new plant: 7425
INFO 2025-03-11 14:28:00,886 call_r_plant Inserted new plant: 60387
INFO 2025-03-11 14:28:01,229 call_r_plant Inserted new plant: 64229
INFO 2025-03-11 14:28:01,573 call_r_plant Inserted new plant: 64629
INFO 2025-03-11 14:28:01,909 call_r_plant Inserted new plant: 62926
INFO 2025-03-11 14:28:02,259 call_r_plant Inserted new plant: 61878
INFO 2025-03-11 14:28:02,598 call_r_plant Inserted new plant: 384
INFO 2025-03-11 14:28:02,949 call_r_plant Inserted new plant: 874
INFO 2025-03-11 14:28:03,288 call_r_plant Inserted new plant: 65969
INFO 2025-03-11 14:28:03,629 call_r_plant Inserted new plant: 54525
INFO 2025-03-11 14:28:03,974 call_r_plant Inserted new plant: 64269
INFO 2025-03-11 14:28:04,352 call_r_plant Inserted new plant: 64868
INFO 2025-03-11 14:28:04,688 call_r_plant Inserted new plant: 60587
INFO 2025-03-11 14:28:05,024 call_r_plant Inserted new plant: 55131
INFO 2025-03-11 14:28:05,363 call_r_plant Inserted new plant: 64254
INFO 2025-03-11 14:28:05,697 call_r_plant Inserted new plant: 64465
INFO 2025-03-11 14:28:06,029 call_r_plant Inserted new plant: 876
INFO 2025-03-11 14:28:06,371 call_r_plant Inserted new plant: 55204
INFO 2025-03-11 14:28:06,719 call_r_plant Inserted new plant: 63990
INFO 2025-03-11 14:28:07,055 call_r_plant Inserted new plant: 58177
INFO 2025-03-11 14:28:07,391 call_r_plant Inserted new plant: 55640
INFO 2025-03-11 14:28:07,728 call_r_plant Inserted new plant: 6026
INFO 2025-03-11 14:28:08,085 call_r_plant Inserted new plant: 64304
INFO 2025-03-11 14:28:08,424 call_r_plant Inserted new plant: 64302
INFO 2025-03-11 14:28:08,771 call_r_plant Inserted new plant: 64303
INFO 2025-03-11 14:28:09,110 call_r_plant Inserted new plant: 60797
INFO 2025-03-11 14:28:09,489 call_r_plant Inserted new plant: 50575
INFO 2025-03-11 14:28:09,840 call_r_plant Inserted new plant: 964
INFO 2025-03-11 14:28:10,181 call_r_plant Inserted new plant: 55236
INFO 2025-03-11 14:28:10,516 call_r_plant Inserted new plant: 63951
INFO 2025-03-11 14:28:10,853 call_r_plant Inserted new plant: 55222
INFO 2025-03-11 14:28:11,214 call_r_plant Inserted new plant: 58925
INFO 2025-03-11 14:28:11,591 call_r_plant Inserted new plant: 63825
INFO 2025-03-11 14:28:11,928 call_r_plant Inserted new plant: 55054
INFO 2025-03-11 14:28:12,276 call_r_plant Inserted new plant: 10903
INFO 2025-03-11 14:28:12,631 call_r_plant Inserted new plant: 63251
INFO 2025-03-11 14:28:12,972 call_r_plant Inserted new plant: 64784
INFO 2025-03-11 14:28:13,313 call_r_plant Inserted new plant: 58181
INFO 2025-03-11 14:28:13,668 call_r_plant Inserted new plant: 64466
INFO 2025-03-11 14:28:14,009 call_r_plant Inserted new plant: 55067
INFO 2025-03-11 14:28:14,358 call_r_plant Inserted new plant: 58825
INFO 2025-03-11 14:28:14,701 call_r_plant Inserted new plant: 62856
INFO 2025-03-11 14:28:15,051 call_r_plant Inserted new plant: 65013
INFO 2025-03-11 14:28:15,394 call_r_plant Inserted new plant: 976
INFO 2025-03-11 14:28:15,733 call_r_plant Inserted new plant: 64122
INFO 2025-03-11 14:28:16,072 call_r_plant Inserted new plant: 54855
INFO 2025-03-11 14:28:16,415 call_r_plant Inserted new plant: 949
INFO 2025-03-11 14:28:16,752 call_r_plant Inserted new plant: 64201
INFO 2025-03-11 14:28:17,088 call_r_plant Inserted new plant: 60656
INFO 2025-03-11 14:28:17,436 call_r_plant Inserted new plant: 948
INFO 2025-03-11 14:28:17,774 call_r_plant Inserted new plant: 63954
INFO 2025-03-11 14:28:18,112 call_r_plant Inserted new plant: 56160
INFO 2025-03-11 14:28:18,452 call_r_plant Inserted new plant: 65508
INFO 2025-03-11 14:28:18,786 call_r_plant Inserted new plant: 63003
INFO 2025-03-11 14:28:19,135 call_r_plant Inserted new plant: 50566
INFO 2025-03-11 14:28:19,476 call_r_plant Inserted new plant: 57284
INFO 2025-03-11 14:28:19,818 call_r_plant Inserted new plant: 899
INFO 2025-03-11 14:28:20,176 call_r_plant Inserted new plant: 54933
INFO 2025-03-11 14:28:20,517 call_r_plant Inserted new plant: 50337
INFO 2025-03-11 14:28:20,862 call_r_plant Inserted new plant: 63073
INFO 2025-03-11 14:28:21,209 call_r_plant Inserted new plant: 64789
INFO 2025-03-11 14:28:21,587 call_r_plant Inserted new plant: 66093
INFO 2025-03-11 14:28:21,923 call_r_plant Inserted new plant: 64741
INFO 2025-03-11 14:28:22,259 call_r_plant Inserted new plant: 64742
INFO 2025-03-11 14:28:22,609 call_r_plant Inserted new plant: 64159
INFO 2025-03-11 14:28:22,967 call_r_plant Inserted new plant: 64100
INFO 2025-03-11 14:28:23,309 call_r_plant Inserted new plant: 55216
INFO 2025-03-11 14:28:23,653 call_r_plant Inserted new plant: 64905
INFO 2025-03-11 14:28:24,002 call_r_plant Inserted new plant: 65349
INFO 2025-03-11 14:28:24,350 call_r_plant Inserted new plant: 58635
INFO 2025-03-11 14:28:24,695 call_r_plant Inserted new plant: 50326
INFO 2025-03-11 14:28:25,037 call_r_plant Inserted new plant: 55183
INFO 2025-03-11 14:28:25,392 call_r_plant Inserted new plant: 6017
INFO 2025-03-11 14:28:25,820 call_r_plant Inserted new plant: 58328
INFO 2025-03-11 14:28:26,164 call_r_plant Inserted new plant: 960
INFO 2025-03-11 14:28:26,590 call_r_plant Inserted new plant: 58245
INFO 2025-03-11 14:28:26,987 call_r_plant Inserted new plant: 65412
INFO 2025-03-11 14:28:27,381 call_r_plant Inserted new plant: 64918
INFO 2025-03-11 14:28:27,784 call_r_plant Inserted new plant: 59847
INFO 2025-03-11 14:28:28,186 call_r_plant Inserted new plant: 63991
INFO 2025-03-11 14:28:28,577 call_r_plant Inserted new plant: 66082
INFO 2025-03-11 14:28:28,971 call_r_plant Inserted new plant: 56614
INFO 2025-03-11 14:28:29,356 call_r_plant Inserted new plant: 64735
INFO 2025-03-11 14:28:29,696 call_r_plant Inserted new plant: 64043
INFO 2025-03-11 14:28:30,051 call_r_plant Inserted new plant: 61344
INFO 2025-03-11 14:28:30,403 call_r_plant Inserted new plant: 6238
INFO 2025-03-11 14:28:30,757 call_r_plant Inserted new plant: 955
INFO 2025-03-11 14:28:31,109 call_r_plant Inserted new plant: 63989
INFO 2025-03-11 14:28:31,447 call_r_plant Inserted new plant: 62735
INFO 2025-03-11 14:28:31,785 call_r_plant Inserted new plant: 56376
INFO 2025-03-11 14:28:32,130 call_r_plant Inserted new plant: 58898
INFO 2025-03-11 14:28:32,481 call_r_plant Inserted new plant: 55202
INFO 2025-03-11 14:28:32,845 call_r_plant Inserted new plant: 64439
INFO 2025-03-11 14:28:33,184 call_r_plant Inserted new plant: 57675
INFO 2025-03-11 14:28:33,524 call_r_plant Inserted new plant: 64414
INFO 2025-03-11 14:28:33,866 call_r_plant Inserted new plant: 879
INFO 2025-03-11 14:28:34,240 call_r_plant Inserted new plant: 66826
INFO 2025-03-11 14:28:34,587 call_r_plant Inserted new plant: 55856
INFO 2025-03-11 14:28:34,926 call_r_plant Inserted new plant: 62420
INFO 2025-03-11 14:28:35,272 call_r_plant Inserted new plant: 62893
INFO 2025-03-11 14:28:35,633 call_r_plant Inserted new plant: 54886
INFO 2025-03-11 14:28:35,974 call_r_plant Inserted new plant: 64971
INFO 2025-03-11 14:28:36,315 call_r_plant Inserted new plant: 10867
INFO 2025-03-11 14:28:36,656 call_r_plant Inserted new plant: 957
INFO 2025-03-11 14:28:36,994 call_r_plant Inserted new plant: 64972
INFO 2025-03-11 14:28:37,339 call_r_plant Inserted new plant: 56622
INFO 2025-03-11 14:28:37,680 call_r_plant Inserted new plant: 880
INFO 2025-03-11 14:28:38,028 call_r_plant Inserted new plant: 55417
INFO 2025-03-11 14:28:38,384 call_r_plant Inserted new plant: 59061
INFO 2025-03-11 14:28:38,719 call_r_plant Inserted new plant: 56856
INFO 2025-03-11 14:28:39,102 call_r_plant Inserted new plant: 958
INFO 2025-03-11 14:28:39,436 call_r_plant Inserted new plant: 62451
INFO 2025-03-11 14:28:39,780 call_r_plant Inserted new plant: 959
INFO 2025-03-11 14:28:40,124 call_r_plant Inserted new plant: 63071
INFO 2025-03-11 14:28:40,465 call_r_plant Inserted new plant: 965
INFO 2025-03-11 14:28:40,805 call_r_plant Inserted new plant: 63952
INFO 2025-03-11 14:28:41,159 call_r_plant Inserted new plant: 66820
INFO 2025-03-11 14:28:41,498 call_r_plant Inserted new plant: 58377
INFO 2025-03-11 14:28:41,838 call_r_plant Inserted new plant: 65731
INFO 2025-03-11 14:28:42,195 call_r_plant Inserted new plant: 65732
INFO 2025-03-11 14:28:42,542 call_r_plant Inserted new plant: 64415
INFO 2025-03-11 14:28:42,886 call_r_plant Inserted new plant: 55238
INFO 2025-03-11 14:28:43,227 call_r_plant Inserted new plant: 55936
INFO 2025-03-11 14:28:43,571 call_r_plant Inserted new plant: 66085
INFO 2025-03-11 14:28:43,934 call_r_plant Inserted new plant: 58643
INFO 2025-03-11 14:28:44,296 call_r_plant Inserted new plant: 903
INFO 2025-03-11 14:28:44,634 call_r_plant Inserted new plant: 55109
INFO 2025-03-11 14:28:44,973 call_r_plant Inserted new plant: 67813
INFO 2025-03-11 14:28:45,321 call_r_plant Inserted new plant: 67814
INFO 2025-03-11 14:28:45,684 call_r_plant Inserted new plant: 64018
INFO 2025-03-11 14:28:46,045 call_r_plant Inserted new plant: 64362
INFO 2025-03-11 14:28:46,383 call_r_plant Inserted new plant: 64364
INFO 2025-03-11 14:28:46,737 call_r_plant Inserted new plant: 65417
INFO 2025-03-11 14:28:47,084 call_r_plant Inserted new plant: 65415
INFO 2025-03-11 14:28:47,431 call_r_plant Inserted new plant: 65414
INFO 2025-03-11 14:28:47,766 call_r_plant Inserted new plant: 65413
INFO 2025-03-11 14:28:48,100 call_r_plant Inserted new plant: 57928
INFO 2025-03-11 14:28:48,466 call_r_plant Inserted new plant: 65796
INFO 2025-03-11 14:28:48,824 call_r_plant Inserted new plant: 65890
INFO 2025-03-11 14:28:49,165 call_r_plant Inserted new plant: 65803
INFO 2025-03-11 14:28:49,517 call_r_plant Inserted new plant: 64330
INFO 2025-03-11 14:28:49,872 call_r_plant Inserted new plant: 65799
INFO 2025-03-11 14:28:50,213 call_r_plant Inserted new plant: 65800
INFO 2025-03-11 14:28:50,564 call_r_plant Inserted new plant: 64967
INFO 2025-03-11 14:28:50,906 call_r_plant Inserted new plant: 64416
INFO 2025-03-11 14:28:51,246 call_r_plant Inserted new plant: 65316
INFO 2025-03-11 14:28:51,591 call_r_plant Inserted new plant: 64257
INFO 2025-03-11 14:28:51,950 call_r_plant Inserted new plant: 64732
INFO 2025-03-11 14:28:52,291 call_r_plant Inserted new plant: 50563
INFO 2025-03-11 14:28:52,631 call_r_plant Inserted new plant: 57493
INFO 2025-03-11 14:28:52,964 call_r_plant Inserted new plant: 66568
INFO 2025-03-11 14:28:53,334 call_r_plant Inserted new plant: 57964
INFO 2025-03-11 14:28:53,680 call_r_plant Inserted new plant: 55237
INFO 2025-03-11 14:28:54,024 call_r_plant Inserted new plant: 64628
INFO 2025-03-11 14:28:54,366 call_r_plant Inserted new plant: 66079
INFO 2025-03-11 14:28:54,709 call_r_plant Inserted new plant: 66078
INFO 2025-03-11 14:28:55,047 call_r_plant Inserted new plant: 64013
INFO 2025-03-11 14:28:55,384 call_r_plant Inserted new plant: 961
INFO 2025-03-11 14:28:55,727 call_r_plant Inserted new plant: 55281
INFO 2025-03-11 14:28:56,072 call_r_plant Inserted new plant: 63070
INFO 2025-03-11 14:28:56,427 call_r_plant Inserted new plant: 7556
INFO 2025-03-11 14:28:56,766 call_r_plant Inserted new plant: 57094
INFO 2025-03-11 14:28:57,108 call_r_plant Inserted new plant: 58924
INFO 2025-03-11 14:28:57,486 call_r_plant Inserted new plant: 969
INFO 2025-03-11 14:28:57,826 call_r_plant Inserted new plant: 64243
INFO 2025-03-11 14:28:58,162 call_r_plant Inserted new plant: 61990
INFO 2025-03-11 14:28:58,505 call_r_plant Inserted new plant: 50721
INFO 2025-03-11 14:28:58,848 call_r_plant Inserted new plant: 63968
INFO 2025-03-11 14:28:59,294 call_r_plant Inserted new plant: 55005
INFO 2025-03-11 14:28:59,659 call_r_plant Inserted new plant: 55004
INFO 2025-03-11 14:29:00,016 call_r_plant Inserted new plant: 7760
INFO 2025-03-11 14:29:00,355 call_r_plant Inserted new plant: 64468
INFO 2025-03-11 14:29:00,695 call_r_plant Inserted new plant: 58375
INFO 2025-03-11 14:29:01,036 call_r_plant Inserted new plant: 63620
INFO 2025-03-11 14:29:01,372 call_r_plant Inserted new plant: 63618
INFO 2025-03-11 14:29:01,703 call_r_plant Inserted new plant: 63621
INFO 2025-03-11 14:29:02,046 call_r_plant Inserted new plant: 55250
INFO 2025-03-11 14:29:02,393 call_r_plant Inserted new plant: 54780
INFO 2025-03-11 14:29:02,727 call_r_plant Inserted new plant: 54044
INFO 2025-03-11 14:29:03,063 call_r_plant Inserted new plant: 7474
INFO 2025-03-11 14:29:03,404 call_r_plant Inserted new plant: 913
INFO 2025-03-11 14:29:03,769 call_r_plant Inserted new plant: 63946
INFO 2025-03-11 14:29:04,105 call_r_plant Inserted new plant: 64787
INFO 2025-03-11 14:29:04,462 call_r_plant Inserted new plant: 63992
INFO 2025-03-11 14:29:04,802 call_r_plant Inserted new plant: 58694
INFO 2025-03-11 14:29:05,146 call_r_plant Inserted new plant: 971
INFO 2025-03-11 14:29:05,483 call_r_plant Inserted new plant: 883
INFO 2025-03-11 14:29:05,829 call_r_plant Inserted new plant: 54513
INFO 2025-03-11 14:29:06,174 call_r_plant Inserted new plant: 57342
INFO 2025-03-11 14:29:06,545 call_r_plant Inserted new plant: 64059
INFO 2025-03-11 14:29:06,888 call_r_plant Inserted new plant: 62606
INFO 2025-03-11 14:29:07,220 call_r_plant Inserted new plant: 972
INFO 2025-03-11 14:29:07,557 call_r_plant Inserted new plant: 64736
INFO 2025-03-11 14:29:07,920 call_r_plant Inserted new plant: 54662
INFO 2025-03-11 14:29:08,260 call_r_plant Inserted new plant: 64785
INFO 2025-03-11 14:29:08,599 call_r_plant Inserted new plant: 64733
INFO 2025-03-11 14:29:08,944 call_r_plant Inserted new plant: 55392
INFO 2025-03-11 14:29:09,286 call_r_plant Inserted new plant: 6137
INFO 2025-03-11 14:29:09,632 call_r_plant Inserted new plant: 6705
INFO 2025-03-11 14:29:09,977 call_r_plant Inserted new plant: 7336
INFO 2025-03-11 14:29:10,331 call_r_plant Inserted new plant: 64244
INFO 2025-03-11 14:29:10,679 call_r_plant Inserted new plant: 64248
INFO 2025-03-11 14:29:11,026 call_r_plant Inserted new plant: 64245
INFO 2025-03-11 14:29:11,379 call_r_plant Inserted new plant: 64249
INFO 2025-03-11 14:29:11,726 call_r_plant Inserted new plant: 10245
INFO 2025-03-11 14:29:12,070 call_r_plant Inserted new plant: 67163
INFO 2025-03-11 14:29:12,404 call_r_plant Inserted new plant: 52130
INFO 2025-03-11 14:29:12,748 call_r_plant Inserted new plant: 65031
INFO 2025-03-11 14:29:13,095 call_r_plant Inserted new plant: 59172
INFO 2025-03-11 14:29:13,440 call_r_plant Inserted new plant: 56679
INFO 2025-03-11 14:29:13,788 call_r_plant Inserted new plant: 59774
INFO 2025-03-11 14:29:14,123 call_r_plant Inserted new plant: 63666
INFO 2025-03-11 14:29:14,460 call_r_plant Inserted new plant: 61303
INFO 2025-03-11 14:29:14,800 call_r_plant Inserted new plant: 57625
INFO 2025-03-11 14:29:15,137 call_r_plant Inserted new plant: 65086
INFO 2025-03-11 14:29:15,485 call_r_plant Inserted new plant: 50316
INFO 2025-03-11 14:29:15,838 call_r_plant Inserted new plant: 67060
INFO 2025-03-11 14:29:16,182 call_r_plant Inserted new plant: 992
INFO 2025-03-11 14:29:16,524 call_r_plant Inserted new plant: 63324
INFO 2025-03-11 14:29:16,861 call_r_plant Inserted new plant: 50935
INFO 2025-03-11 14:29:17,221 call_r_plant Inserted new plant: 1001
INFO 2025-03-11 14:29:17,561 call_r_plant Inserted new plant: 62794
INFO 2025-03-11 14:29:17,923 call_r_plant Inserted new plant: 983
INFO 2025-03-11 14:29:18,255 call_r_plant Inserted new plant: 62769
INFO 2025-03-11 14:29:18,599 call_r_plant Inserted new plant: 50647
INFO 2025-03-11 14:29:18,936 call_r_plant Inserted new plant: 64207
INFO 2025-03-11 14:29:19,274 call_r_plant Inserted new plant: 60435
INFO 2025-03-11 14:29:19,627 call_r_plant Inserted new plant: 62484
INFO 2025-03-11 14:29:19,966 call_r_plant Inserted new plant: 62485
INFO 2025-03-11 14:29:20,305 call_r_plant Inserted new plant: 62793
INFO 2025-03-11 14:29:20,642 call_r_plant Inserted new plant: 1024
INFO 2025-03-11 14:29:20,997 call_r_plant Inserted new plant: 62776
INFO 2025-03-11 14:29:21,355 call_r_plant Inserted new plant: 59988
INFO 2025-03-11 14:29:21,695 call_r_plant Inserted new plant: 59855
INFO 2025-03-11 14:29:22,048 call_r_plant Inserted new plant: 54956
INFO 2025-03-11 14:29:22,388 call_r_plant Inserted new plant: 59434
INFO 2025-03-11 14:29:22,725 call_r_plant Inserted new plant: 59432
INFO 2025-03-11 14:29:23,070 call_r_plant Inserted new plant: 59433
INFO 2025-03-11 14:29:23,414 call_r_plant Inserted new plant: 66643
INFO 2025-03-11 14:29:23,761 call_r_plant Inserted new plant: 57250
INFO 2025-03-11 14:29:24,102 call_r_plant Inserted new plant: 59018
INFO 2025-03-11 14:29:24,471 call_r_plant Inserted new plant: 1004
INFO 2025-03-11 14:29:24,805 call_r_plant Inserted new plant: 986
INFO 2025-03-11 14:29:25,154 call_r_plant Inserted new plant: 59985
INFO 2025-03-11 14:29:25,489 call_r_plant Inserted new plant: 54835
INFO 2025-03-11 14:29:25,840 call_r_plant Inserted new plant: 10475
INFO 2025-03-11 14:29:26,182 call_r_plant Inserted new plant: 1012
INFO 2025-03-11 14:29:26,520 call_r_plant Inserted new plant: 59547
INFO 2025-03-11 14:29:26,866 call_r_plant Inserted new plant: 56777
INFO 2025-03-11 14:29:27,204 call_r_plant Inserted new plant: 65315
INFO 2025-03-11 14:29:27,552 call_r_plant Inserted new plant: 62767
INFO 2025-03-11 14:29:27,912 call_r_plant Inserted new plant: 7759
INFO 2025-03-11 14:29:28,253 call_r_plant Inserted new plant: 6113
INFO 2025-03-11 14:29:28,595 call_r_plant Inserted new plant: 60721
INFO 2025-03-11 14:29:28,957 call_r_plant Inserted new plant: 61053
INFO 2025-03-11 14:29:29,315 call_r_plant Inserted new plant: 59019
INFO 2025-03-11 14:29:29,653 call_r_plant Inserted new plant: 62592
INFO 2025-03-11 14:29:29,990 call_r_plant Inserted new plant: 58416
INFO 2025-03-11 14:29:30,330 call_r_plant Inserted new plant: 55066
INFO 2025-03-11 14:29:30,670 call_r_plant Inserted new plant: 54731
INFO 2025-03-11 14:29:31,009 call_r_plant Inserted new plant: 7763
INFO 2025-03-11 14:29:31,348 call_r_plant Inserted new plant: 59986
INFO 2025-03-11 14:29:31,684 call_r_plant Inserted new plant: 65494
INFO 2025-03-11 14:29:32,029 call_r_plant Inserted new plant: 59260
INFO 2025-03-11 14:29:32,369 call_r_plant Inserted new plant: 58795
INFO 2025-03-11 14:29:32,721 call_r_plant Inserted new plant: 7948
INFO 2025-03-11 14:29:33,065 call_r_plant Inserted new plant: 56878
INFO 2025-03-11 14:29:33,422 call_r_plant Inserted new plant: 61267
INFO 2025-03-11 14:29:33,757 call_r_plant Inserted new plant: 60253
INFO 2025-03-11 14:29:34,099 call_r_plant Inserted new plant: 61054
INFO 2025-03-11 14:29:34,465 call_r_plant Inserted new plant: 59483
INFO 2025-03-11 14:29:34,814 call_r_plant Inserted new plant: 59479
INFO 2025-03-11 14:29:35,161 call_r_plant Inserted new plant: 60251
INFO 2025-03-11 14:29:35,502 call_r_plant Inserted new plant: 66415
INFO 2025-03-11 14:29:35,838 call_r_plant Inserted new plant: 66366
INFO 2025-03-11 14:29:36,180 call_r_plant Inserted new plant: 59770
INFO 2025-03-11 14:29:36,534 call_r_plant Inserted new plant: 59481
INFO 2025-03-11 14:29:36,877 call_r_plant Inserted new plant: 59480
INFO 2025-03-11 14:29:37,207 call_r_plant Inserted new plant: 59478
INFO 2025-03-11 14:29:37,555 call_r_plant Inserted new plant: 66367
INFO 2025-03-11 14:29:37,887 call_r_plant Inserted new plant: 59482
INFO 2025-03-11 14:29:38,223 call_r_plant Inserted new plant: 60252
INFO 2025-03-11 14:29:38,569 call_r_plant Inserted new plant: 66416
INFO 2025-03-11 14:29:38,908 call_r_plant Inserted new plant: 58391
INFO 2025-03-11 14:29:39,268 call_r_plant Inserted new plant: 59424
INFO 2025-03-11 14:29:39,613 call_r_plant Inserted new plant: 59823
INFO 2025-03-11 14:29:39,961 call_r_plant Inserted new plant: 991
INFO 2025-03-11 14:29:40,296 call_r_plant Inserted new plant: 990
INFO 2025-03-11 14:29:40,641 call_r_plant Inserted new plant: 994
INFO 2025-03-11 14:29:40,995 call_r_plant Inserted new plant: 65702
INFO 2025-03-11 14:29:41,339 call_r_plant Inserted new plant: 64230
INFO 2025-03-11 14:29:41,676 call_r_plant Inserted new plant: 54995
INFO 2025-03-11 14:29:42,016 call_r_plant Inserted new plant: 10397
INFO 2025-03-11 14:29:42,360 call_r_plant Inserted new plant: 58615
INFO 2025-03-11 14:29:42,694 call_r_plant Inserted new plant: 59834
INFO 2025-03-11 14:29:43,027 call_r_plant Inserted new plant: 58552
INFO 2025-03-11 14:29:43,364 call_r_plant Inserted new plant: 58556
INFO 2025-03-11 14:29:43,702 call_r_plant Inserted new plant: 58553
INFO 2025-03-11 14:29:44,041 call_r_plant Inserted new plant: 59989
INFO 2025-03-11 14:29:44,414 call_r_plant Inserted new plant: 56464
INFO 2025-03-11 14:29:44,751 call_r_plant Inserted new plant: 59990
INFO 2025-03-11 14:29:45,092 call_r_plant Inserted new plant: 63389
INFO 2025-03-11 14:29:45,432 call_r_plant Inserted new plant: 60864
INFO 2025-03-11 14:29:45,772 call_r_plant Inserted new plant: 59984
INFO 2025-03-11 14:29:46,122 call_r_plant Inserted new plant: 55502
INFO 2025-03-11 14:29:46,488 call_r_plant Inserted new plant: 58703
INFO 2025-03-11 14:29:46,860 call_r_plant Inserted new plant: 56465
INFO 2025-03-11 14:29:47,202 call_r_plant Inserted new plant: 58043
INFO 2025-03-11 14:29:47,558 call_r_plant Inserted new plant: 58496
INFO 2025-03-11 14:29:47,899 call_r_plant Inserted new plant: 65069
INFO 2025-03-11 14:29:48,233 call_r_plant Inserted new plant: 63861
INFO 2025-03-11 14:29:48,578 call_r_plant Inserted new plant: 58178
INFO 2025-03-11 14:29:48,921 call_r_plant Inserted new plant: 59180
INFO 2025-03-11 14:29:49,263 call_r_plant Inserted new plant: 1005
INFO 2025-03-11 14:29:49,600 call_r_plant Inserted new plant: 58770
INFO 2025-03-11 14:29:49,948 call_r_plant Inserted new plant: 60238
INFO 2025-03-11 14:29:50,306 call_r_plant Inserted new plant: 57112
INFO 2025-03-11 14:29:50,639 call_r_plant Inserted new plant: 57115
INFO 2025-03-11 14:29:50,973 call_r_plant Inserted new plant: 57177
INFO 2025-03-11 14:29:51,309 call_r_plant Inserted new plant: 57109
INFO 2025-03-11 14:29:51,645 call_r_plant Inserted new plant: 57628
INFO 2025-03-11 14:29:52,004 call_r_plant Inserted new plant: 61756
INFO 2025-03-11 14:29:52,368 call_r_plant Inserted new plant: 6213
INFO 2025-03-11 14:29:52,709 call_r_plant Inserted new plant: 997
INFO 2025-03-11 14:29:53,053 call_r_plant Inserted new plant: 60047
INFO 2025-03-11 14:29:53,394 call_r_plant Inserted new plant: 55229
INFO 2025-03-11 14:29:53,741 call_r_plant Inserted new plant: 59808
INFO 2025-03-11 14:29:54,087 call_r_plant Inserted new plant: 62862
INFO 2025-03-11 14:29:54,466 call_r_plant Inserted new plant: 59981
INFO 2025-03-11 14:29:54,802 call_r_plant Inserted new plant: 59983
INFO 2025-03-11 14:29:55,155 call_r_plant Inserted new plant: 1007
INFO 2025-03-11 14:29:55,491 call_r_plant Inserted new plant: 998
INFO 2025-03-11 14:29:55,833 call_r_plant Inserted new plant: 62918
INFO 2025-03-11 14:29:56,172 call_r_plant Inserted new plant: 61333
INFO 2025-03-11 14:29:56,513 call_r_plant Inserted new plant: 56463
INFO 2025-03-11 14:29:56,854 call_r_plant Inserted new plant: 999
INFO 2025-03-11 14:29:57,194 call_r_plant Inserted new plant: 59854
INFO 2025-03-11 14:29:57,528 call_r_plant Inserted new plant: 59255
INFO 2025-03-11 14:29:57,864 call_r_plant Inserted new plant: 63852
INFO 2025-03-11 14:29:58,202 call_r_plant Inserted new plant: 63922
INFO 2025-03-11 14:29:58,538 call_r_plant Inserted new plant: 63921
INFO 2025-03-11 14:29:58,875 call_r_plant Inserted new plant: 63924
INFO 2025-03-11 14:29:59,352 call_r_plant Inserted new plant: 60239
INFO 2025-03-11 14:29:59,690 call_r_plant Inserted new plant: 1037
INFO 2025-03-11 14:30:00,044 call_r_plant Inserted new plant: 64246
INFO 2025-03-11 14:30:00,390 call_r_plant Inserted new plant: 64250
INFO 2025-03-11 14:30:00,730 call_r_plant Inserted new plant: 60046
INFO 2025-03-11 14:30:01,092 call_r_plant Inserted new plant: 55096
INFO 2025-03-11 14:30:01,466 call_r_plant Inserted new plant: 54926
INFO 2025-03-11 14:30:01,814 call_r_plant Inserted new plant: 64854
INFO 2025-03-11 14:30:02,153 call_r_plant Inserted new plant: 65400
INFO 2025-03-11 14:30:02,493 call_r_plant Inserted new plant: 50240
INFO 2025-03-11 14:30:02,838 call_r_plant Inserted new plant: 6085
INFO 2025-03-11 14:30:03,173 call_r_plant Inserted new plant: 57638
INFO 2025-03-11 14:30:03,520 call_r_plant Inserted new plant: 1038
INFO 2025-03-11 14:30:03,865 call_r_plant Inserted new plant: 61799
INFO 2025-03-11 14:30:04,241 call_r_plant Inserted new plant: 7335
INFO 2025-03-11 14:30:04,579 call_r_plant Inserted new plant: 64247
INFO 2025-03-11 14:30:04,940 call_r_plant Inserted new plant: 64252
INFO 2025-03-11 14:30:05,291 call_r_plant Inserted new plant: 62770
INFO 2025-03-11 14:30:05,657 call_r_plant Inserted new plant: 62791
INFO 2025-03-11 14:30:05,991 call_r_plant Inserted new plant: 61729
INFO 2025-03-11 14:30:06,341 call_r_plant Inserted new plant: 64553
INFO 2025-03-11 14:30:06,692 call_r_plant Inserted new plant: 6166
INFO 2025-03-11 14:30:07,031 call_r_plant Inserted new plant: 58942
INFO 2025-03-11 14:30:07,368 call_r_plant Inserted new plant: 58953
INFO 2025-03-11 14:30:07,712 call_r_plant Inserted new plant: 62891
INFO 2025-03-11 14:30:08,049 call_r_plant Inserted new plant: 58063
INFO 2025-03-11 14:30:08,431 call_r_plant Inserted new plant: 50903
INFO 2025-03-11 14:30:08,770 call_r_plant Inserted new plant: 59982
INFO 2025-03-11 14:30:09,117 call_r_plant Inserted new plant: 62766
INFO 2025-03-11 14:30:09,450 call_r_plant Inserted new plant: 63213
INFO 2025-03-11 14:30:09,788 call_r_plant Inserted new plant: 59987
INFO 2025-03-11 14:30:10,132 call_r_plant Inserted new plant: 57794
INFO 2025-03-11 14:30:10,470 call_r_plant Inserted new plant: 63801
INFO 2025-03-11 14:30:10,812 call_r_plant Inserted new plant: 61885
INFO 2025-03-11 14:30:11,170 call_r_plant Inserted new plant: 55364
INFO 2025-03-11 14:30:11,542 call_r_plant Inserted new plant: 60410
INFO 2025-03-11 14:30:11,876 call_r_plant Inserted new plant: 62790
INFO 2025-03-11 14:30:12,215 call_r_plant Inserted new plant: 63137
INFO 2025-03-11 14:30:12,551 call_r_plant Inserted new plant: 62305
INFO 2025-03-11 14:30:12,884 call_r_plant Inserted new plant: 63929
INFO 2025-03-11 14:30:13,228 call_r_plant Inserted new plant: 989
INFO 2025-03-11 14:30:13,577 call_r_plant Inserted new plant: 59861
INFO 2025-03-11 14:30:13,909 call_r_plant Inserted new plant: 54925
INFO 2025-03-11 14:30:14,246 call_r_plant Inserted new plant: 50733
INFO 2025-03-11 14:30:14,602 call_r_plant Inserted new plant: 57637
INFO 2025-03-11 14:30:14,961 call_r_plant Inserted new plant: 50366
INFO 2025-03-11 14:30:15,304 call_r_plant Inserted new plant: 58797
INFO 2025-03-11 14:30:15,636 call_r_plant Inserted new plant: 58577
INFO 2025-03-11 14:30:15,985 call_r_plant Inserted new plant: 55111
INFO 2025-03-11 14:30:16,321 call_r_plant Inserted new plant: 61334
INFO 2025-03-11 14:30:16,672 call_r_plant Inserted new plant: 57842
INFO 2025-03-11 14:30:17,017 call_r_plant Inserted new plant: 65068
INFO 2025-03-11 14:30:17,365 call_r_plant Inserted new plant: 58796
INFO 2025-03-11 14:30:17,702 call_r_plant Inserted new plant: 55224
INFO 2025-03-11 14:30:18,040 call_r_plant Inserted new plant: 1040
INFO 2025-03-11 14:30:18,389 call_r_plant Inserted new plant: 55259
INFO 2025-03-11 14:30:18,729 call_r_plant Inserted new plant: 57862
INFO 2025-03-11 14:30:19,067 call_r_plant Inserted new plant: 55148
INFO 2025-03-11 14:30:19,405 call_r_plant Inserted new plant: 59425
INFO 2025-03-11 14:30:19,744 call_r_plant Inserted new plant: 58666
INFO 2025-03-11 14:30:20,083 call_r_plant Inserted new plant: 66587
INFO 2025-03-11 14:30:20,434 call_r_plant Inserted new plant: 1258
INFO 2025-03-11 14:30:20,781 call_r_plant Inserted new plant: 58192
INFO 2025-03-11 14:30:21,123 call_r_plant Inserted new plant: 1259
INFO 2025-03-11 14:30:21,465 call_r_plant Inserted new plant: 1261
INFO 2025-03-11 14:30:21,809 call_r_plant Inserted new plant: 6791
INFO 2025-03-11 14:30:22,149 call_r_plant Inserted new plant: 61313
INFO 2025-03-11 14:30:22,490 call_r_plant Inserted new plant: 1262
INFO 2025-03-11 14:30:22,824 call_r_plant Inserted new plant: 8020
INFO 2025-03-11 14:30:23,170 call_r_plant Inserted new plant: 1263
INFO 2025-03-11 14:30:23,507 call_r_plant Inserted new plant: 1264
INFO 2025-03-11 14:30:23,852 call_r_plant Inserted new plant: 65391
INFO 2025-03-11 14:30:24,189 call_r_plant Inserted new plant: 1224
INFO 2025-03-11 14:30:24,538 call_r_plant Inserted new plant: 59888
INFO 2025-03-11 14:30:24,892 call_r_plant Inserted new plant: 58193
INFO 2025-03-11 14:30:25,229 call_r_plant Inserted new plant: 58767
INFO 2025-03-11 14:30:25,582 call_r_plant Inserted new plant: 58474
INFO 2025-03-11 14:30:25,926 call_r_plant Inserted new plant: 1265
INFO 2025-03-11 14:30:26,271 call_r_plant Inserted new plant: 1266
INFO 2025-03-11 14:30:26,607 call_r_plant Inserted new plant: 59726
INFO 2025-03-11 14:30:26,947 call_r_plant Inserted new plant: 57858
INFO 2025-03-11 14:30:27,284 call_r_plant Inserted new plant: 60069
INFO 2025-03-11 14:30:27,620 call_r_plant Inserted new plant: 56818
INFO 2025-03-11 14:30:27,960 call_r_plant Inserted new plant: 1268
INFO 2025-03-11 14:30:28,309 call_r_plant Inserted new plant: 7018
INFO 2025-03-11 14:30:28,653 call_r_plant Inserted new plant: 66591
INFO 2025-03-11 14:30:28,994 call_r_plant Inserted new plant: 64074
INFO 2025-03-11 14:30:29,333 call_r_plant Inserted new plant: 60687
INFO 2025-03-11 14:30:29,676 call_r_plant Inserted new plant: 60688
INFO 2025-03-11 14:30:30,020 call_r_plant Inserted new plant: 1230
INFO 2025-03-11 14:30:30,362 call_r_plant Inserted new plant: 57762
INFO 2025-03-11 14:30:30,703 call_r_plant Inserted new plant: 57663
INFO 2025-03-11 14:30:31,037 call_r_plant Inserted new plant: 62931
INFO 2025-03-11 14:30:31,385 call_r_plant Inserted new plant: 1270
INFO 2025-03-11 14:30:31,727 call_r_plant Inserted new plant: 8037
INFO 2025-03-11 14:30:32,074 call_r_plant Inserted new plant: 56784
INFO 2025-03-11 14:30:32,414 call_r_plant Inserted new plant: 1271
INFO 2025-03-11 14:30:32,761 call_r_plant Inserted new plant: 1225
INFO 2025-03-11 14:30:33,109 call_r_plant Inserted new plant: 1272
INFO 2025-03-11 14:30:33,447 call_r_plant Inserted new plant: 65804
INFO 2025-03-11 14:30:33,783 call_r_plant Inserted new plant: 66609
INFO 2025-03-11 14:30:34,180 call_r_plant Inserted new plant: 61789
INFO 2025-03-11 14:30:34,523 call_r_plant Inserted new plant: 7013
INFO 2025-03-11 14:30:34,861 call_r_plant Inserted new plant: 62220
INFO 2025-03-11 14:30:35,203 call_r_plant Inserted new plant: 59383
INFO 2025-03-11 14:30:35,546 call_r_plant Inserted new plant: 58075
INFO 2025-03-11 14:30:35,884 call_r_plant Inserted new plant: 56303
INFO 2025-03-11 14:30:36,231 call_r_plant Inserted new plant: 1274
INFO 2025-03-11 14:30:36,564 call_r_plant Inserted new plant: 56502
INFO 2025-03-11 14:30:36,905 call_r_plant Inserted new plant: 58137
INFO 2025-03-11 14:30:37,257 call_r_plant Inserted new plant: 1276
INFO 2025-03-11 14:30:37,604 call_r_plant Inserted new plant: 7766
INFO 2025-03-11 14:30:37,962 call_r_plant Inserted new plant: 57787
INFO 2025-03-11 14:30:38,298 call_r_plant Inserted new plant: 64407
INFO 2025-03-11 14:30:38,639 call_r_plant Inserted new plant: 56879
INFO 2025-03-11 14:30:38,980 call_r_plant Inserted new plant: 56819
INFO 2025-03-11 14:30:39,317 call_r_plant Inserted new plant: 1233
INFO 2025-03-11 14:30:39,651 call_r_plant Inserted new plant: 61540
INFO 2025-03-11 14:30:40,001 call_r_plant Inserted new plant: 65374
INFO 2025-03-11 14:30:40,362 call_r_plant Inserted new plant: 66883
INFO 2025-03-11 14:30:40,700 call_r_plant Inserted new plant: 66882
INFO 2025-03-11 14:30:41,076 call_r_plant Inserted new plant: 66884
INFO 2025-03-11 14:30:41,414 call_r_plant Inserted new plant: 1336
INFO 2025-03-11 14:30:41,754 call_r_plant Inserted new plant: 7281
INFO 2025-03-11 14:30:42,100 call_r_plant Inserted new plant: 1278
INFO 2025-03-11 14:30:42,479 call_r_plant Inserted new plant: 1279
INFO 2025-03-11 14:30:42,821 call_r_plant Inserted new plant: 1280
INFO 2025-03-11 14:30:43,160 call_r_plant Inserted new plant: 56497
INFO 2025-03-11 14:30:43,499 call_r_plant Inserted new plant: 1240
INFO 2025-03-11 14:30:43,836 call_r_plant Inserted new plant: 55734
INFO 2025-03-11 14:30:44,181 call_r_plant Inserted new plant: 1235
INFO 2025-03-11 14:30:44,536 call_r_plant Inserted new plant: 57118
INFO 2025-03-11 14:30:44,892 call_r_plant Inserted new plant: 1283
INFO 2025-03-11 14:30:45,272 call_r_plant Inserted new plant: 66156
INFO 2025-03-11 14:30:45,613 call_r_plant Inserted new plant: 1285
INFO 2025-03-11 14:30:45,976 call_r_plant Inserted new plant: 1286
INFO 2025-03-11 14:30:46,314 call_r_plant Inserted new plant: 108
INFO 2025-03-11 14:30:46,652 call_r_plant Inserted new plant: 1287
INFO 2025-03-11 14:30:46,992 call_r_plant Inserted new plant: 7011
INFO 2025-03-11 14:30:47,352 call_r_plant Inserted new plant: 1248
INFO 2025-03-11 14:30:47,698 call_r_plant Inserted new plant: 1291
INFO 2025-03-11 14:30:48,043 call_r_plant Inserted new plant: 64138
INFO 2025-03-11 14:30:48,389 call_r_plant Inserted new plant: 64003
INFO 2025-03-11 14:30:48,729 call_r_plant Inserted new plant: 57639
INFO 2025-03-11 14:30:49,086 call_r_plant Inserted new plant: 59045
INFO 2025-03-11 14:30:49,421 call_r_plant Inserted new plant: 65129
INFO 2025-03-11 14:30:49,760 call_r_plant Inserted new plant: 6068
INFO 2025-03-11 14:30:50,094 call_r_plant Inserted new plant: 1292
INFO 2025-03-11 14:30:50,435 call_r_plant Inserted new plant: 6579
INFO 2025-03-11 14:30:50,774 call_r_plant Inserted new plant: 62993
INFO 2025-03-11 14:30:51,119 call_r_plant Inserted new plant: 65512
INFO 2025-03-11 14:30:51,480 call_r_plant Inserted new plant: 10279
INFO 2025-03-11 14:30:51,834 call_r_plant Inserted new plant: 1294
INFO 2025-03-11 14:30:52,185 call_r_plant Inserted new plant: 1296
INFO 2025-03-11 14:30:52,530 call_r_plant Inserted new plant: 60639
INFO 2025-03-11 14:30:52,873 call_r_plant Inserted new plant: 1297
INFO 2025-03-11 14:30:53,249 call_r_plant Inserted new plant: 1241
INFO 2025-03-11 14:30:53,587 call_r_plant Inserted new plant: 1299
INFO 2025-03-11 14:30:53,926 call_r_plant Inserted new plant: 1250
INFO 2025-03-11 14:30:54,289 call_r_plant Inserted new plant: 1300
INFO 2025-03-11 14:30:54,632 call_r_plant Inserted new plant: 59084
INFO 2025-03-11 14:30:54,976 call_r_plant Inserted new plant: 1305
INFO 2025-03-11 14:30:55,315 call_r_plant Inserted new plant: 7515
INFO 2025-03-11 14:30:55,653 call_r_plant Inserted new plant: 1306
INFO 2025-03-11 14:30:55,987 call_r_plant Inserted new plant: 59632
INFO 2025-03-11 14:30:56,323 call_r_plant Inserted new plant: 1307
INFO 2025-03-11 14:30:56,667 call_r_plant Inserted new plant: 7976
INFO 2025-03-11 14:30:57,016 call_r_plant Inserted new plant: 6064
INFO 2025-03-11 14:30:57,362 call_r_plant Inserted new plant: 62481
INFO 2025-03-11 14:30:57,710 call_r_plant Inserted new plant: 60620
INFO 2025-03-11 14:30:58,051 call_r_plant Inserted new plant: 57489
INFO 2025-03-11 14:30:58,396 call_r_plant Inserted new plant: 1312
INFO 2025-03-11 14:30:58,748 call_r_plant Inserted new plant: 1313
INFO 2025-03-11 14:30:59,150 call_r_plant Inserted new plant: 1314
INFO 2025-03-11 14:30:59,489 call_r_plant Inserted new plant: 7928
INFO 2025-03-11 14:30:59,836 call_r_plant Inserted new plant: 60751
INFO 2025-03-11 14:31:00,173 call_r_plant Inserted new plant: 60750
INFO 2025-03-11 14:31:00,518 call_r_plant Inserted new plant: 1315
INFO 2025-03-11 14:31:00,865 call_r_plant Inserted new plant: 1316
INFO 2025-03-11 14:31:01,198 call_r_plant Inserted new plant: 7432
INFO 2025-03-11 14:31:01,551 call_r_plant Inserted new plant: 57678
INFO 2025-03-11 14:31:01,899 call_r_plant Inserted new plant: 58183
INFO 2025-03-11 14:31:02,242 call_r_plant Inserted new plant: 62488
INFO 2025-03-11 14:31:02,579 call_r_plant Inserted new plant: 61798
INFO 2025-03-11 14:31:02,940 call_r_plant Inserted new plant: 1317
INFO 2025-03-11 14:31:03,278 call_r_plant Inserted new plant: 7447
INFO 2025-03-11 14:31:03,614 call_r_plant Inserted new plant: 61957
INFO 2025-03-11 14:31:03,950 call_r_plant Inserted new plant: 1295
INFO 2025-03-11 14:31:04,299 call_r_plant Inserted new plant: 60999
INFO 2025-03-11 14:31:04,634 call_r_plant Inserted new plant: 1239
INFO 2025-03-11 14:31:04,973 call_r_plant Inserted new plant: 58255
INFO 2025-03-11 14:31:05,309 call_r_plant Inserted new plant: 1319
INFO 2025-03-11 14:31:05,652 call_r_plant Inserted new plant: 7930
INFO 2025-03-11 14:31:05,993 call_r_plant Inserted new plant: 1320
INFO 2025-03-11 14:31:06,334 call_r_plant Inserted new plant: 1324
INFO 2025-03-11 14:31:06,676 call_r_plant Inserted new plant: 7973
INFO 2025-03-11 14:31:07,012 call_r_plant Inserted new plant: 58018
INFO 2025-03-11 14:31:07,343 call_r_plant Inserted new plant: 59837
INFO 2025-03-11 14:31:07,690 call_r_plant Inserted new plant: 56488
INFO 2025-03-11 14:31:08,027 call_r_plant Inserted new plant: 56985
INFO 2025-03-11 14:31:08,359 call_r_plant Inserted new plant: 64309
INFO 2025-03-11 14:31:08,717 call_r_plant Inserted new plant: 61984
INFO 2025-03-11 14:31:09,068 call_r_plant Inserted new plant: 56351
INFO 2025-03-11 14:31:09,399 call_r_plant Inserted new plant: 57975
INFO 2025-03-11 14:31:09,741 call_r_plant Inserted new plant: 1321
INFO 2025-03-11 14:31:10,076 call_r_plant Inserted new plant: 1322
INFO 2025-03-11 14:31:10,411 call_r_plant Inserted new plant: 1325
INFO 2025-03-11 14:31:10,741 call_r_plant Inserted new plant: 1326
INFO 2025-03-11 14:31:11,141 call_r_plant Inserted new plant: 1327
INFO 2025-03-11 14:31:11,485 call_r_plant Inserted new plant: 65738
INFO 2025-03-11 14:31:11,851 call_r_plant Inserted new plant: 63575
INFO 2025-03-11 14:31:12,187 call_r_plant Inserted new plant: 1328
INFO 2025-03-11 14:31:12,529 call_r_plant Inserted new plant: 1329
INFO 2025-03-11 14:31:12,863 call_r_plant Inserted new plant: 57023
INFO 2025-03-11 14:31:13,214 call_r_plant Inserted new plant: 56022
INFO 2025-03-11 14:31:13,545 call_r_plant Inserted new plant: 57614
INFO 2025-03-11 14:31:13,880 call_r_plant Inserted new plant: 1330
INFO 2025-03-11 14:31:14,236 call_r_plant Inserted new plant: 7339
INFO 2025-03-11 14:31:14,578 call_r_plant Inserted new plant: 1332
INFO 2025-03-11 14:31:14,908 call_r_plant Inserted new plant: 7929
INFO 2025-03-11 14:31:15,243 call_r_plant Inserted new plant: 60956
INFO 2025-03-11 14:31:15,591 call_r_plant Inserted new plant: 65484
INFO 2025-03-11 14:31:15,939 call_r_plant Inserted new plant: 60689
INFO 2025-03-11 14:31:16,292 call_r_plant Inserted new plant: 50169
INFO 2025-03-11 14:31:16,639 call_r_plant Inserted new plant: 210
INFO 2025-03-11 14:31:17,002 call_r_plant Inserted new plant: 62590
INFO 2025-03-11 14:31:17,362 call_r_plant Inserted new plant: 65027
INFO 2025-03-11 14:31:17,736 call_r_plant Inserted new plant: 1371
INFO 2025-03-11 14:31:18,077 call_r_plant Inserted new plant: 56277
INFO 2025-03-11 14:31:18,416 call_r_plant Inserted new plant: 1353
INFO 2025-03-11 14:31:18,765 call_r_plant Inserted new plant: 59392
INFO 2025-03-11 14:31:19,105 call_r_plant Inserted new plant: 55164
INFO 2025-03-11 14:31:19,452 call_r_plant Inserted new plant: 1363
INFO 2025-03-11 14:31:19,795 call_r_plant Inserted new plant: 57399
INFO 2025-03-11 14:31:20,154 call_r_plant Inserted new plant: 60863
INFO 2025-03-11 14:31:20,493 call_r_plant Inserted new plant: 54850
INFO 2025-03-11 14:31:20,836 call_r_plant Inserted new plant: 61310
INFO 2025-03-11 14:31:21,188 call_r_plant Inserted new plant: 6823
INFO 2025-03-11 14:31:21,529 call_r_plant Inserted new plant: 55308
INFO 2025-03-11 14:31:21,865 call_r_plant Inserted new plant: 1354
INFO 2025-03-11 14:31:22,210 call_r_plant Inserted new plant: 1355
INFO 2025-03-11 14:31:22,558 call_r_plant Inserted new plant: 6018
INFO 2025-03-11 14:31:22,909 call_r_plant Inserted new plant: 1356
INFO 2025-03-11 14:31:23,252 call_r_plant Inserted new plant: 60137
INFO 2025-03-11 14:31:23,602 call_r_plant Inserted new plant: 60703
INFO 2025-03-11 14:31:23,944 call_r_plant Inserted new plant: 56278
INFO 2025-03-11 14:31:24,289 call_r_plant Inserted new plant: 6041
INFO 2025-03-11 14:31:24,636 call_r_plant Inserted new plant: 1358
INFO 2025-03-11 14:31:24,992 call_r_plant Inserted new plant: 56280
INFO 2025-03-11 14:31:25,329 call_r_plant Inserted new plant: 1384
INFO 2025-03-11 14:31:25,675 call_r_plant Inserted new plant: 1377
INFO 2025-03-11 14:31:26,017 call_r_plant Inserted new plant: 55429
INFO 2025-03-11 14:31:26,353 call_r_plant Inserted new plant: 61744
INFO 2025-03-11 14:31:26,690 call_r_plant Inserted new plant: 65406
INFO 2025-03-11 14:31:27,030 call_r_plant Inserted new plant: 6171
INFO 2025-03-11 14:31:27,359 call_r_plant Inserted new plant: 56279
INFO 2025-03-11 14:31:27,698 call_r_plant Inserted new plant: 55232
INFO 2025-03-11 14:31:28,054 call_r_plant Inserted new plant: 62747
INFO 2025-03-11 14:31:28,396 call_r_plant Inserted new plant: 56872
INFO 2025-03-11 14:31:28,740 call_r_plant Inserted new plant: 1364
INFO 2025-03-11 14:31:29,091 call_r_plant Inserted new plant: 62641
INFO 2025-03-11 14:31:29,428 call_r_plant Inserted new plant: 1359
INFO 2025-03-11 14:31:29,770 call_r_plant Inserted new plant: 1365
INFO 2025-03-11 14:31:30,120 call_r_plant Inserted new plant: 1366
INFO 2025-03-11 14:31:30,454 call_r_plant Inserted new plant: 56556
INFO 2025-03-11 14:31:30,797 call_r_plant Inserted new plant: 1378
INFO 2025-03-11 14:31:31,137 call_r_plant Inserted new plant: 1376
INFO 2025-03-11 14:31:31,476 call_r_plant Inserted new plant: 56327
INFO 2025-03-11 14:31:31,819 call_r_plant Inserted new plant: 6639
INFO 2025-03-11 14:31:32,158 call_r_plant Inserted new plant: 55198
INFO 2025-03-11 14:31:32,496 call_r_plant Inserted new plant: 1383
INFO 2025-03-11 14:31:32,850 call_r_plant Inserted new plant: 67082
INFO 2025-03-11 14:31:33,201 call_r_plant Inserted new plant: 64842
INFO 2025-03-11 14:31:33,547 call_r_plant Inserted new plant: 1379
INFO 2025-03-11 14:31:33,882 call_r_plant Inserted new plant: 54
INFO 2025-03-11 14:31:34,241 call_r_plant Inserted new plant: 57400
INFO 2025-03-11 14:31:34,582 call_r_plant Inserted new plant: 6071
INFO 2025-03-11 14:31:34,924 call_r_plant Inserted new plant: 61311
INFO 2025-03-11 14:31:35,263 call_r_plant Inserted new plant: 61312
INFO 2025-03-11 14:31:35,599 call_r_plant Inserted new plant: 1380
INFO 2025-03-11 14:31:35,940 call_r_plant Inserted new plant: 57938
INFO 2025-03-11 14:31:36,299 call_r_plant Inserted new plant: 55173
INFO 2025-03-11 14:31:36,639 call_r_plant Inserted new plant: 10593
INFO 2025-03-11 14:31:36,982 call_r_plant Inserted new plant: 1416
INFO 2025-03-11 14:31:37,321 call_r_plant Inserted new plant: 55433
INFO 2025-03-11 14:31:37,679 call_r_plant Inserted new plant: 1464
INFO 2025-03-11 14:31:38,015 call_r_plant Inserted new plant: 6055
INFO 2025-03-11 14:31:38,355 call_r_plant Inserted new plant: 6190
INFO 2025-03-11 14:31:38,699 call_r_plant Inserted new plant: 54677
INFO 2025-03-11 14:31:39,043 call_r_plant Inserted new plant: 52175
INFO 2025-03-11 14:31:39,383 call_r_plant Inserted new plant: 55165
INFO 2025-03-11 14:31:39,726 call_r_plant Inserted new plant: 55404
INFO 2025-03-11 14:31:40,066 call_r_plant Inserted new plant: 50626
INFO 2025-03-11 14:31:40,405 call_r_plant Inserted new plant: 1396
INFO 2025-03-11 14:31:40,775 call_r_plant Inserted new plant: 6558
INFO 2025-03-11 14:31:41,172 call_r_plant Inserted new plant: 10488
INFO 2025-03-11 14:31:41,521 call_r_plant Inserted new plant: 54512
INFO 2025-03-11 14:31:41,868 call_r_plant Inserted new plant: 50152
INFO 2025-03-11 14:31:42,213 call_r_plant Inserted new plant: 61647
INFO 2025-03-11 14:31:42,569 call_r_plant Inserted new plant: 51008
INFO 2025-03-11 14:31:42,913 call_r_plant Inserted new plant: 10690
INFO 2025-03-11 14:31:43,274 call_r_plant Inserted new plant: 54518
INFO 2025-03-11 14:31:43,619 call_r_plant Inserted new plant: 54427
INFO 2025-03-11 14:31:43,966 call_r_plant Inserted new plant: 10319
INFO 2025-03-11 14:31:44,349 call_r_plant Inserted new plant: 56787
INFO 2025-03-11 14:31:44,699 call_r_plant Inserted new plant: 50846
INFO 2025-03-11 14:31:45,043 call_r_plant Inserted new plant: 54927
INFO 2025-03-11 14:31:45,394 call_r_plant Inserted new plant: 56283
INFO 2025-03-11 14:31:45,735 call_r_plant Inserted new plant: 1439
INFO 2025-03-11 14:31:46,079 call_r_plant Inserted new plant: 58108
INFO 2025-03-11 14:31:46,438 call_r_plant Inserted new plant: 63128
INFO 2025-03-11 14:31:46,783 call_r_plant Inserted new plant: 66175
INFO 2025-03-11 14:31:47,119 call_r_plant Inserted new plant: 61646
INFO 2025-03-11 14:31:47,458 call_r_plant Inserted new plant: 58478
INFO 2025-03-11 14:31:47,799 call_r_plant Inserted new plant: 58428
INFO 2025-03-11 14:31:48,142 call_r_plant Inserted new plant: 52006
INFO 2025-03-11 14:31:48,514 call_r_plant Inserted new plant: 58310
INFO 2025-03-11 14:31:48,852 call_r_plant Inserted new plant: 57884
INFO 2025-03-11 14:31:49,198 call_r_plant Inserted new plant: 60927
INFO 2025-03-11 14:31:49,540 call_r_plant Inserted new plant: 1417
INFO 2025-03-11 14:31:49,884 call_r_plant Inserted new plant: 1402
INFO 2025-03-11 14:31:50,224 call_r_plant Inserted new plant: 1391
INFO 2025-03-11 14:31:50,570 call_r_plant Inserted new plant: 1392
INFO 2025-03-11 14:31:50,919 call_r_plant Inserted new plant: 10301
INFO 2025-03-11 14:31:51,261 call_r_plant Inserted new plant: 54240
INFO 2025-03-11 14:31:51,611 call_r_plant Inserted new plant: 54091
INFO 2025-03-11 14:31:51,959 call_r_plant Inserted new plant: 10198
INFO 2025-03-11 14:31:52,293 call_r_plant Inserted new plant: 50030
INFO 2025-03-11 14:31:52,635 call_r_plant Inserted new plant: 56139
INFO 2025-03-11 14:31:52,979 call_r_plant Inserted new plant: 60928
INFO 2025-03-11 14:31:53,326 call_r_plant Inserted new plant: 64307
INFO 2025-03-11 14:31:53,666 call_r_plant Inserted new plant: 1453
INFO 2025-03-11 14:31:53,998 call_r_plant Inserted new plant: 1403
INFO 2025-03-11 14:31:54,349 call_r_plant Inserted new plant: 55857
INFO 2025-03-11 14:31:54,688 call_r_plant Inserted new plant: 66193
INFO 2025-03-11 14:31:55,024 call_r_plant Inserted new plant: 55467
INFO 2025-03-11 14:31:55,363 call_r_plant Inserted new plant: 50341
INFO 2025-03-11 14:31:55,701 call_r_plant Inserted new plant: 50490
INFO 2025-03-11 14:31:56,038 call_r_plant Inserted new plant: 50487
INFO 2025-03-11 14:31:56,386 call_r_plant Inserted new plant: 50489
INFO 2025-03-11 14:31:56,723 call_r_plant Inserted new plant: 50488
INFO 2025-03-11 14:31:57,057 call_r_plant Inserted new plant: 55620
INFO 2025-03-11 14:31:57,392 call_r_plant Inserted new plant: 50028
INFO 2025-03-11 14:31:57,750 call_r_plant Inserted new plant: 55419
INFO 2025-03-11 14:31:58,103 call_r_plant Inserted new plant: 50389
INFO 2025-03-11 14:31:58,437 call_r_plant Inserted new plant: 55117
INFO 2025-03-11 14:31:58,772 call_r_plant Inserted new plant: 1456
INFO 2025-03-11 14:31:59,232 call_r_plant Inserted new plant: 6462
INFO 2025-03-11 14:31:59,565 call_r_plant Inserted new plant: 56248
INFO 2025-03-11 14:31:59,903 call_r_plant Inserted new plant: 54678
INFO 2025-03-11 14:32:00,248 call_r_plant Inserted new plant: 10697
INFO 2025-03-11 14:32:00,597 call_r_plant Inserted new plant: 60926
INFO 2025-03-11 14:32:00,933 call_r_plant Inserted new plant: 62854
INFO 2025-03-11 14:32:01,270 call_r_plant Inserted new plant: 60610
INFO 2025-03-11 14:32:01,606 call_r_plant Inserted new plant: 1404
INFO 2025-03-11 14:32:01,941 call_r_plant Inserted new plant: 56108
INFO 2025-03-11 14:32:02,276 call_r_plant Inserted new plant: 64306
INFO 2025-03-11 14:32:02,624 call_r_plant Inserted new plant: 64305
INFO 2025-03-11 14:32:02,987 call_r_plant Inserted new plant: 55089
INFO 2025-03-11 14:32:03,323 call_r_plant Inserted new plant: 1400
INFO 2025-03-11 14:32:03,658 call_r_plant Inserted new plant: 55486
INFO 2025-03-11 14:32:03,996 call_r_plant Inserted new plant: 8056
INFO 2025-03-11 14:32:04,364 call_r_plant Inserted new plant: 4270
INFO 2025-03-11 14:32:04,702 call_r_plant Inserted new plant: 55051
INFO 2025-03-11 14:32:05,046 call_r_plant Inserted new plant: 50810
INFO 2025-03-11 14:32:05,380 call_r_plant Inserted new plant: 64876
INFO 2025-03-11 14:32:05,725 call_r_plant Inserted new plant: 67464
INFO 2025-03-11 14:32:06,057 call_r_plant Inserted new plant: 65092
INFO 2025-03-11 14:32:06,395 call_r_plant Inserted new plant: 60858
INFO 2025-03-11 14:32:06,736 call_r_plant Inserted new plant: 65093
INFO 2025-03-11 14:32:07,086 call_r_plant Inserted new plant: 65056
INFO 2025-03-11 14:32:07,432 call_r_plant Inserted new plant: 65114
INFO 2025-03-11 14:32:07,767 call_r_plant Inserted new plant: 59822
INFO 2025-03-11 14:32:08,117 call_r_plant Inserted new plant: 59821
INFO 2025-03-11 14:32:08,453 call_r_plant Inserted new plant: 59485
INFO 2025-03-11 14:32:08,791 call_r_plant Inserted new plant: 64875
INFO 2025-03-11 14:32:09,137 call_r_plant Inserted new plant: 64014
INFO 2025-03-11 14:32:09,478 call_r_plant Inserted new plant: 65057
INFO 2025-03-11 14:32:09,812 call_r_plant Inserted new plant: 61518
INFO 2025-03-11 14:32:10,147 call_r_plant Inserted new plant: 66320
INFO 2025-03-11 14:32:10,479 call_r_plant Inserted new plant: 67241
INFO 2025-03-11 14:32:10,849 call_r_plant Inserted new plant: 61237
INFO 2025-03-11 14:32:11,199 call_r_plant Inserted new plant: 67242
INFO 2025-03-11 14:32:11,605 call_r_plant Inserted new plant: 65085
INFO 2025-03-11 14:32:11,944 call_r_plant Inserted new plant: 64970
INFO 2025-03-11 14:32:12,284 call_r_plant Inserted new plant: 59639
INFO 2025-03-11 14:32:12,637 call_r_plant Inserted new plant: 59046
INFO 2025-03-11 14:32:12,984 call_r_plant Inserted new plant: 67457
INFO 2025-03-11 14:32:13,331 call_r_plant Inserted new plant: 65054
INFO 2025-03-11 14:32:13,671 call_r_plant Inserted new plant: 65055
INFO 2025-03-11 14:32:14,013 call_r_plant Inserted new plant: 60986
INFO 2025-03-11 14:32:14,357 call_r_plant Inserted new plant: 65014
INFO 2025-03-11 14:32:14,704 call_r_plant Inserted new plant: 65015
INFO 2025-03-11 14:32:15,048 call_r_plant Inserted new plant: 59543
INFO 2025-03-11 14:32:15,385 call_r_plant Inserted new plant: 66966
INFO 2025-03-11 14:32:15,719 call_r_plant Inserted new plant: 58270
INFO 2025-03-11 14:32:16,059 call_r_plant Inserted new plant: 62835
INFO 2025-03-11 14:32:16,418 call_r_plant Inserted new plant: 58271
INFO 2025-03-11 14:32:16,789 call_r_plant Inserted new plant: 64706
INFO 2025-03-11 14:32:17,129 call_r_plant Inserted new plant: 59128
INFO 2025-03-11 14:32:17,468 call_r_plant Inserted new plant: 59121
INFO 2025-03-11 14:32:17,821 call_r_plant Inserted new plant: 59775
INFO 2025-03-11 14:32:18,173 call_r_plant Inserted new plant: 64588
INFO 2025-03-11 14:32:18,509 call_r_plant Inserted new plant: 59028
INFO 2025-03-11 14:32:18,848 call_r_plant Inserted new plant: 62827
INFO 2025-03-11 14:32:19,206 call_r_plant Inserted new plant: 63469
INFO 2025-03-11 14:32:19,545 call_r_plant Inserted new plant: 64000
INFO 2025-03-11 14:32:19,887 call_r_plant Inserted new plant: 56426
INFO 2025-03-11 14:32:20,239 call_r_plant Inserted new plant: 58185
INFO 2025-03-11 14:32:20,575 call_r_plant Inserted new plant: 63474
INFO 2025-03-11 14:32:20,924 call_r_plant Inserted new plant: 61526
INFO 2025-03-11 14:32:21,266 call_r_plant Inserted new plant: 62219
INFO 2025-03-11 14:32:21,614 call_r_plant Inserted new plant: 61399
INFO 2025-03-11 14:32:21,963 call_r_plant Inserted new plant: 62199
INFO 2025-03-11 14:32:22,299 call_r_plant Inserted new plant: 67146
INFO 2025-03-11 14:32:22,635 call_r_plant Inserted new plant: 64213
INFO 2025-03-11 14:32:22,977 call_r_plant Inserted new plant: 58702
INFO 2025-03-11 14:32:23,320 call_r_plant Inserted new plant: 59463
INFO 2025-03-11 14:32:23,657 call_r_plant Inserted new plant: 60116
INFO 2025-03-11 14:32:24,016 call_r_plant Inserted new plant: 62369
INFO 2025-03-11 14:32:24,353 call_r_plant Inserted new plant: 62371
INFO 2025-03-11 14:32:24,687 call_r_plant Inserted new plant: 64182
INFO 2025-03-11 14:32:25,031 call_r_plant Inserted new plant: 64170
INFO 2025-03-11 14:32:25,376 call_r_plant Inserted new plant: 62368
INFO 2025-03-11 14:32:25,719 call_r_plant Inserted new plant: 62372
INFO 2025-03-11 14:32:26,058 call_r_plant Inserted new plant: 67376
INFO 2025-03-11 14:32:26,396 call_r_plant Inserted new plant: 64140
INFO 2025-03-11 14:32:26,729 call_r_plant Inserted new plant: 60067
INFO 2025-03-11 14:32:27,067 call_r_plant Inserted new plant: 61069
INFO 2025-03-11 14:32:27,628 call_r_plant Inserted new plant: 62370
INFO 2025-03-11 14:32:27,979 call_r_plant Inserted new plant: 59081
INFO 2025-03-11 14:32:28,318 call_r_plant Inserted new plant: 59766
INFO 2025-03-11 14:32:28,647 call_r_plant Inserted new plant: 62363
INFO 2025-03-11 14:32:28,983 call_r_plant Inserted new plant: 61342
INFO 2025-03-11 14:32:29,354 call_r_plant Inserted new plant: 63558
INFO 2025-03-11 14:32:29,688 call_r_plant Inserted new plant: 60866
INFO 2025-03-11 14:32:30,030 call_r_plant Inserted new plant: 66181
INFO 2025-03-11 14:32:30,373 call_r_plant Inserted new plant: 8005
INFO 2025-03-11 14:32:30,707 call_r_plant Inserted new plant: 62585
INFO 2025-03-11 14:32:31,047 call_r_plant Inserted new plant: 60653
INFO 2025-03-11 14:32:31,378 call_r_plant Inserted new plant: 61295
INFO 2025-03-11 14:32:31,711 call_r_plant Inserted new plant: 10307
INFO 2025-03-11 14:32:32,047 call_r_plant Inserted new plant: 58403
INFO 2025-03-11 14:32:32,384 call_r_plant Inserted new plant: 55211
INFO 2025-03-11 14:32:32,736 call_r_plant Inserted new plant: 64112
INFO 2025-03-11 14:32:33,074 call_r_plant Inserted new plant: 58871
INFO 2025-03-11 14:32:33,411 call_r_plant Inserted new plant: 58624
INFO 2025-03-11 14:32:33,749 call_r_plant Inserted new plant: 55041
INFO 2025-03-11 14:32:34,083 call_r_plant Inserted new plant: 57721
INFO 2025-03-11 14:32:34,466 call_r_plant Inserted new plant: 59242
INFO 2025-03-11 14:32:34,798 call_r_plant Inserted new plant: 61429
INFO 2025-03-11 14:32:35,134 call_r_plant Inserted new plant: 60854
INFO 2025-03-11 14:32:35,483 call_r_plant Inserted new plant: 66075
INFO 2025-03-11 14:32:35,862 call_r_plant Inserted new plant: 55212
INFO 2025-03-11 14:32:36,195 call_r_plant Inserted new plant: 63557
INFO 2025-03-11 14:32:36,527 call_r_plant Inserted new plant: 64627
INFO 2025-03-11 14:32:36,873 call_r_plant Inserted new plant: 59752
INFO 2025-03-11 14:32:37,215 call_r_plant Inserted new plant: 1603
INFO 2025-03-11 14:32:37,549 call_r_plant Inserted new plant: 59014
INFO 2025-03-11 14:32:37,915 call_r_plant Inserted new plant: 10556
INFO 2025-03-11 14:32:38,266 call_r_plant Inserted new plant: 61186
INFO 2025-03-11 14:32:38,601 call_r_plant Inserted new plant: 57992
INFO 2025-03-11 14:32:38,938 call_r_plant Inserted new plant: 59750
INFO 2025-03-11 14:32:39,290 call_r_plant Inserted new plant: 63556
INFO 2025-03-11 14:32:39,621 call_r_plant Inserted new plant: 63659
INFO 2025-03-11 14:32:40,000 call_r_plant Inserted new plant: 65566
INFO 2025-03-11 14:32:40,355 call_r_plant Inserted new plant: 61538
INFO 2025-03-11 14:32:40,689 call_r_plant Inserted new plant: 58680
INFO 2025-03-11 14:32:41,023 call_r_plant Inserted new plant: 64432
INFO 2025-03-11 14:32:41,368 call_r_plant Inserted new plant: 59075
INFO 2025-03-11 14:32:41,713 call_r_plant Inserted new plant: 62757
INFO 2025-03-11 14:32:42,049 call_r_plant Inserted new plant: 60730
INFO 2025-03-11 14:32:42,392 call_r_plant Inserted new plant: 66317
INFO 2025-03-11 14:32:42,737 call_r_plant Inserted new plant: 59241
INFO 2025-03-11 14:32:43,072 call_r_plant Inserted new plant: 65650
INFO 2025-03-11 14:32:43,411 call_r_plant Inserted new plant: 61008
INFO 2025-03-11 14:32:43,748 call_r_plant Inserted new plant: 60613
INFO 2025-03-11 14:32:44,094 call_r_plant Inserted new plant: 63232
INFO 2025-03-11 14:32:44,494 call_r_plant Inserted new plant: 64727
INFO 2025-03-11 14:32:44,831 call_r_plant Inserted new plant: 59361
INFO 2025-03-11 14:32:45,172 call_r_plant Inserted new plant: 61010
INFO 2025-03-11 14:32:45,523 call_r_plant Inserted new plant: 61602
INFO 2025-03-11 14:32:45,858 call_r_plant Inserted new plant: 62695
INFO 2025-03-11 14:32:46,198 call_r_plant Inserted new plant: 60274
INFO 2025-03-11 14:32:46,531 call_r_plant Inserted new plant: 63763
INFO 2025-03-11 14:32:46,880 call_r_plant Inserted new plant: 58387
INFO 2025-03-11 14:32:47,220 call_r_plant Inserted new plant: 67296
INFO 2025-03-11 14:32:47,552 call_r_plant Inserted new plant: 1629
INFO 2025-03-11 14:32:47,882 call_r_plant Inserted new plant: 9864
INFO 2025-03-11 14:32:48,218 call_r_plant Inserted new plant: 58958
INFO 2025-03-11 14:32:48,556 call_r_plant Inserted new plant: 1599
INFO 2025-03-11 14:32:48,889 call_r_plant Inserted new plant: 64107
INFO 2025-03-11 14:32:49,229 call_r_plant Inserted new plant: 58661
INFO 2025-03-11 14:32:49,587 call_r_plant Inserted new plant: 64115
INFO 2025-03-11 14:32:49,932 call_r_plant Inserted new plant: 62763
INFO 2025-03-11 14:32:50,265 call_r_plant Inserted new plant: 60442
INFO 2025-03-11 14:32:50,617 call_r_plant Inserted new plant: 60757
INFO 2025-03-11 14:32:50,965 call_r_plant Inserted new plant: 61371
INFO 2025-03-11 14:32:51,299 call_r_plant Inserted new plant: 65768
INFO 2025-03-11 14:32:51,640 call_r_plant Inserted new plant: 65242
INFO 2025-03-11 14:32:51,976 call_r_plant Inserted new plant: 58065
INFO 2025-03-11 14:32:52,319 call_r_plant Inserted new plant: 59636
INFO 2025-03-11 14:32:52,702 call_r_plant Inserted new plant: 59077
INFO 2025-03-11 14:32:53,033 call_r_plant Inserted new plant: 1604
INFO 2025-03-11 14:32:53,379 call_r_plant Inserted new plant: 9038
INFO 2025-03-11 14:32:53,713 call_r_plant Inserted new plant: 63561
INFO 2025-03-11 14:32:54,074 call_r_plant Inserted new plant: 59767
INFO 2025-03-11 14:32:54,419 call_r_plant Inserted new plant: 64120
INFO 2025-03-11 14:32:54,768 call_r_plant Inserted new plant: 59626
INFO 2025-03-11 14:32:55,102 call_r_plant Inserted new plant: 50832
INFO 2025-03-11 14:32:55,438 call_r_plant Inserted new plant: 59625
INFO 2025-03-11 14:32:55,788 call_r_plant Inserted new plant: 59030
INFO 2025-03-11 14:32:56,130 call_r_plant Inserted new plant: 60959
INFO 2025-03-11 14:32:56,491 call_r_plant Inserted new plant: 61596
INFO 2025-03-11 14:32:56,837 call_r_plant Inserted new plant: 64664
INFO 2025-03-11 14:32:57,177 call_r_plant Inserted new plant: 10408
INFO 2025-03-11 14:32:57,513 call_r_plant Inserted new plant: 1682
INFO 2025-03-11 14:32:57,870 call_r_plant Inserted new plant: 1630
INFO 2025-03-11 14:32:58,233 call_r_plant Inserted new plant: 63573
INFO 2025-03-11 14:32:58,582 call_r_plant Inserted new plant: 52166
INFO 2025-03-11 14:32:58,925 call_r_plant Inserted new plant: 59768
INFO 2025-03-11 14:32:59,298 call_r_plant Inserted new plant: 66151
INFO 2025-03-11 14:32:59,637 call_r_plant Inserted new plant: 10825
INFO 2025-03-11 14:32:59,980 call_r_plant Inserted new plant: 58568
INFO 2025-03-11 14:33:00,323 call_r_plant Inserted new plant: 50661
INFO 2025-03-11 14:33:00,661 call_r_plant Inserted new plant: 65174
INFO 2025-03-11 14:33:00,999 call_r_plant Inserted new plant: 63697
INFO 2025-03-11 14:33:01,391 call_r_plant Inserted new plant: 63011
INFO 2025-03-11 14:33:01,723 call_r_plant Inserted new plant: 60851
INFO 2025-03-11 14:33:02,063 call_r_plant Inserted new plant: 63472
INFO 2025-03-11 14:33:02,398 call_r_plant Inserted new plant: 60754
INFO 2025-03-11 14:33:02,737 call_r_plant Inserted new plant: 61555
INFO 2025-03-11 14:33:03,082 call_r_plant Inserted new plant: 61634
INFO 2025-03-11 14:33:03,435 call_r_plant Inserted new plant: 61590
INFO 2025-03-11 14:33:03,787 call_r_plant Inserted new plant: 61550
INFO 2025-03-11 14:33:04,126 call_r_plant Inserted new plant: 61635
INFO 2025-03-11 14:33:04,482 call_r_plant Inserted new plant: 61633
INFO 2025-03-11 14:33:04,827 call_r_plant Inserted new plant: 61636
INFO 2025-03-11 14:33:05,163 call_r_plant Inserted new plant: 58682
INFO 2025-03-11 14:33:05,498 call_r_plant Inserted new plant: 65636
INFO 2025-03-11 14:33:05,840 call_r_plant Inserted new plant: 57838
INFO 2025-03-11 14:33:06,186 call_r_plant Inserted new plant: 59131
INFO 2025-03-11 14:33:06,524 call_r_plant Inserted new plant: 52026
INFO 2025-03-11 14:33:06,886 call_r_plant Inserted new plant: 57473
INFO 2025-03-11 14:33:07,227 call_r_plant Inserted new plant: 10823
INFO 2025-03-11 14:33:07,607 call_r_plant Inserted new plant: 6047
INFO 2025-03-11 14:33:07,946 call_r_plant Inserted new plant: 6083
INFO 2025-03-11 14:33:08,281 call_r_plant Inserted new plant: 6119
INFO 2025-03-11 14:33:08,621 call_r_plant Inserted new plant: 1620
INFO 2025-03-11 14:33:08,952 call_r_plant Inserted new plant: 60775
INFO 2025-03-11 14:33:09,284 call_r_plant Inserted new plant: 59082
INFO 2025-03-11 14:33:09,621 call_r_plant Inserted new plant: 60852
INFO 2025-03-11 14:33:09,952 call_r_plant Inserted new plant: 58992
INFO 2025-03-11 14:33:10,284 call_r_plant Inserted new plant: 59358
INFO 2025-03-11 14:33:10,618 call_r_plant Inserted new plant: 55026
INFO 2025-03-11 14:33:10,955 call_r_plant Inserted new plant: 57265
INFO 2025-03-11 14:33:11,298 call_r_plant Inserted new plant: 57934
INFO 2025-03-11 14:33:11,636 call_r_plant Inserted new plant: 64587
INFO 2025-03-11 14:33:11,972 call_r_plant Inserted new plant: 64437
INFO 2025-03-11 14:33:12,310 call_r_plant Inserted new plant: 64572
INFO 2025-03-11 14:33:12,645 call_r_plant Inserted new plant: 63570
INFO 2025-03-11 14:33:12,983 call_r_plant Inserted new plant: 63569
INFO 2025-03-11 14:33:13,316 call_r_plant Inserted new plant: 63571
INFO 2025-03-11 14:33:13,649 call_r_plant Inserted new plant: 62201
INFO 2025-03-11 14:33:13,989 call_r_plant Inserted new plant: 64696
INFO 2025-03-11 14:33:14,347 call_r_plant Inserted new plant: 6378
INFO 2025-03-11 14:33:14,694 call_r_plant Inserted new plant: 62324
INFO 2025-03-11 14:33:15,038 call_r_plant Inserted new plant: 59032
INFO 2025-03-11 14:33:15,378 call_r_plant Inserted new plant: 59140
INFO 2025-03-11 14:33:15,713 call_r_plant Inserted new plant: 65175
INFO 2025-03-11 14:33:16,070 call_r_plant Inserted new plant: 61755
INFO 2025-03-11 14:33:16,432 call_r_plant Inserted new plant: 62197
INFO 2025-03-11 14:33:16,783 call_r_plant Inserted new plant: 64129
INFO 2025-03-11 14:33:17,122 call_r_plant Inserted new plant: 63887
INFO 2025-03-11 14:33:17,482 call_r_plant Inserted new plant: 62059
INFO 2025-03-11 14:33:17,842 call_r_plant Inserted new plant: 62093
INFO 2025-03-11 14:33:18,184 call_r_plant Inserted new plant: 63953
INFO 2025-03-11 14:33:18,519 call_r_plant Inserted new plant: 58272
INFO 2025-03-11 14:33:18,852 call_r_plant Inserted new plant: 59134
INFO 2025-03-11 14:33:19,193 call_r_plant Inserted new plant: 66076
INFO 2025-03-11 14:33:19,527 call_r_plant Inserted new plant: 64419
INFO 2025-03-11 14:33:19,867 call_r_plant Inserted new plant: 66427
INFO 2025-03-11 14:33:20,208 call_r_plant Inserted new plant: 65209
INFO 2025-03-11 14:33:20,547 call_r_plant Inserted new plant: 60865
INFO 2025-03-11 14:33:20,893 call_r_plant Inserted new plant: 63950
INFO 2025-03-11 14:33:21,231 call_r_plant Inserted new plant: 54228
INFO 2025-03-11 14:33:21,574 call_r_plant Inserted new plant: 59882
INFO 2025-03-11 14:33:21,943 call_r_plant Inserted new plant: 60423
INFO 2025-03-11 14:33:22,284 call_r_plant Inserted new plant: 65279
INFO 2025-03-11 14:33:22,622 call_r_plant Inserted new plant: 64705
INFO 2025-03-11 14:33:22,964 call_r_plant Inserted new plant: 59725
INFO 2025-03-11 14:33:23,312 call_r_plant Inserted new plant: 58974
INFO 2025-03-11 14:33:23,645 call_r_plant Inserted new plant: 60738
INFO 2025-03-11 14:33:23,985 call_r_plant Inserted new plant: 67149
INFO 2025-03-11 14:33:24,380 call_r_plant Inserted new plant: 61562
INFO 2025-03-11 14:33:24,757 call_r_plant Inserted new plant: 61294
INFO 2025-03-11 14:33:25,090 call_r_plant Inserted new plant: 65669
INFO 2025-03-11 14:33:25,427 call_r_plant Inserted new plant: 60065
INFO 2025-03-11 14:33:25,760 call_r_plant Inserted new plant: 8004
INFO 2025-03-11 14:33:26,101 call_r_plant Inserted new plant: 60075
INFO 2025-03-11 14:33:26,468 call_r_plant Inserted new plant: 56527
INFO 2025-03-11 14:33:26,839 call_r_plant Inserted new plant: 64045
INFO 2025-03-11 14:33:27,180 call_r_plant Inserted new plant: 55317
INFO 2025-03-11 14:33:27,515 call_r_plant Inserted new plant: 59717
INFO 2025-03-11 14:33:27,850 call_r_plant Inserted new plant: 1586
INFO 2025-03-11 14:33:28,190 call_r_plant Inserted new plant: 59178
INFO 2025-03-11 14:33:28,528 call_r_plant Inserted new plant: 59179
INFO 2025-03-11 14:33:28,865 call_r_plant Inserted new plant: 67367
INFO 2025-03-11 14:33:29,201 call_r_plant Inserted new plant: 58283
INFO 2025-03-11 14:33:29,538 call_r_plant Inserted new plant: 66585
INFO 2025-03-11 14:33:29,872 call_r_plant Inserted new plant: 7396
INFO 2025-03-11 14:33:30,218 call_r_plant Inserted new plant: 59622
INFO 2025-03-11 14:33:30,555 call_r_plant Inserted new plant: 61539
INFO 2025-03-11 14:33:30,888 call_r_plant Inserted new plant: 62890
INFO 2025-03-11 14:33:31,220 call_r_plant Inserted new plant: 62824
INFO 2025-03-11 14:33:31,565 call_r_plant Inserted new plant: 67469
INFO 2025-03-11 14:33:31,901 call_r_plant Inserted new plant: 62826
INFO 2025-03-11 14:33:32,244 call_r_plant Inserted new plant: 62825
INFO 2025-03-11 14:33:32,581 call_r_plant Inserted new plant: 62870
INFO 2025-03-11 14:33:32,918 call_r_plant Inserted new plant: 58937
INFO 2025-03-11 14:33:33,257 call_r_plant Inserted new plant: 1634
INFO 2025-03-11 14:33:33,588 call_r_plant Inserted new plant: 10029
INFO 2025-03-11 14:33:33,928 call_r_plant Inserted new plant: 54225
INFO 2025-03-11 14:33:34,265 call_r_plant Inserted new plant: 61315
INFO 2025-03-11 14:33:34,608 call_r_plant Inserted new plant: 62992
INFO 2025-03-11 14:33:34,945 call_r_plant Inserted new plant: 61341
INFO 2025-03-11 14:33:35,285 call_r_plant Inserted new plant: 59394
INFO 2025-03-11 14:33:35,628 call_r_plant Inserted new plant: 59815
INFO 2025-03-11 14:33:35,968 call_r_plant Inserted new plant: 63338
INFO 2025-03-11 14:33:36,303 call_r_plant Inserted new plant: 61702
INFO 2025-03-11 14:33:36,662 call_r_plant Inserted new plant: 58097
INFO 2025-03-11 14:33:36,999 call_r_plant Inserted new plant: 62063
INFO 2025-03-11 14:33:37,337 call_r_plant Inserted new plant: 65719
INFO 2025-03-11 14:33:37,682 call_r_plant Inserted new plant: 62198
INFO 2025-03-11 14:33:38,027 call_r_plant Inserted new plant: 57989
INFO 2025-03-11 14:33:38,367 call_r_plant Inserted new plant: 62196
INFO 2025-03-11 14:33:38,705 call_r_plant Inserted new plant: 64231
INFO 2025-03-11 14:33:39,043 call_r_plant Inserted new plant: 64232
INFO 2025-03-11 14:33:39,386 call_r_plant Inserted new plant: 1605
INFO 2025-03-11 14:33:39,723 call_r_plant Inserted new plant: 59484
INFO 2025-03-11 14:33:40,063 call_r_plant Inserted new plant: 65083
INFO 2025-03-11 14:33:40,396 call_r_plant Inserted new plant: 60494
INFO 2025-03-11 14:33:40,730 call_r_plant Inserted new plant: 62073
INFO 2025-03-11 14:33:41,078 call_r_plant Inserted new plant: 60815
INFO 2025-03-11 14:33:41,412 call_r_plant Inserted new plant: 62652
INFO 2025-03-11 14:33:41,746 call_r_plant Inserted new plant: 66077
INFO 2025-03-11 14:33:42,077 call_r_plant Inserted new plant: 60458
INFO 2025-03-11 14:33:42,413 call_r_plant Inserted new plant: 59078
INFO 2025-03-11 14:33:42,745 call_r_plant Inserted new plant: 61299
INFO 2025-03-11 14:33:43,087 call_r_plant Inserted new plant: 62091
INFO 2025-03-11 14:33:43,425 call_r_plant Inserted new plant: 57269
INFO 2025-03-11 14:33:43,774 call_r_plant Inserted new plant: 60099
INFO 2025-03-11 14:33:44,112 call_r_plant Inserted new plant: 1670
INFO 2025-03-11 14:33:44,472 call_r_plant Inserted new plant: 62064
INFO 2025-03-11 14:33:44,818 call_r_plant Inserted new plant: 62897
INFO 2025-03-11 14:33:45,164 call_r_plant Inserted new plant: 65184
INFO 2025-03-11 14:33:45,512 call_r_plant Inserted new plant: 60731
INFO 2025-03-11 14:33:45,844 call_r_plant Inserted new plant: 57931
INFO 2025-03-11 14:33:46,178 call_r_plant Inserted new plant: 62760
INFO 2025-03-11 14:33:46,522 call_r_plant Inserted new plant: 64110
INFO 2025-03-11 14:33:46,874 call_r_plant Inserted new plant: 56800
INFO 2025-03-11 14:33:47,217 call_r_plant Inserted new plant: 59820
INFO 2025-03-11 14:33:47,559 call_r_plant Inserted new plant: 59927
INFO 2025-03-11 14:33:47,892 call_r_plant Inserted new plant: 63468
INFO 2025-03-11 14:33:48,225 call_r_plant Inserted new plant: 66180
INFO 2025-03-11 14:33:48,565 call_r_plant Inserted new plant: 63562
INFO 2025-03-11 14:33:48,922 call_r_plant Inserted new plant: 64382
INFO 2025-03-11 14:33:49,264 call_r_plant Inserted new plant: 63563
INFO 2025-03-11 14:33:49,605 call_r_plant Inserted new plant: 59362
INFO 2025-03-11 14:33:49,946 call_r_plant Inserted new plant: 6379
INFO 2025-03-11 14:33:50,289 call_r_plant Inserted new plant: 57674
INFO 2025-03-11 14:33:50,630 call_r_plant Inserted new plant: 10417
INFO 2025-03-11 14:33:50,975 call_r_plant Inserted new plant: 65294
INFO 2025-03-11 14:33:51,381 call_r_plant Inserted new plant: 58934
INFO 2025-03-11 14:33:51,730 call_r_plant Inserted new plant: 50166
INFO 2025-03-11 14:33:52,079 call_r_plant Inserted new plant: 57855
INFO 2025-03-11 14:33:52,419 call_r_plant Inserted new plant: 60799
INFO 2025-03-11 14:33:52,770 call_r_plant Inserted new plant: 60855
INFO 2025-03-11 14:33:53,101 call_r_plant Inserted new plant: 63564
INFO 2025-03-11 14:33:53,445 call_r_plant Inserted new plant: 62570
INFO 2025-03-11 14:33:53,786 call_r_plant Inserted new plant: 64573
INFO 2025-03-11 14:33:54,174 call_r_plant Inserted new plant: 59468
INFO 2025-03-11 14:33:54,532 call_r_plant Inserted new plant: 59079
INFO 2025-03-11 14:33:54,874 call_r_plant Inserted new plant: 65950
INFO 2025-03-11 14:33:55,217 call_r_plant Inserted new plant: 65690
INFO 2025-03-11 14:33:55,557 call_r_plant Inserted new plant: 63398
INFO 2025-03-11 14:33:55,911 call_r_plant Inserted new plant: 61373
INFO 2025-03-11 14:33:56,270 call_r_plant Inserted new plant: 61814
INFO 2025-03-11 14:33:56,613 call_r_plant Inserted new plant: 62550
INFO 2025-03-11 14:33:56,967 call_r_plant Inserted new plant: 62911
INFO 2025-03-11 14:33:57,318 call_r_plant Inserted new plant: 61815
INFO 2025-03-11 14:33:57,663 call_r_plant Inserted new plant: 64618
INFO 2025-03-11 14:33:58,004 call_r_plant Inserted new plant: 65688
INFO 2025-03-11 14:33:58,336 call_r_plant Inserted new plant: 62557
INFO 2025-03-11 14:33:58,673 call_r_plant Inserted new plant: 64620
INFO 2025-03-11 14:33:59,070 call_r_plant Inserted new plant: 60867
INFO 2025-03-11 14:33:59,411 call_r_plant Inserted new plant: 64619
INFO 2025-03-11 14:33:59,739 call_r_plant Inserted new plant: 62552
INFO 2025-03-11 14:34:00,119 call_r_plant Inserted new plant: 64617
INFO 2025-03-11 14:34:00,520 call_r_plant Inserted new plant: 62559
INFO 2025-03-11 14:34:00,910 call_r_plant Inserted new plant: 1595
INFO 2025-03-11 14:34:01,312 call_r_plant Inserted new plant: 64137
INFO 2025-03-11 14:34:01,769 call_r_plant Inserted new plant: 63672
INFO 2025-03-11 14:34:02,184 call_r_plant Inserted new plant: 63041
INFO 2025-03-11 14:34:02,577 call_r_plant Inserted new plant: 50545
INFO 2025-03-11 14:34:02,944 call_r_plant Inserted new plant: 63572
INFO 2025-03-11 14:34:03,387 call_r_plant Inserted new plant: 62265
INFO 2025-03-11 14:34:03,756 call_r_plant Inserted new plant: 58282
INFO 2025-03-11 14:34:04,244 call_r_plant Inserted new plant: 60073
INFO 2025-03-11 14:34:04,664 call_r_plant Inserted new plant: 59745
INFO 2025-03-11 14:34:05,046 call_r_plant Inserted new plant: 59085
INFO 2025-03-11 14:34:05,452 call_r_plant Inserted new plant: 67210
INFO 2025-03-11 14:34:05,882 call_r_plant Inserted new plant: 65716
INFO 2025-03-11 14:34:06,220 call_r_plant Inserted new plant: 59873
INFO 2025-03-11 14:34:06,660 call_r_plant Inserted new plant: 59135
INFO 2025-03-11 14:34:07,000 call_r_plant Inserted new plant: 62097
INFO 2025-03-11 14:34:07,440 call_r_plant Inserted new plant: 66474
INFO 2025-03-11 14:34:07,859 call_r_plant Inserted new plant: 65362
INFO 2025-03-11 14:34:08,224 call_r_plant Inserted new plant: 57253
INFO 2025-03-11 14:34:08,565 call_r_plant Inserted new plant: 61730
INFO 2025-03-11 14:34:08,904 call_r_plant Inserted new plant: 10726
INFO 2025-03-11 14:34:09,241 call_r_plant Inserted new plant: 10176
INFO 2025-03-11 14:34:09,585 call_r_plant Inserted new plant: 61350
INFO 2025-03-11 14:34:09,938 call_r_plant Inserted new plant: 55093
INFO 2025-03-11 14:34:10,285 call_r_plant Inserted new plant: 66417
INFO 2025-03-11 14:34:10,616 call_r_plant Inserted new plant: 64731
INFO 2025-03-11 14:34:10,959 call_r_plant Inserted new plant: 58410
INFO 2025-03-11 14:34:11,318 call_r_plant Inserted new plant: 59980
INFO 2025-03-11 14:34:11,668 call_r_plant Inserted new plant: 54907
INFO 2025-03-11 14:34:12,004 call_r_plant Inserted new plant: 58279
INFO 2025-03-11 14:34:12,356 call_r_plant Inserted new plant: 58276
INFO 2025-03-11 14:34:12,694 call_r_plant Inserted new plant: 58275
INFO 2025-03-11 14:34:13,029 call_r_plant Inserted new plant: 58412
INFO 2025-03-11 14:34:13,361 call_r_plant Inserted new plant: 63470
INFO 2025-03-11 14:34:13,714 call_r_plant Inserted new plant: 60756
INFO 2025-03-11 14:34:14,044 call_r_plant Inserted new plant: 10883
INFO 2025-03-11 14:34:14,407 call_r_plant Inserted new plant: 1592
INFO 2025-03-11 14:34:14,750 call_r_plant Inserted new plant: 64575
INFO 2025-03-11 14:34:15,097 call_r_plant Inserted new plant: 58561
INFO 2025-03-11 14:34:15,431 call_r_plant Inserted new plant: 59136
INFO 2025-03-11 14:34:15,800 call_r_plant Inserted new plant: 63214
INFO 2025-03-11 14:34:16,137 call_r_plant Inserted new plant: 54805
INFO 2025-03-11 14:34:16,473 call_r_plant Inserted new plant: 58280
INFO 2025-03-11 14:34:16,814 call_r_plant Inserted new plant: 55079
INFO 2025-03-11 14:34:17,157 call_r_plant Inserted new plant: 62644
INFO 2025-03-11 14:34:17,501 call_r_plant Inserted new plant: 59464
INFO 2025-03-11 14:34:17,872 call_r_plant Inserted new plant: 62203
INFO 2025-03-11 14:34:18,217 call_r_plant Inserted new plant: 64042
INFO 2025-03-11 14:34:18,554 call_r_plant Inserted new plant: 62092
INFO 2025-03-11 14:34:18,889 call_r_plant Inserted new plant: 67577
INFO 2025-03-11 14:34:19,228 call_r_plant Inserted new plant: 60612
INFO 2025-03-11 14:34:19,564 call_r_plant Inserted new plant: 58025
INFO 2025-03-11 14:34:19,913 call_r_plant Inserted new plant: 60906
INFO 2025-03-11 14:34:20,248 call_r_plant Inserted new plant: 1588
INFO 2025-03-11 14:34:20,584 call_r_plant Inserted new plant: 54620
INFO 2025-03-11 14:34:20,923 call_r_plant Inserted new plant: 57270
INFO 2025-03-11 14:34:21,260 call_r_plant Inserted new plant: 58210
INFO 2025-03-11 14:34:21,594 call_r_plant Inserted new plant: 1615
INFO 2025-03-11 14:34:21,929 call_r_plant Inserted new plant: 63290
INFO 2025-03-11 14:34:22,291 call_r_plant Inserted new plant: 67266
INFO 2025-03-11 14:34:22,624 call_r_plant Inserted new plant: 59780
INFO 2025-03-11 14:34:22,962 call_r_plant Inserted new plant: 57380
INFO 2025-03-11 14:34:23,314 call_r_plant Inserted new plant: 57103
INFO 2025-03-11 14:34:23,648 call_r_plant Inserted new plant: 64162
INFO 2025-03-11 14:34:23,990 call_r_plant Inserted new plant: 60879
INFO 2025-03-11 14:34:24,352 call_r_plant Inserted new plant: 62842
INFO 2025-03-11 14:34:24,692 call_r_plant Inserted new plant: 65559
INFO 2025-03-11 14:34:25,046 call_r_plant Inserted new plant: 60074
INFO 2025-03-11 14:34:25,392 call_r_plant Inserted new plant: 58650
INFO 2025-03-11 14:34:25,724 call_r_plant Inserted new plant: 60908
INFO 2025-03-11 14:34:26,075 call_r_plant Inserted new plant: 58385
INFO 2025-03-11 14:34:26,414 call_r_plant Inserted new plant: 547
INFO 2025-03-11 14:34:26,755 call_r_plant Inserted new plant: 64532
INFO 2025-03-11 14:34:27,104 call_r_plant Inserted new plant: 65183
INFO 2025-03-11 14:34:27,450 call_r_plant Inserted new plant: 61597
INFO 2025-03-11 14:34:27,844 call_r_plant Inserted new plant: 66018
INFO 2025-03-11 14:34:28,200 call_r_plant Inserted new plant: 57414
INFO 2025-03-11 14:34:28,539 call_r_plant Inserted new plant: 59080
INFO 2025-03-11 14:34:28,878 call_r_plant Inserted new plant: 67369
INFO 2025-03-11 14:34:29,217 call_r_plant Inserted new plant: 1597
INFO 2025-03-11 14:34:29,553 call_r_plant Inserted new plant: 63690
INFO 2025-03-11 14:34:29,892 call_r_plant Inserted new plant: 10824
INFO 2025-03-11 14:34:30,236 call_r_plant Inserted new plant: 64759
INFO 2025-03-11 14:34:30,595 call_r_plant Inserted new plant: 61243
INFO 2025-03-11 14:34:30,941 call_r_plant Inserted new plant: 63637
INFO 2025-03-11 14:34:31,291 call_r_plant Inserted new plant: 61163
INFO 2025-03-11 14:34:31,629 call_r_plant Inserted new plant: 61164
INFO 2025-03-11 14:34:31,971 call_r_plant Inserted new plant: 61727
INFO 2025-03-11 14:34:32,315 call_r_plant Inserted new plant: 61726
INFO 2025-03-11 14:34:32,656 call_r_plant Inserted new plant: 58411
INFO 2025-03-11 14:34:33,005 call_r_plant Inserted new plant: 62604
INFO 2025-03-11 14:34:33,348 call_r_plant Inserted new plant: 60022
INFO 2025-03-11 14:34:33,680 call_r_plant Inserted new plant: 67150
INFO 2025-03-11 14:34:34,023 call_r_plant Inserted new plant: 58032
INFO 2025-03-11 14:34:34,423 call_r_plant Inserted new plant: 62135
INFO 2025-03-11 14:34:34,773 call_r_plant Inserted new plant: 60076
INFO 2025-03-11 14:34:35,116 call_r_plant Inserted new plant: 59866
INFO 2025-03-11 14:34:35,448 call_r_plant Inserted new plant: 63589
INFO 2025-03-11 14:34:35,842 call_r_plant Inserted new plant: 63588
INFO 2025-03-11 14:34:36,175 call_r_plant Inserted new plant: 63264
INFO 2025-03-11 14:34:36,515 call_r_plant Inserted new plant: 63804
INFO 2025-03-11 14:34:36,853 call_r_plant Inserted new plant: 10694
INFO 2025-03-11 14:34:37,191 call_r_plant Inserted new plant: 61307
INFO 2025-03-11 14:34:37,532 call_r_plant Inserted new plant: 62264
INFO 2025-03-11 14:34:37,878 call_r_plant Inserted new plant: 50002
INFO 2025-03-11 14:34:38,210 call_r_plant Inserted new plant: 62579
INFO 2025-03-11 14:34:38,543 call_r_plant Inserted new plant: 61298
INFO 2025-03-11 14:34:38,883 call_r_plant Inserted new plant: 59137
INFO 2025-03-11 14:34:39,234 call_r_plant Inserted new plant: 62266
INFO 2025-03-11 14:34:39,574 call_r_plant Inserted new plant: 1660
INFO 2025-03-11 14:34:39,922 call_r_plant Inserted new plant: 7501
INFO 2025-03-11 14:34:40,263 call_r_plant Inserted new plant: 67477
INFO 2025-03-11 14:34:40,601 call_r_plant Inserted new plant: 1637
INFO 2025-03-11 14:34:40,934 call_r_plant Inserted new plant: 58362
INFO 2025-03-11 14:34:41,303 call_r_plant Inserted new plant: 59777
INFO 2025-03-11 14:34:41,641 call_r_plant Inserted new plant: 64526
INFO 2025-03-11 14:34:41,980 call_r_plant Inserted new plant: 60492
INFO 2025-03-11 14:34:42,324 call_r_plant Inserted new plant: 63475
INFO 2025-03-11 14:34:42,658 call_r_plant Inserted new plant: 61732
INFO 2025-03-11 14:34:43,005 call_r_plant Inserted new plant: 64109
INFO 2025-03-11 14:34:43,341 call_r_plant Inserted new plant: 1638
INFO 2025-03-11 14:34:43,674 call_r_plant Inserted new plant: 61007
INFO 2025-03-11 14:34:44,025 call_r_plant Inserted new plant: 59029
INFO 2025-03-11 14:34:44,409 call_r_plant Inserted new plant: 60625
INFO 2025-03-11 14:34:44,754 call_r_plant Inserted new plant: 60493
INFO 2025-03-11 14:34:45,110 call_r_plant Inserted new plant: 1607
INFO 2025-03-11 14:34:45,447 call_r_plant Inserted new plant: 59090
INFO 2025-03-11 14:34:45,782 call_r_plant Inserted new plant: 64434
INFO 2025-03-11 14:34:46,125 call_r_plant Inserted new plant: 50955
INFO 2025-03-11 14:34:46,467 call_r_plant Inserted new plant: 59031
INFO 2025-03-11 14:34:46,809 call_r_plant Inserted new plant: 63044
INFO 2025-03-11 14:34:47,147 call_r_plant Inserted new plant: 64060
INFO 2025-03-11 14:34:47,504 call_r_plant Inserted new plant: 50290
INFO 2025-03-11 14:34:47,838 call_r_plant Inserted new plant: 60391
INFO 2025-03-11 14:34:48,172 call_r_plant Inserted new plant: 60903
INFO 2025-03-11 14:34:48,522 call_r_plant Inserted new plant: 61308
INFO 2025-03-11 14:34:48,862 call_r_plant Inserted new plant: 67578
INFO 2025-03-11 14:34:49,204 call_r_plant Inserted new plant: 62065
INFO 2025-03-11 14:34:49,564 call_r_plant Inserted new plant: 59013
INFO 2025-03-11 14:34:49,931 call_r_plant Inserted new plant: 59724
INFO 2025-03-11 14:34:50,273 call_r_plant Inserted new plant: 67370
INFO 2025-03-11 14:34:50,605 call_r_plant Inserted new plant: 67371
INFO 2025-03-11 14:34:50,942 call_r_plant Inserted new plant: 67372
INFO 2025-03-11 14:34:51,275 call_r_plant Inserted new plant: 65717
INFO 2025-03-11 14:34:51,633 call_r_plant Inserted new plant: 59396
INFO 2025-03-11 14:34:51,971 call_r_plant Inserted new plant: 6012
INFO 2025-03-11 14:34:52,304 call_r_plant Inserted new plant: 60753
INFO 2025-03-11 14:34:52,634 call_r_plant Inserted new plant: 60498
INFO 2025-03-11 14:34:52,973 call_r_plant Inserted new plant: 6125
INFO 2025-03-11 14:34:53,309 call_r_plant Inserted new plant: 57990
INFO 2025-03-11 14:34:53,642 call_r_plant Inserted new plant: 61244
INFO 2025-03-11 14:34:53,994 call_r_plant Inserted new plant: 64378
INFO 2025-03-11 14:34:54,345 call_r_plant Inserted new plant: 57676
INFO 2025-03-11 14:34:54,684 call_r_plant Inserted new plant: 61367
INFO 2025-03-11 14:34:55,020 call_r_plant Inserted new plant: 58166
INFO 2025-03-11 14:34:55,366 call_r_plant Inserted new plant: 61731
INFO 2025-03-11 14:34:55,702 call_r_plant Inserted new plant: 62066
INFO 2025-03-11 14:34:56,039 call_r_plant Inserted new plant: 59011
INFO 2025-03-11 14:34:56,375 call_r_plant Inserted new plant: 58423
INFO 2025-03-11 14:34:57,003 call_r_plant Inserted new plant: 60278
INFO 2025-03-11 14:34:57,339 call_r_plant Inserted new plant: 60615
INFO 2025-03-11 14:34:57,680 call_r_plant Inserted new plant: 62082
INFO 2025-03-11 14:34:58,012 call_r_plant Inserted new plant: 67151
INFO 2025-03-11 14:34:58,353 call_r_plant Inserted new plant: 59839
INFO 2025-03-11 14:34:58,692 call_r_plant Inserted new plant: 61009
INFO 2025-03-11 14:34:59,087 call_r_plant Inserted new plant: 62072
INFO 2025-03-11 14:34:59,424 call_r_plant Inserted new plant: 63555
INFO 2025-03-11 14:34:59,764 call_r_plant Inserted new plant: 61017
INFO 2025-03-11 14:35:00,103 call_r_plant Inserted new plant: 61016
INFO 2025-03-11 14:35:00,441 call_r_plant Inserted new plant: 61018
INFO 2025-03-11 14:35:00,791 call_r_plant Inserted new plant: 59363
INFO 2025-03-11 14:35:01,150 call_r_plant Inserted new plant: 62257
INFO 2025-03-11 14:35:01,484 call_r_plant Inserted new plant: 59765
INFO 2025-03-11 14:35:01,817 call_r_plant Inserted new plant: 60710
INFO 2025-03-11 14:35:02,157 call_r_plant Inserted new plant: 6081
INFO 2025-03-11 14:35:02,498 call_r_plant Inserted new plant: 59015
INFO 2025-03-11 14:35:02,831 call_r_plant Inserted new plant: 67505
INFO 2025-03-11 14:35:03,167 call_r_plant Inserted new plant: 58839
INFO 2025-03-11 14:35:03,506 call_r_plant Inserted new plant: 59465
INFO 2025-03-11 14:35:03,841 call_r_plant Inserted new plant: 62090
INFO 2025-03-11 14:35:04,205 call_r_plant Inserted new plant: 63942
INFO 2025-03-11 14:35:04,542 call_r_plant Inserted new plant: 63336
INFO 2025-03-11 14:35:04,873 call_r_plant Inserted new plant: 60878
INFO 2025-03-11 14:35:05,207 call_r_plant Inserted new plant: 62975
INFO 2025-03-11 14:35:05,542 call_r_plant Inserted new plant: 61097
INFO 2025-03-11 14:35:05,880 call_r_plant Inserted new plant: 62973
INFO 2025-03-11 14:35:06,224 call_r_plant Inserted new plant: 61769
INFO 2025-03-11 14:35:06,564 call_r_plant Inserted new plant: 61770
INFO 2025-03-11 14:35:06,897 call_r_plant Inserted new plant: 61771
INFO 2025-03-11 14:35:07,264 call_r_plant Inserted new plant: 62972
INFO 2025-03-11 14:35:07,592 call_r_plant Inserted new plant: 62974
INFO 2025-03-11 14:35:07,932 call_r_plant Inserted new plant: 62976
INFO 2025-03-11 14:35:08,303 call_r_plant Inserted new plant: 62977
INFO 2025-03-11 14:35:08,643 call_r_plant Inserted new plant: 62978
INFO 2025-03-11 14:35:08,979 call_r_plant Inserted new plant: 60056
INFO 2025-03-11 14:35:09,312 call_r_plant Inserted new plant: 62969
INFO 2025-03-11 14:35:09,648 call_r_plant Inserted new plant: 62970
INFO 2025-03-11 14:35:09,987 call_r_plant Inserted new plant: 61774
INFO 2025-03-11 14:35:10,331 call_r_plant Inserted new plant: 62968
INFO 2025-03-11 14:35:10,662 call_r_plant Inserted new plant: 62971
INFO 2025-03-11 14:35:11,006 call_r_plant Inserted new plant: 65653
INFO 2025-03-11 14:35:11,352 call_r_plant Inserted new plant: 62583
INFO 2025-03-11 14:35:11,686 call_r_plant Inserted new plant: 54586
INFO 2025-03-11 14:35:12,028 call_r_plant Inserted new plant: 59731
INFO 2025-03-11 14:35:12,382 call_r_plant Inserted new plant: 61640
INFO 2025-03-11 14:35:12,730 call_r_plant Inserted new plant: 61296
INFO 2025-03-11 14:35:13,073 call_r_plant Inserted new plant: 58749
INFO 2025-03-11 14:35:13,417 call_r_plant Inserted new plant: 59573
INFO 2025-03-11 14:35:13,764 call_r_plant Inserted new plant: 62581
INFO 2025-03-11 14:35:14,101 call_r_plant Inserted new plant: 66182
INFO 2025-03-11 14:35:14,452 call_r_plant Inserted new plant: 58586
INFO 2025-03-11 14:35:14,783 call_r_plant Inserted new plant: 61591
INFO 2025-03-11 14:35:15,122 call_r_plant Inserted new plant: 60816
INFO 2025-03-11 14:35:15,465 call_r_plant Inserted new plant: 60110
INFO 2025-03-11 14:35:15,825 call_r_plant Inserted new plant: 57942
INFO 2025-03-11 14:35:16,164 call_r_plant Inserted new plant: 61775
INFO 2025-03-11 14:35:16,507 call_r_plant Inserted new plant: 57941
INFO 2025-03-11 14:35:16,852 call_r_plant Inserted new plant: 64435
INFO 2025-03-11 14:35:17,198 call_r_plant Inserted new plant: 65560
INFO 2025-03-11 14:35:17,539 call_r_plant Inserted new plant: 59390
INFO 2025-03-11 14:35:17,881 call_r_plant Inserted new plant: 6388
INFO 2025-03-11 14:35:18,226 call_r_plant Inserted new plant: 59624
INFO 2025-03-11 14:35:18,565 call_r_plant Inserted new plant: 61598
INFO 2025-03-11 14:35:18,915 call_r_plant Inserted new plant: 61603
INFO 2025-03-11 14:35:19,254 call_r_plant Inserted new plant: 64980
INFO 2025-03-11 14:35:19,592 call_r_plant Inserted new plant: 65154
INFO 2025-03-11 14:35:19,931 call_r_plant Inserted new plant: 65153
INFO 2025-03-11 14:35:20,270 call_r_plant Inserted new plant: 50087
INFO 2025-03-11 14:35:20,609 call_r_plant Inserted new plant: 59781
INFO 2025-03-11 14:35:20,950 call_r_plant Inserted new plant: 61297
INFO 2025-03-11 14:35:21,291 call_r_plant Inserted new plant: 65670
INFO 2025-03-11 14:35:21,631 call_r_plant Inserted new plant: 61245
INFO 2025-03-11 14:35:21,979 call_r_plant Inserted new plant: 63047
INFO 2025-03-11 14:35:22,318 call_r_plant Inserted new plant: 66318
INFO 2025-03-11 14:35:22,661 call_r_plant Inserted new plant: 60614
INFO 2025-03-11 14:35:23,006 call_r_plant Inserted new plant: 65586
INFO 2025-03-11 14:35:23,347 call_r_plant Inserted new plant: 58936
INFO 2025-03-11 14:35:23,682 call_r_plant Inserted new plant: 64128
INFO 2025-03-11 14:35:24,020 call_r_plant Inserted new plant: 60443
INFO 2025-03-11 14:35:24,409 call_r_plant Inserted new plant: 62055
INFO 2025-03-11 14:35:24,762 call_r_plant Inserted new plant: 62646
INFO 2025-03-11 14:35:25,096 call_r_plant Inserted new plant: 59060
INFO 2025-03-11 14:35:25,434 call_r_plant Inserted new plant: 1678
INFO 2025-03-11 14:35:25,780 call_r_plant Inserted new plant: 65722
INFO 2025-03-11 14:35:26,116 call_r_plant Inserted new plant: 54937
INFO 2025-03-11 14:35:26,469 call_r_plant Inserted new plant: 63473
INFO 2025-03-11 14:35:26,804 call_r_plant Inserted new plant: 61415
INFO 2025-03-11 14:35:27,148 call_r_plant Inserted new plant: 60424
INFO 2025-03-11 14:35:27,480 call_r_plant Inserted new plant: 61629
INFO 2025-03-11 14:35:27,823 call_r_plant Inserted new plant: 60644
INFO 2025-03-11 14:35:28,181 call_r_plant Inserted new plant: 60276
INFO 2025-03-11 14:35:28,520 call_r_plant Inserted new plant: 64726
INFO 2025-03-11 14:35:28,852 call_r_plant Inserted new plant: 63131
INFO 2025-03-11 14:35:29,207 call_r_plant Inserted new plant: 6049
INFO 2025-03-11 14:35:29,552 call_r_plant Inserted new plant: 62625
INFO 2025-03-11 14:35:29,886 call_r_plant Inserted new plant: 59368
INFO 2025-03-11 14:35:30,234 call_r_plant Inserted new plant: 58534
INFO 2025-03-11 14:35:30,574 call_r_plant Inserted new plant: 62226
INFO 2025-03-11 14:35:30,907 call_r_plant Inserted new plant: 61537
INFO 2025-03-11 14:35:31,248 call_r_plant Inserted new plant: 64589
INFO 2025-03-11 14:35:31,598 call_r_plant Inserted new plant: 64574
INFO 2025-03-11 14:35:31,937 call_r_plant Inserted new plant: 60473
INFO 2025-03-11 14:35:32,294 call_r_plant Inserted new plant: 60476
INFO 2025-03-11 14:35:32,635 call_r_plant Inserted new plant: 59033
INFO 2025-03-11 14:35:32,979 call_r_plant Inserted new plant: 65585
INFO 2025-03-11 14:35:33,314 call_r_plant Inserted new plant: 50878
INFO 2025-03-11 14:35:33,662 call_r_plant Inserted new plant: 50877
INFO 2025-03-11 14:35:34,016 call_r_plant Inserted new plant: 50880
INFO 2025-03-11 14:35:34,360 call_r_plant Inserted new plant: 64417
INFO 2025-03-11 14:35:34,704 call_r_plant Inserted new plant: 63048
INFO 2025-03-11 14:35:35,041 call_r_plant Inserted new plant: 6586
INFO 2025-03-11 14:35:35,394 call_r_plant Inserted new plant: 58160
INFO 2025-03-11 14:35:35,743 call_r_plant Inserted new plant: 62202
INFO 2025-03-11 14:35:36,086 call_r_plant Inserted new plant: 60111
INFO 2025-03-11 14:35:36,424 call_r_plant Inserted new plant: 63805
INFO 2025-03-11 14:35:36,769 call_r_plant Inserted new plant: 64436
INFO 2025-03-11 14:35:37,099 call_r_plant Inserted new plant: 60736
INFO 2025-03-11 14:35:37,438 call_r_plant Inserted new plant: 58174
INFO 2025-03-11 14:35:37,800 call_r_plant Inserted new plant: 62503
INFO 2025-03-11 14:35:38,171 call_r_plant Inserted new plant: 59466
INFO 2025-03-11 14:35:38,551 call_r_plant Inserted new plant: 65216
INFO 2025-03-11 14:35:38,910 call_r_plant Inserted new plant: 63565
INFO 2025-03-11 14:35:39,265 call_r_plant Inserted new plant: 65720
INFO 2025-03-11 14:35:39,611 call_r_plant Inserted new plant: 60621
INFO 2025-03-11 14:35:39,947 call_r_plant Inserted new plant: 64395
INFO 2025-03-11 14:35:40,278 call_r_plant Inserted new plant: 64187
INFO 2025-03-11 14:35:40,620 call_r_plant Inserted new plant: 64185
INFO 2025-03-11 14:35:40,973 call_r_plant Inserted new plant: 64147
INFO 2025-03-11 14:35:41,322 call_r_plant Inserted new plant: 64184
INFO 2025-03-11 14:35:41,659 call_r_plant Inserted new plant: 64343
INFO 2025-03-11 14:35:42,002 call_r_plant Inserted new plant: 64502
INFO 2025-03-11 14:35:42,341 call_r_plant Inserted new plant: 10678
INFO 2025-03-11 14:35:42,677 call_r_plant Inserted new plant: 59949
INFO 2025-03-11 14:35:43,025 call_r_plant Inserted new plant: 61282
INFO 2025-03-11 14:35:43,368 call_r_plant Inserted new plant: 62629
INFO 2025-03-11 14:35:43,707 call_r_plant Inserted new plant: 62628
INFO 2025-03-11 14:35:44,052 call_r_plant Inserted new plant: 58252
INFO 2025-03-11 14:35:44,396 call_r_plant Inserted new plant: 62876
INFO 2025-03-11 14:35:44,725 call_r_plant Inserted new plant: 54795
INFO 2025-03-11 14:35:45,063 call_r_plant Inserted new plant: 60681
INFO 2025-03-11 14:35:45,402 call_r_plant Inserted new plant: 62407
INFO 2025-03-11 14:35:45,781 call_r_plant Inserted new plant: 60662
INFO 2025-03-11 14:35:46,118 call_r_plant Inserted new plant: 60663
INFO 2025-03-11 14:35:46,451 call_r_plant Inserted new plant: 63072
INFO 2025-03-11 14:35:46,790 call_r_plant Inserted new plant: 59026
INFO 2025-03-11 14:35:47,136 call_r_plant Inserted new plant: 61519
INFO 2025-03-11 14:35:47,482 call_r_plant Inserted new plant: 60664
INFO 2025-03-11 14:35:47,829 call_r_plant Inserted new plant: 60665
INFO 2025-03-11 14:35:48,195 call_r_plant Inserted new plant: 60666
INFO 2025-03-11 14:35:48,524 call_r_plant Inserted new plant: 60667
INFO 2025-03-11 14:35:48,874 call_r_plant Inserted new plant: 62074
INFO 2025-03-11 14:35:49,221 call_r_plant Inserted new plant: 67404
INFO 2025-03-11 14:35:49,557 call_r_plant Inserted new plant: 6565
INFO 2025-03-11 14:35:49,886 call_r_plant Inserted new plant: 62332
INFO 2025-03-11 14:35:50,218 call_r_plant Inserted new plant: 63323
INFO 2025-03-11 14:35:50,552 call_r_plant Inserted new plant: 63910
INFO 2025-03-11 14:35:50,884 call_r_plant Inserted new plant: 65281
INFO 2025-03-11 14:35:51,216 call_r_plant Inserted new plant: 61915
INFO 2025-03-11 14:35:51,552 call_r_plant Inserted new plant: 67458
INFO 2025-03-11 14:35:51,887 call_r_plant Inserted new plant: 602
INFO 2025-03-11 14:35:52,238 call_r_plant Inserted new plant: 54832
INFO 2025-03-11 14:35:52,567 call_r_plant Inserted new plant: 65945
INFO 2025-03-11 14:35:52,910 call_r_plant Inserted new plant: 50060
INFO 2025-03-11 14:35:53,246 call_r_plant Inserted new plant: 55964
INFO 2025-03-11 14:35:53,615 call_r_plant Inserted new plant: 64647
INFO 2025-03-11 14:35:53,953 call_r_plant Inserted new plant: 64606
INFO 2025-03-11 14:35:54,308 call_r_plant Inserted new plant: 60036
INFO 2025-03-11 14:35:54,658 call_r_plant Inserted new plant: 60029
INFO 2025-03-11 14:35:54,988 call_r_plant Inserted new plant: 59842
INFO 2025-03-11 14:35:55,322 call_r_plant Inserted new plant: 66536
INFO 2025-03-11 14:35:55,656 call_r_plant Inserted new plant: 66537
INFO 2025-03-11 14:35:55,995 call_r_plant Inserted new plant: 66538
INFO 2025-03-11 14:35:56,346 call_r_plant Inserted new plant: 66539
INFO 2025-03-11 14:35:56,697 call_r_plant Inserted new plant: 56846
INFO 2025-03-11 14:35:57,036 call_r_plant Inserted new plant: 6011
INFO 2025-03-11 14:35:57,364 call_r_plant Inserted new plant: 60353
INFO 2025-03-11 14:35:57,697 call_r_plant Inserted new plant: 58207
INFO 2025-03-11 14:35:58,030 call_r_plant Inserted new plant: 1571
INFO 2025-03-11 14:35:58,364 call_r_plant Inserted new plant: 60465
INFO 2025-03-11 14:35:58,705 call_r_plant Inserted new plant: 62720
INFO 2025-03-11 14:35:59,073 call_r_plant Inserted new plant: 59743
INFO 2025-03-11 14:35:59,408 call_r_plant Inserted new plant: 60737
INFO 2025-03-11 14:35:59,744 call_r_plant Inserted new plant: 65130
INFO 2025-03-11 14:36:00,086 call_r_plant Inserted new plant: 60668
INFO 2025-03-11 14:36:00,423 call_r_plant Inserted new plant: 1574
INFO 2025-03-11 14:36:00,772 call_r_plant Inserted new plant: 1563
INFO 2025-03-11 14:36:01,141 call_r_plant Inserted new plant: 57300
INFO 2025-03-11 14:36:01,479 call_r_plant Inserted new plant: 1567
INFO 2025-03-11 14:36:01,817 call_r_plant Inserted new plant: 1572
INFO 2025-03-11 14:36:02,159 call_r_plant Inserted new plant: 10693
INFO 2025-03-11 14:36:02,499 call_r_plant Inserted new plant: 56571
INFO 2025-03-11 14:36:02,853 call_r_plant Inserted new plant: 1580
INFO 2025-03-11 14:36:03,192 call_r_plant Inserted new plant: 4257
INFO 2025-03-11 14:36:03,532 call_r_plant Inserted new plant: 60089
INFO 2025-03-11 14:36:03,874 call_r_plant Inserted new plant: 60849
INFO 2025-03-11 14:36:04,234 call_r_plant Inserted new plant: 67297
INFO 2025-03-11 14:36:04,578 call_r_plant Inserted new plant: 59147
INFO 2025-03-11 14:36:04,912 call_r_plant Inserted new plant: 57747
INFO 2025-03-11 14:36:05,245 call_r_plant Inserted new plant: 67801
INFO 2025-03-11 14:36:05,581 call_r_plant Inserted new plant: 66499
INFO 2025-03-11 14:36:05,918 call_r_plant Inserted new plant: 62043
INFO 2025-03-11 14:36:06,274 call_r_plant Inserted new plant: 61552
INFO 2025-03-11 14:36:06,610 call_r_plant Inserted new plant: 58904
INFO 2025-03-11 14:36:06,954 call_r_plant Inserted new plant: 63253
INFO 2025-03-11 14:36:07,291 call_r_plant Inserted new plant: 63496
INFO 2025-03-11 14:36:07,630 call_r_plant Inserted new plant: 66160
INFO 2025-03-11 14:36:07,962 call_r_plant Inserted new plant: 66162
INFO 2025-03-11 14:36:08,301 call_r_plant Inserted new plant: 61738
INFO 2025-03-11 14:36:08,636 call_r_plant Inserted new plant: 60847
INFO 2025-03-11 14:36:08,974 call_r_plant Inserted new plant: 61794
INFO 2025-03-11 14:36:09,348 call_r_plant Inserted new plant: 59841
INFO 2025-03-11 14:36:09,679 call_r_plant Inserted new plant: 63089
INFO 2025-03-11 14:36:10,014 call_r_plant Inserted new plant: 59851
INFO 2025-03-11 14:36:10,348 call_r_plant Inserted new plant: 60708
INFO 2025-03-11 14:36:10,685 call_r_plant Inserted new plant: 1554
INFO 2025-03-11 14:36:11,021 call_r_plant Inserted new plant: 58463
INFO 2025-03-11 14:36:11,356 call_r_plant Inserted new plant: 65324
INFO 2025-03-11 14:36:11,692 call_r_plant Inserted new plant: 66819
INFO 2025-03-11 14:36:12,029 call_r_plant Inserted new plant: 64608
INFO 2025-03-11 14:36:12,373 call_r_plant Inserted new plant: 61465
INFO 2025-03-11 14:36:12,706 call_r_plant Inserted new plant: 61358
INFO 2025-03-11 14:36:13,061 call_r_plant Inserted new plant: 58015
INFO 2025-03-11 14:36:13,411 call_r_plant Inserted new plant: 58014
INFO 2025-03-11 14:36:13,744 call_r_plant Inserted new plant: 56050
INFO 2025-03-11 14:36:14,106 call_r_plant Inserted new plant: 66655
INFO 2025-03-11 14:36:14,468 call_r_plant Inserted new plant: 66652
INFO 2025-03-11 14:36:14,801 call_r_plant Inserted new plant: 66653
INFO 2025-03-11 14:36:15,136 call_r_plant Inserted new plant: 66654
INFO 2025-03-11 14:36:15,481 call_r_plant Inserted new plant: 66656
INFO 2025-03-11 14:36:15,815 call_r_plant Inserted new plant: 65984
INFO 2025-03-11 14:36:16,157 call_r_plant Inserted new plant: 65983
INFO 2025-03-11 14:36:16,502 call_r_plant Inserted new plant: 65982
INFO 2025-03-11 14:36:16,833 call_r_plant Inserted new plant: 58243
INFO 2025-03-11 14:36:17,172 call_r_plant Inserted new plant: 58239
INFO 2025-03-11 14:36:17,507 call_r_plant Inserted new plant: 60302
INFO 2025-03-11 14:36:17,841 call_r_plant Inserted new plant: 64602
INFO 2025-03-11 14:36:18,181 call_r_plant Inserted new plant: 60735
INFO 2025-03-11 14:36:18,527 call_r_plant Inserted new plant: 65340
INFO 2025-03-11 14:36:18,865 call_r_plant Inserted new plant: 65339
INFO 2025-03-11 14:36:19,207 call_r_plant Inserted new plant: 64180
INFO 2025-03-11 14:36:19,556 call_r_plant Inserted new plant: 64689
INFO 2025-03-11 14:36:19,893 call_r_plant Inserted new plant: 60496
INFO 2025-03-11 14:36:20,232 call_r_plant Inserted new plant: 62910
INFO 2025-03-11 14:36:20,581 call_r_plant Inserted new plant: 64604
INFO 2025-03-11 14:36:20,924 call_r_plant Inserted new plant: 65610
INFO 2025-03-11 14:36:21,257 call_r_plant Inserted new plant: 65611
INFO 2025-03-11 14:36:21,598 call_r_plant Inserted new plant: 62323
INFO 2025-03-11 14:36:21,934 call_r_plant Inserted new plant: 64241
INFO 2025-03-11 14:36:22,275 call_r_plant Inserted new plant: 58408
INFO 2025-03-11 14:36:22,634 call_r_plant Inserted new plant: 64645
INFO 2025-03-11 14:36:22,977 call_r_plant Inserted new plant: 57646
INFO 2025-03-11 14:36:23,314 call_r_plant Inserted new plant: 67397
INFO 2025-03-11 14:36:23,655 call_r_plant Inserted new plant: 58246
INFO 2025-03-11 14:36:23,998 call_r_plant Inserted new plant: 60820
INFO 2025-03-11 14:36:24,342 call_r_plant Inserted new plant: 50657
INFO 2025-03-11 14:36:24,671 call_r_plant Inserted new plant: 61608
INFO 2025-03-11 14:36:25,021 call_r_plant Inserted new plant: 1573
INFO 2025-03-11 14:36:25,366 call_r_plant Inserted new plant: 57758
INFO 2025-03-11 14:36:25,713 call_r_plant Inserted new plant: 56668
INFO 2025-03-11 14:36:26,062 call_r_plant Inserted new plant: 62208
INFO 2025-03-11 14:36:26,400 call_r_plant Inserted new plant: 61890
INFO 2025-03-11 14:36:26,737 call_r_plant Inserted new plant: 64790
INFO 2025-03-11 14:36:27,094 call_r_plant Inserted new plant: 65357
INFO 2025-03-11 14:36:27,428 call_r_plant Inserted new plant: 65358
INFO 2025-03-11 14:36:27,768 call_r_plant Inserted new plant: 63237
INFO 2025-03-11 14:36:28,102 call_r_plant Inserted new plant: 64642
INFO 2025-03-11 14:36:28,441 call_r_plant Inserted new plant: 64643
INFO 2025-03-11 14:36:28,778 call_r_plant Inserted new plant: 57879
INFO 2025-03-11 14:36:29,128 call_r_plant Inserted new plant: 1556
INFO 2025-03-11 14:36:29,469 call_r_plant Inserted new plant: 61185
INFO 2025-03-11 14:36:29,821 call_r_plant Inserted new plant: 1557
INFO 2025-03-11 14:36:30,162 call_r_plant Inserted new plant: 63903
INFO 2025-03-11 14:36:30,499 call_r_plant Inserted new plant: 64646
INFO 2025-03-11 14:36:30,831 call_r_plant Inserted new plant: 60447
INFO 2025-03-11 14:36:31,172 call_r_plant Inserted new plant: 58631
INFO 2025-03-11 14:36:31,512 call_r_plant Inserted new plant: 66203
INFO 2025-03-11 14:36:31,847 call_r_plant Inserted new plant: 58241
INFO 2025-03-11 14:36:32,183 call_r_plant Inserted new plant: 7835
INFO 2025-03-11 14:36:32,518 call_r_plant Inserted new plant: 65756
INFO 2025-03-11 14:36:32,865 call_r_plant Inserted new plant: 59811
INFO 2025-03-11 14:36:33,221 call_r_plant Inserted new plant: 57240
INFO 2025-03-11 14:36:33,555 call_r_plant Inserted new plant: 57239
INFO 2025-03-11 14:36:33,888 call_r_plant Inserted new plant: 65359
INFO 2025-03-11 14:36:34,238 call_r_plant Inserted new plant: 63654
INFO 2025-03-11 14:36:34,578 call_r_plant Inserted new plant: 6391
INFO 2025-03-11 14:36:34,927 call_r_plant Inserted new plant: 65612
INFO 2025-03-11 14:36:35,266 call_r_plant Inserted new plant: 60669
INFO 2025-03-11 14:36:35,601 call_r_plant Inserted new plant: 62331
INFO 2025-03-11 14:36:35,964 call_r_plant Inserted new plant: 62912
INFO 2025-03-11 14:36:36,300 call_r_plant Inserted new plant: 67490
INFO 2025-03-11 14:36:36,638 call_r_plant Inserted new plant: 63525
INFO 2025-03-11 14:36:36,984 call_r_plant Inserted new plant: 63526
INFO 2025-03-11 14:36:37,317 call_r_plant Inserted new plant: 63524
INFO 2025-03-11 14:36:37,668 call_r_plant Inserted new plant: 63523
INFO 2025-03-11 14:36:38,001 call_r_plant Inserted new plant: 62327
INFO 2025-03-11 14:36:38,334 call_r_plant Inserted new plant: 66770
INFO 2025-03-11 14:36:38,673 call_r_plant Inserted new plant: 67270
INFO 2025-03-11 14:36:39,007 call_r_plant Inserted new plant: 60461
INFO 2025-03-11 14:36:39,341 call_r_plant Inserted new plant: 63904
INFO 2025-03-11 14:36:39,676 call_r_plant Inserted new plant: 64690
INFO 2025-03-11 14:36:40,020 call_r_plant Inserted new plant: 60096
INFO 2025-03-11 14:36:40,359 call_r_plant Inserted new plant: 62405
INFO 2025-03-11 14:36:40,709 call_r_plant Inserted new plant: 56038
INFO 2025-03-11 14:36:41,044 call_r_plant Inserted new plant: 59749
INFO 2025-03-11 14:36:41,386 call_r_plant Inserted new plant: 58329
INFO 2025-03-11 14:36:41,728 call_r_plant Inserted new plant: 67145
INFO 2025-03-11 14:36:42,069 call_r_plant Inserted new plant: 63075
INFO 2025-03-11 14:36:42,407 call_r_plant Inserted new plant: 1564
INFO 2025-03-11 14:36:42,761 call_r_plant Inserted new plant: 65960
INFO 2025-03-11 14:36:43,101 call_r_plant Inserted new plant: 65961
INFO 2025-03-11 14:36:43,456 call_r_plant Inserted new plant: 10629
INFO 2025-03-11 14:36:43,792 call_r_plant Inserted new plant: 63085
INFO 2025-03-11 14:36:44,171 call_r_plant Inserted new plant: 63289
INFO 2025-03-11 14:36:44,508 call_r_plant Inserted new plant: 64644
INFO 2025-03-11 14:36:44,860 call_r_plant Inserted new plant: 56680
INFO 2025-03-11 14:36:45,212 call_r_plant Inserted new plant: 59220
INFO 2025-03-11 14:36:45,561 call_r_plant Inserted new plant: 63512
INFO 2025-03-11 14:36:45,902 call_r_plant Inserted new plant: 60604
INFO 2025-03-11 14:36:46,242 call_r_plant Inserted new plant: 66136
INFO 2025-03-11 14:36:46,588 call_r_plant Inserted new plant: 66135
INFO 2025-03-11 14:36:46,924 call_r_plant Inserted new plant: 64673
INFO 2025-03-11 14:36:47,267 call_r_plant Inserted new plant: 55031
INFO 2025-03-11 14:36:47,609 call_r_plant Inserted new plant: 54085
INFO 2025-03-11 14:36:47,948 call_r_plant Inserted new plant: 10186
INFO 2025-03-11 14:36:48,290 call_r_plant Inserted new plant: 66043
INFO 2025-03-11 14:36:48,637 call_r_plant Inserted new plant: 67286
INFO 2025-03-11 14:36:48,976 call_r_plant Inserted new plant: 60457
INFO 2025-03-11 14:36:49,310 call_r_plant Inserted new plant: 65533
INFO 2025-03-11 14:36:49,648 call_r_plant Inserted new plant: 63895
INFO 2025-03-11 14:36:49,995 call_r_plant Inserted new plant: 50999
INFO 2025-03-11 14:36:50,326 call_r_plant Inserted new plant: 64070
INFO 2025-03-11 14:36:50,667 call_r_plant Inserted new plant: 64068
INFO 2025-03-11 14:36:51,009 call_r_plant Inserted new plant: 67375
INFO 2025-03-11 14:36:51,345 call_r_plant Inserted new plant: 65370
INFO 2025-03-11 14:36:51,718 call_r_plant Inserted new plant: 66370
INFO 2025-03-11 14:36:52,062 call_r_plant Inserted new plant: 65532
INFO 2025-03-11 14:36:52,400 call_r_plant Inserted new plant: 66907
INFO 2025-03-11 14:36:52,736 call_r_plant Inserted new plant: 10728
INFO 2025-03-11 14:36:53,076 call_r_plant Inserted new plant: 57130
INFO 2025-03-11 14:36:53,424 call_r_plant Inserted new plant: 10523
INFO 2025-03-11 14:36:53,768 call_r_plant Inserted new plant: 57531
INFO 2025-03-11 14:36:54,104 call_r_plant Inserted new plant: 1482
INFO 2025-03-11 14:36:54,450 call_r_plant Inserted new plant: 10555
INFO 2025-03-11 14:36:54,793 call_r_plant Inserted new plant: 67110
INFO 2025-03-11 14:36:55,132 call_r_plant Inserted new plant: 1483
INFO 2025-03-11 14:36:55,475 call_r_plant Inserted new plant: 50243
INFO 2025-03-11 14:36:55,820 call_r_plant Inserted new plant: 57083
INFO 2025-03-11 14:36:56,166 call_r_plant Inserted new plant: 58620
INFO 2025-03-11 14:36:56,503 call_r_plant Inserted new plant: 1484
INFO 2025-03-11 14:36:56,852 call_r_plant Inserted new plant: 66402
INFO 2025-03-11 14:36:57,193 call_r_plant Inserted new plant: 1486
INFO 2025-03-11 14:36:57,540 call_r_plant Inserted new plant: 67366
INFO 2025-03-11 14:36:57,891 call_r_plant Inserted new plant: 66877
INFO 2025-03-11 14:36:58,232 call_r_plant Inserted new plant: 66875
INFO 2025-03-11 14:36:58,583 call_r_plant Inserted new plant: 66876
INFO 2025-03-11 14:36:58,928 call_r_plant Inserted new plant: 66878
INFO 2025-03-11 14:36:59,294 call_r_plant Inserted new plant: 805
INFO 2025-03-11 14:36:59,634 call_r_plant Inserted new plant: 67111
INFO 2025-03-11 14:36:59,970 call_r_plant Inserted new plant: 1488
INFO 2025-03-11 14:37:00,307 call_r_plant Inserted new plant: 65858
INFO 2025-03-11 14:37:00,645 call_r_plant Inserted new plant: 65859
INFO 2025-03-11 14:37:00,986 call_r_plant Inserted new plant: 58153
INFO 2025-03-11 14:37:01,327 call_r_plant Inserted new plant: 1469
INFO 2025-03-11 14:37:02,101 call_r_plant Inserted new plant: 63896
INFO 2025-03-11 14:37:02,585 call_r_plant Inserted new plant: 67388
INFO 2025-03-11 14:37:03,038 call_r_plant Inserted new plant: 67462
INFO 2025-03-11 14:37:03,512 call_r_plant Inserted new plant: 64337
INFO 2025-03-11 14:37:03,859 call_r_plant Inserted new plant: 67061
INFO 2025-03-11 14:37:04,204 call_r_plant Inserted new plant: 57354
INFO 2025-03-11 14:37:04,548 call_r_plant Inserted new plant: 67389
INFO 2025-03-11 14:37:04,912 call_r_plant Inserted new plant: 50688
INFO 2025-03-11 14:37:05,245 call_r_plant Inserted new plant: 64408
INFO 2025-03-11 14:37:05,586 call_r_plant Inserted new plant: 65342
INFO 2025-03-11 14:37:05,916 call_r_plant Inserted new plant: 54134
INFO 2025-03-11 14:37:06,251 call_r_plant Inserted new plant: 1491
INFO 2025-03-11 14:37:06,583 call_r_plant Inserted new plant: 58686
INFO 2025-03-11 14:37:06,929 call_r_plant Inserted new plant: 65996
INFO 2025-03-11 14:37:07,279 call_r_plant Inserted new plant: 1492
INFO 2025-03-11 14:37:07,642 call_r_plant Inserted new plant: 65460
INFO 2025-03-11 14:37:07,981 call_r_plant Inserted new plant: 1493
INFO 2025-03-11 14:37:08,339 call_r_plant Inserted new plant: 54148
INFO 2025-03-11 14:37:08,680 call_r_plant Inserted new plant: 61460
INFO 2025-03-11 14:37:09,034 call_r_plant Inserted new plant: 10765
INFO 2025-03-11 14:37:09,384 call_r_plant Inserted new plant: 10766
INFO 2025-03-11 14:37:09,713 call_r_plant Inserted new plant: 50047
INFO 2025-03-11 14:37:10,051 call_r_plant Inserted new plant: 50082
INFO 2025-03-11 14:37:10,387 call_r_plant Inserted new plant: 50081
INFO 2025-03-11 14:37:10,746 call_r_plant Inserted new plant: 56829
INFO 2025-03-11 14:37:11,081 call_r_plant Inserted new plant: 66243
INFO 2025-03-11 14:37:11,415 call_r_plant Inserted new plant: 66246
INFO 2025-03-11 14:37:11,749 call_r_plant Inserted new plant: 66087
INFO 2025-03-11 14:37:12,092 call_r_plant Inserted new plant: 10066
INFO 2025-03-11 14:37:12,427 call_r_plant Inserted new plant: 66403
INFO 2025-03-11 14:37:12,766 call_r_plant Inserted new plant: 67194
INFO 2025-03-11 14:37:13,108 call_r_plant Inserted new plant: 66834
INFO 2025-03-11 14:37:13,447 call_r_plant Inserted new plant: 67350
INFO 2025-03-11 14:37:13,818 call_r_plant Inserted new plant: 67349
INFO 2025-03-11 14:37:14,169 call_r_plant Inserted new plant: 67290
INFO 2025-03-11 14:37:14,508 call_r_plant Inserted new plant: 50035
INFO 2025-03-11 14:37:14,862 call_r_plant Inserted new plant: 64764
INFO 2025-03-11 14:37:15,201 call_r_plant Inserted new plant: 64765
INFO 2025-03-11 14:37:15,535 call_r_plant Inserted new plant: 55068
INFO 2025-03-11 14:37:15,872 call_r_plant Inserted new plant: 67402
INFO 2025-03-11 14:37:16,222 call_r_plant Inserted new plant: 56448
INFO 2025-03-11 14:37:16,557 call_r_plant Inserted new plant: 54123
INFO 2025-03-11 14:37:16,890 call_r_plant Inserted new plant: 55288
INFO 2025-03-11 14:37:17,228 call_r_plant Inserted new plant: 66245
INFO 2025-03-11 14:37:17,563 call_r_plant Inserted new plant: 1497
INFO 2025-03-11 14:37:17,900 call_r_plant Inserted new plant: 1498
INFO 2025-03-11 14:37:18,246 call_r_plant Inserted new plant: 1500
INFO 2025-03-11 14:37:18,577 call_r_plant Inserted new plant: 1475
INFO 2025-03-11 14:37:18,915 call_r_plant Inserted new plant: 66086
INFO 2025-03-11 14:37:19,273 call_r_plant Inserted new plant: 63894
INFO 2025-03-11 14:37:19,611 call_r_plant Inserted new plant: 65534
INFO 2025-03-11 14:37:19,947 call_r_plant Inserted new plant: 64675
INFO 2025-03-11 14:37:20,282 call_r_plant Inserted new plant: 67400
INFO 2025-03-11 14:37:20,630 call_r_plant Inserted new plant: 1501
INFO 2025-03-11 14:37:20,974 call_r_plant Inserted new plant: 57002
INFO 2025-03-11 14:37:21,306 call_r_plant Inserted new plant: 67438
INFO 2025-03-11 14:37:21,640 call_r_plant Inserted new plant: 59438
INFO 2025-03-11 14:37:21,983 call_r_plant Inserted new plant: 57184
INFO 2025-03-11 14:37:22,323 call_r_plant Inserted new plant: 50080
INFO 2025-03-11 14:37:22,661 call_r_plant Inserted new plant: 63897
INFO 2025-03-11 14:37:22,997 call_r_plant Inserted new plant: 64062
INFO 2025-03-11 14:37:23,336 call_r_plant Inserted new plant: 59222
INFO 2025-03-11 14:37:23,673 call_r_plant Inserted new plant: 50758
INFO 2025-03-11 14:37:24,012 call_r_plant Inserted new plant: 50051
INFO 2025-03-11 14:37:24,411 call_r_plant Inserted new plant: 60404
INFO 2025-03-11 14:37:24,752 call_r_plant Inserted new plant: 54124
INFO 2025-03-11 14:37:25,097 call_r_plant Inserted new plant: 66956
INFO 2025-03-11 14:37:25,434 call_r_plant Inserted new plant: 64078
INFO 2025-03-11 14:37:25,778 call_r_plant Inserted new plant: 66165
INFO 2025-03-11 14:37:26,129 call_r_plant Inserted new plant: 50699
INFO 2025-03-11 14:37:26,462 call_r_plant Inserted new plant: 67448
INFO 2025-03-11 14:37:26,826 call_r_plant Inserted new plant: 10354
INFO 2025-03-11 14:37:27,169 call_r_plant Inserted new plant: 50650
INFO 2025-03-11 14:37:27,510 call_r_plant Inserted new plant: 57568
INFO 2025-03-11 14:37:27,850 call_r_plant Inserted new plant: 10700
INFO 2025-03-11 14:37:28,192 call_r_plant Inserted new plant: 50225
INFO 2025-03-11 14:37:28,540 call_r_plant Inserted new plant: 66741
INFO 2025-03-11 14:37:28,884 call_r_plant Inserted new plant: 65112
INFO 2025-03-11 14:37:29,235 call_r_plant Inserted new plant: 50230
INFO 2025-03-11 14:37:29,585 call_r_plant Inserted new plant: 56990
INFO 2025-03-11 14:37:29,929 call_r_plant Inserted new plant: 62857
INFO 2025-03-11 14:37:30,267 call_r_plant Inserted new plant: 10495
INFO 2025-03-11 14:37:30,614 call_r_plant Inserted new plant: 64763
INFO 2025-03-11 14:37:30,980 call_r_plant Inserted new plant: 10493
INFO 2025-03-11 14:37:31,309 call_r_plant Inserted new plant: 55100
INFO 2025-03-11 14:37:31,654 call_r_plant Inserted new plant: 67449
INFO 2025-03-11 14:37:31,999 call_r_plant Inserted new plant: 50447
INFO 2025-03-11 14:37:32,336 call_r_plant Inserted new plant: 66381
INFO 2025-03-11 14:37:32,670 call_r_plant Inserted new plant: 67450
INFO 2025-03-11 14:37:33,010 call_r_plant Inserted new plant: 58608
INFO 2025-03-11 14:37:33,347 call_r_plant Inserted new plant: 50702
INFO 2025-03-11 14:37:33,679 call_r_plant Inserted new plant: 63551
INFO 2025-03-11 14:37:34,020 call_r_plant Inserted new plant: 67451
INFO 2025-03-11 14:37:34,394 call_r_plant Inserted new plant: 63667
INFO 2025-03-11 14:37:34,734 call_r_plant Inserted new plant: 67453
INFO 2025-03-11 14:37:35,072 call_r_plant Inserted new plant: 1504
INFO 2025-03-11 14:37:35,406 call_r_plant Inserted new plant: 67330
INFO 2025-03-11 14:37:35,752 call_r_plant Inserted new plant: 66283
INFO 2025-03-11 14:37:36,085 call_r_plant Inserted new plant: 1505
INFO 2025-03-11 14:37:36,429 call_r_plant Inserted new plant: 60640
INFO 2025-03-11 14:37:36,765 call_r_plant Inserted new plant: 50406
INFO 2025-03-11 14:37:37,129 call_r_plant Inserted new plant: 58026
INFO 2025-03-11 14:37:37,463 call_r_plant Inserted new plant: 1516
INFO 2025-03-11 14:37:37,816 call_r_plant Inserted new plant: 67333
INFO 2025-03-11 14:37:38,157 call_r_plant Inserted new plant: 56989
INFO 2025-03-11 14:37:38,501 call_r_plant Inserted new plant: 56991
INFO 2025-03-11 14:37:38,859 call_r_plant Inserted new plant: 59437
INFO 2025-03-11 14:37:39,199 call_r_plant Inserted new plant: 1478
INFO 2025-03-11 14:37:39,549 call_r_plant Inserted new plant: 67336
INFO 2025-03-11 14:37:39,885 call_r_plant Inserted new plant: 66174
INFO 2025-03-11 14:37:40,218 call_r_plant Inserted new plant: 58146
INFO 2025-03-11 14:37:40,568 call_r_plant Inserted new plant: 65461
INFO 2025-03-11 14:37:40,921 call_r_plant Inserted new plant: 54202
INFO 2025-03-11 14:37:41,277 call_r_plant Inserted new plant: 52171
INFO 2025-03-11 14:37:41,609 call_r_plant Inserted new plant: 67339
INFO 2025-03-11 14:37:41,944 call_r_plant Inserted new plant: 57016
INFO 2025-03-11 14:37:42,282 call_r_plant Inserted new plant: 66100
INFO 2025-03-11 14:37:42,618 call_r_plant Inserted new plant: 63132
INFO 2025-03-11 14:37:42,954 call_r_plant Inserted new plant: 66244
INFO 2025-03-11 14:37:43,287 call_r_plant Inserted new plant: 67340
INFO 2025-03-11 14:37:43,620 call_r_plant Inserted new plant: 1508
INFO 2025-03-11 14:37:43,952 call_r_plant Inserted new plant: 10255
INFO 2025-03-11 14:37:44,287 call_r_plant Inserted new plant: 55294
INFO 2025-03-11 14:37:44,640 call_r_plant Inserted new plant: 1509
INFO 2025-03-11 14:37:44,992 call_r_plant Inserted new plant: 1507
INFO 2025-03-11 14:37:45,332 call_r_plant Inserted new plant: 1510
INFO 2025-03-11 14:37:45,669 call_r_plant Inserted new plant: 64069
INFO 2025-03-11 14:37:46,004 call_r_plant Inserted new plant: 10613
INFO 2025-03-11 14:37:46,347 call_r_plant Inserted new plant: 50278
INFO 2025-03-11 14:37:46,684 call_r_plant Inserted new plant: 1511
INFO 2025-03-11 14:37:47,018 call_r_plant Inserted new plant: 64456
INFO 2025-03-11 14:37:47,355 call_r_plant Inserted new plant: 7258
INFO 2025-03-11 14:37:47,737 call_r_plant Inserted new plant: 61391
INFO 2025-03-11 14:37:48,073 call_r_plant Inserted new plant: 10819
INFO 2025-03-11 14:37:48,409 call_r_plant Inserted new plant: 50433
INFO 2025-03-11 14:37:48,747 call_r_plant Inserted new plant: 54903
INFO 2025-03-11 14:37:49,093 call_r_plant Inserted new plant: 1693
INFO 2025-03-11 14:37:49,430 call_r_plant Inserted new plant: 1694
INFO 2025-03-11 14:37:49,774 call_r_plant Inserted new plant: 50305
INFO 2025-03-11 14:37:50,110 call_r_plant Inserted new plant: 59926
INFO 2025-03-11 14:37:50,462 call_r_plant Inserted new plant: 64500
INFO 2025-03-11 14:37:50,793 call_r_plant Inserted new plant: 58690
INFO 2025-03-11 14:37:51,132 call_r_plant Inserted new plant: 63538
INFO 2025-03-11 14:37:51,468 call_r_plant Inserted new plant: 64196
INFO 2025-03-11 14:37:51,813 call_r_plant Inserted new plant: 62422
INFO 2025-03-11 14:37:52,157 call_r_plant Inserted new plant: 63709
INFO 2025-03-11 14:37:52,511 call_r_plant Inserted new plant: 58052
INFO 2025-03-11 14:37:52,863 call_r_plant Inserted new plant: 55944
INFO 2025-03-11 14:37:53,210 call_r_plant Inserted new plant: 7831
INFO 2025-03-11 14:37:53,543 call_r_plant Inserted new plant: 58020
INFO 2025-03-11 14:37:53,877 call_r_plant Inserted new plant: 58908
INFO 2025-03-11 14:37:54,232 call_r_plant Inserted new plant: 6034
INFO 2025-03-11 14:37:54,571 call_r_plant Inserted new plant: 1753
INFO 2025-03-11 14:37:54,923 call_r_plant Inserted new plant: 7821
INFO 2025-03-11 14:37:55,260 call_r_plant Inserted new plant: 7820
INFO 2025-03-11 14:37:55,609 call_r_plant Inserted new plant: 65143
INFO 2025-03-11 14:37:55,938 call_r_plant Inserted new plant: 58891
INFO 2025-03-11 14:37:56,310 call_r_plant Inserted new plant: 50251
INFO 2025-03-11 14:37:56,654 call_r_plant Inserted new plant: 63321
INFO 2025-03-11 14:37:56,999 call_r_plant Inserted new plant: 65029
INFO 2025-03-11 14:37:57,337 call_r_plant Inserted new plant: 66103
INFO 2025-03-11 14:37:57,669 call_r_plant Inserted new plant: 66102
INFO 2025-03-11 14:37:58,017 call_r_plant Inserted new plant: 66104
INFO 2025-03-11 14:37:58,342 call_r_plant Inserted new plant: 62192
INFO 2025-03-11 14:37:58,679 call_r_plant Inserted new plant: 57706
INFO 2025-03-11 14:37:59,032 call_r_plant Inserted new plant: 54910
INFO 2025-03-11 14:37:59,372 call_r_plant Inserted new plant: 58719
INFO 2025-03-11 14:37:59,706 call_r_plant Inserted new plant: 56851
INFO 2025-03-11 14:38:00,065 call_r_plant Inserted new plant: 1754
INFO 2025-03-11 14:38:00,395 call_r_plant Inserted new plant: 64499
INFO 2025-03-11 14:38:00,737 call_r_plant Inserted new plant: 67100
INFO 2025-03-11 14:38:01,079 call_r_plant Inserted new plant: 1698
INFO 2025-03-11 14:38:01,408 call_r_plant Inserted new plant: 54415
INFO 2025-03-11 14:38:01,743 call_r_plant Inserted new plant: 64856
INFO 2025-03-11 14:38:02,103 call_r_plant Inserted new plant: 64457
INFO 2025-03-11 14:38:02,434 call_r_plant Inserted new plant: 54965
INFO 2025-03-11 14:38:02,784 call_r_plant Inserted new plant: 58196
INFO 2025-03-11 14:38:03,120 call_r_plant Inserted new plant: 1874
INFO 2025-03-11 14:38:03,462 call_r_plant Inserted new plant: 50436
INFO 2025-03-11 14:38:03,801 call_r_plant Inserted new plant: 7118
INFO 2025-03-11 14:38:04,177 call_r_plant Inserted new plant: 64567
INFO 2025-03-11 14:38:04,514 call_r_plant Inserted new plant: 63977
INFO 2025-03-11 14:38:04,846 call_r_plant Inserted new plant: 56190
INFO 2025-03-11 14:38:05,185 call_r_plant Inserted new plant: 66389
INFO 2025-03-11 14:38:05,558 call_r_plant Inserted new plant: 1776
INFO 2025-03-11 14:38:05,902 call_r_plant Inserted new plant: 58254
INFO 2025-03-11 14:38:06,234 call_r_plant Inserted new plant: 50461
INFO 2025-03-11 14:38:06,590 call_r_plant Inserted new plant: 1880
INFO 2025-03-11 14:38:06,929 call_r_plant Inserted new plant: 59467
INFO 2025-03-11 14:38:07,268 call_r_plant Inserted new plant: 64458
INFO 2025-03-11 14:38:07,597 call_r_plant Inserted new plant: 1725
INFO 2025-03-11 14:38:07,971 call_r_plant Inserted new plant: 1760
INFO 2025-03-11 14:38:08,304 call_r_plant Inserted new plant: 1700
INFO 2025-03-11 14:38:08,636 call_r_plant Inserted new plant: 54756
INFO 2025-03-11 14:38:08,968 call_r_plant Inserted new plant: 50260
INFO 2025-03-11 14:38:09,298 call_r_plant Inserted new plant: 55297
INFO 2025-03-11 14:38:09,642 call_r_plant Inserted new plant: 63686
INFO 2025-03-11 14:38:09,978 call_r_plant Inserted new plant: 58830
INFO 2025-03-11 14:38:10,321 call_r_plant Inserted new plant: 7497
INFO 2025-03-11 14:38:10,662 call_r_plant Inserted new plant: 1701
INFO 2025-03-11 14:38:11,021 call_r_plant Inserted new plant: 1821
INFO 2025-03-11 14:38:11,365 call_r_plant Inserted new plant: 61435
INFO 2025-03-11 14:38:11,717 call_r_plant Inserted new plant: 1868
INFO 2025-03-11 14:38:12,061 call_r_plant Inserted new plant: 1702
INFO 2025-03-11 14:38:12,409 call_r_plant Inserted new plant: 55718
INFO 2025-03-11 14:38:12,744 call_r_plant Inserted new plant: 62289
INFO 2025-03-11 14:38:13,077 call_r_plant Inserted new plant: 55088
INFO 2025-03-11 14:38:13,421 call_r_plant Inserted new plant: 10149
INFO 2025-03-11 14:38:13,759 call_r_plant Inserted new plant: 65742
INFO 2025-03-11 14:38:14,102 call_r_plant Inserted new plant: 60883
INFO 2025-03-11 14:38:14,464 call_r_plant Inserted new plant: 1728
INFO 2025-03-11 14:38:14,811 call_r_plant Inserted new plant: 63259
INFO 2025-03-11 14:38:15,148 call_r_plant Inserted new plant: 61954
INFO 2025-03-11 14:38:15,491 call_r_plant Inserted new plant: 61955
INFO 2025-03-11 14:38:15,834 call_r_plant Inserted new plant: 60346
INFO 2025-03-11 14:38:16,176 call_r_plant Inserted new plant: 6369
INFO 2025-03-11 14:38:16,559 call_r_plant Inserted new plant: 60017
INFO 2025-03-11 14:38:16,897 call_r_plant Inserted new plant: 6000
INFO 2025-03-11 14:38:17,236 call_r_plant Inserted new plant: 58222
INFO 2025-03-11 14:38:17,580 call_r_plant Inserted new plant: 57405
INFO 2025-03-11 14:38:17,919 call_r_plant Inserted new plant: 59452
INFO 2025-03-11 14:38:18,252 call_r_plant Inserted new plant: 58121
INFO 2025-03-11 14:38:18,586 call_r_plant Inserted new plant: 1751
INFO 2025-03-11 14:38:18,935 call_r_plant Inserted new plant: 64097
INFO 2025-03-11 14:38:19,275 call_r_plant Inserted new plant: 10208
INFO 2025-03-11 14:38:19,612 call_r_plant Inserted new plant: 61392
INFO 2025-03-11 14:38:19,953 call_r_plant Inserted new plant: 62815
INFO 2025-03-11 14:38:20,282 call_r_plant Inserted new plant: 1729
INFO 2025-03-11 14:38:20,615 call_r_plant Inserted new plant: 1704
INFO 2025-03-11 14:38:20,950 call_r_plant Inserted new plant: 1705
INFO 2025-03-11 14:38:21,288 call_r_plant Inserted new plant: 54341
INFO 2025-03-11 14:38:21,629 call_r_plant Inserted new plant: 1851
INFO 2025-03-11 14:38:21,980 call_r_plant Inserted new plant: 59785
INFO 2025-03-11 14:38:22,315 call_r_plant Inserted new plant: 50437
INFO 2025-03-11 14:38:22,650 call_r_plant Inserted new plant: 10656
INFO 2025-03-11 14:38:22,988 call_r_plant Inserted new plant: 55596
INFO 2025-03-11 14:38:23,332 call_r_plant Inserted new plant: 55597
INFO 2025-03-11 14:38:23,686 call_r_plant Inserted new plant: 65497
INFO 2025-03-11 14:38:24,022 call_r_plant Inserted new plant: 65498
INFO 2025-03-11 14:38:24,400 call_r_plant Inserted new plant: 7932
INFO 2025-03-11 14:38:24,757 call_r_plant Inserted new plant: 64459
INFO 2025-03-11 14:38:25,092 call_r_plant Inserted new plant: 64498
INFO 2025-03-11 14:38:25,426 call_r_plant Inserted new plant: 54751
INFO 2025-03-11 14:38:25,772 call_r_plant Inserted new plant: 1877
INFO 2025-03-11 14:38:26,117 call_r_plant Inserted new plant: 7119
INFO 2025-03-11 14:38:26,457 call_r_plant Inserted new plant: 54757
INFO 2025-03-11 14:38:26,791 call_r_plant Inserted new plant: 1787
INFO 2025-03-11 14:38:27,137 call_r_plant Inserted new plant: 10532
INFO 2025-03-11 14:38:27,475 call_r_plant Inserted new plant: 60118
INFO 2025-03-11 14:38:27,837 call_r_plant Inserted new plant: 58677
INFO 2025-03-11 14:38:28,190 call_r_plant Inserted new plant: 63687
INFO 2025-03-11 14:38:28,544 call_r_plant Inserted new plant: 57421
INFO 2025-03-11 14:38:28,880 call_r_plant Inserted new plant: 10822
INFO 2025-03-11 14:38:29,226 call_r_plant Inserted new plant: 63019
INFO 2025-03-11 14:38:29,590 call_r_plant Inserted new plant: 66109
INFO 2025-03-11 14:38:30,221 call_r_plant Inserted new plant: 6035
INFO 2025-03-11 14:38:30,588 call_r_plant Inserted new plant: 60019
INFO 2025-03-11 14:38:30,936 call_r_plant Inserted new plant: 1730
INFO 2025-03-11 14:38:31,275 call_r_plant Inserted new plant: 1707
INFO 2025-03-11 14:38:31,614 call_r_plant Inserted new plant: 1827
INFO 2025-03-11 14:38:31,977 call_r_plant Inserted new plant: 56635
INFO 2025-03-11 14:38:32,329 call_r_plant Inserted new plant: 57888
INFO 2025-03-11 14:38:32,669 call_r_plant Inserted new plant: 64497
INFO 2025-03-11 14:38:33,013 call_r_plant Inserted new plant: 1777
INFO 2025-03-11 14:38:33,359 call_r_plant Inserted new plant: 64496
INFO 2025-03-11 14:38:33,693 call_r_plant Inserted new plant: 7399
INFO 2025-03-11 14:38:34,046 call_r_plant Inserted new plant: 58103
INFO 2025-03-11 14:38:34,412 call_r_plant Inserted new plant: 1829
INFO 2025-03-11 14:38:34,753 call_r_plant Inserted new plant: 1708
INFO 2025-03-11 14:38:35,094 call_r_plant Inserted new plant: 7115
INFO 2025-03-11 14:38:35,429 call_r_plant Inserted new plant: 59093
INFO 2025-03-11 14:38:35,783 call_r_plant Inserted new plant: 1856
INFO 2025-03-11 14:38:36,116 call_r_plant Inserted new plant: 62677
INFO 2025-03-11 14:38:36,447 call_r_plant Inserted new plant: 55460
INFO 2025-03-11 14:38:36,787 call_r_plant Inserted new plant: 64470
INFO 2025-03-11 14:38:37,129 call_r_plant Inserted new plant: 63601
INFO 2025-03-11 14:38:37,475 call_r_plant Inserted new plant: 1710
INFO 2025-03-11 14:38:37,824 call_r_plant Inserted new plant: 64460
INFO 2025-03-11 14:38:38,162 call_r_plant Inserted new plant: 55270
INFO 2025-03-11 14:38:38,489 call_r_plant Inserted new plant: 1842
INFO 2025-03-11 14:38:38,854 call_r_plant Inserted new plant: 1772
INFO 2025-03-11 14:38:39,194 call_r_plant Inserted new plant: 55101
INFO 2025-03-11 14:38:39,552 call_r_plant Inserted new plant: 7984
INFO 2025-03-11 14:38:39,892 call_r_plant Inserted new plant: 50860
INFO 2025-03-11 14:38:40,237 call_r_plant Inserted new plant: 1778
INFO 2025-03-11 14:38:40,576 call_r_plant Inserted new plant: 1871
INFO 2025-03-11 14:38:40,922 call_r_plant Inserted new plant: 57984
INFO 2025-03-11 14:38:41,270 call_r_plant Inserted new plant: 58427
INFO 2025-03-11 14:38:41,601 call_r_plant Inserted new plant: 59436
INFO 2025-03-11 14:38:41,936 call_r_plant Inserted new plant: 64568
INFO 2025-03-11 14:38:42,280 call_r_plant Inserted new plant: 67101
INFO 2025-03-11 14:38:42,614 call_r_plant Inserted new plant: 55102
INFO 2025-03-11 14:38:42,949 call_r_plant Inserted new plant: 60102
INFO 2025-03-11 14:38:43,287 call_r_plant Inserted new plant: 1712
INFO 2025-03-11 14:38:43,623 call_r_plant Inserted new plant: 1713
INFO 2025-03-11 14:38:43,966 call_r_plant Inserted new plant: 65347
INFO 2025-03-11 14:38:44,358 call_r_plant Inserted new plant: 63660
INFO 2025-03-11 14:38:44,694 call_r_plant Inserted new plant: 57950
INFO 2025-03-11 14:38:45,063 call_r_plant Inserted new plant: 57949
INFO 2025-03-11 14:38:45,402 call_r_plant Inserted new plant: 65346
INFO 2025-03-11 14:38:45,738 call_r_plant Inserted new plant: 1853
INFO 2025-03-11 14:38:46,074 call_r_plant Inserted new plant: 1750
INFO 2025-03-11 14:38:46,414 call_r_plant Inserted new plant: 60559
INFO 2025-03-11 14:38:46,748 call_r_plant Inserted new plant: 1844
INFO 2025-03-11 14:38:47,090 call_r_plant Inserted new plant: 64461
INFO 2025-03-11 14:38:47,425 call_r_plant Inserted new plant: 7116
INFO 2025-03-11 14:38:47,782 call_r_plant Inserted new plant: 57853
INFO 2025-03-11 14:38:48,116 call_r_plant Inserted new plant: 50409
INFO 2025-03-11 14:38:48,454 call_r_plant Inserted new plant: 65328
INFO 2025-03-11 14:38:48,797 call_r_plant Inserted new plant: 1780
INFO 2025-03-11 14:38:49,137 call_r_plant Inserted new plant: 54915
INFO 2025-03-11 14:38:49,484 call_r_plant Inserted new plant: 56416
INFO 2025-03-11 14:38:49,819 call_r_plant Inserted new plant: 56659
INFO 2025-03-11 14:38:50,157 call_r_plant Inserted new plant: 66108
INFO 2025-03-11 14:38:50,507 call_r_plant Inserted new plant: 10745
INFO 2025-03-11 14:38:50,854 call_r_plant Inserted new plant: 57852
INFO 2025-03-11 14:38:51,195 call_r_plant Inserted new plant: 1714
INFO 2025-03-11 14:38:51,533 call_r_plant Inserted new plant: 1733
INFO 2025-03-11 14:38:51,893 call_r_plant Inserted new plant: 1761
INFO 2025-03-11 14:38:52,258 call_r_plant Inserted new plant: 56504
INFO 2025-03-11 14:38:52,595 call_r_plant Inserted new plant: 50772
INFO 2025-03-11 14:38:52,940 call_r_plant Inserted new plant: 50770
INFO 2025-03-11 14:38:53,292 call_r_plant Inserted new plant: 54867
INFO 2025-03-11 14:38:53,632 call_r_plant Inserted new plant: 1846
INFO 2025-03-11 14:38:53,973 call_r_plant Inserted new plant: 54342
INFO 2025-03-11 14:38:54,340 call_r_plant Inserted new plant: 1734
INFO 2025-03-11 14:38:54,695 call_r_plant Inserted new plant: 1848
INFO 2025-03-11 14:38:55,027 call_r_plant Inserted new plant: 54340
INFO 2025-03-11 14:38:55,360 call_r_plant Inserted new plant: 60348
INFO 2025-03-11 14:38:55,705 call_r_plant Inserted new plant: 1735
INFO 2025-03-11 14:38:56,045 call_r_plant Inserted new plant: 55799
INFO 2025-03-11 14:38:56,383 call_r_plant Inserted new plant: 58066
INFO 2025-03-11 14:38:56,736 call_r_plant Inserted new plant: 63831
INFO 2025-03-11 14:38:57,085 call_r_plant Inserted new plant: 61909
INFO 2025-03-11 14:38:57,461 call_r_plant Inserted new plant: 1781
INFO 2025-03-11 14:38:57,797 call_r_plant Inserted new plant: 61916
INFO 2025-03-11 14:38:58,139 call_r_plant Inserted new plant: 54890
INFO 2025-03-11 14:38:58,476 call_r_plant Inserted new plant: 58580
INFO 2025-03-11 14:38:58,812 call_r_plant Inserted new plant: 64251
INFO 2025-03-11 14:38:59,229 call_r_plant Inserted new plant: 56852
INFO 2025-03-11 14:38:59,578 call_r_plant Inserted new plant: 61106
INFO 2025-03-11 14:38:59,939 call_r_plant Inserted new plant: 7806
INFO 2025-03-11 14:39:00,274 call_r_plant Inserted new plant: 54989
INFO 2025-03-11 14:39:00,611 call_r_plant Inserted new plant: 57443
INFO 2025-03-11 14:39:01,022 call_r_plant Inserted new plant: 1737
INFO 2025-03-11 14:39:01,366 call_r_plant Inserted new plant: 1840
INFO 2025-03-11 14:39:01,722 call_r_plant Inserted new plant: 62290
INFO 2025-03-11 14:39:02,069 call_r_plant Inserted new plant: 1773
INFO 2025-03-11 14:39:02,416 call_r_plant Inserted new plant: 64581
INFO 2025-03-11 14:39:02,753 call_r_plant Inserted new plant: 1739
INFO 2025-03-11 14:39:03,082 call_r_plant Inserted new plant: 55402
INFO 2025-03-11 14:39:03,402 call_r_plant Inserted new plant: 56503
INFO 2025-03-11 14:39:03,732 call_r_plant Inserted new plant: 1740
INFO 2025-03-11 14:39:04,091 call_r_plant Inserted new plant: 54057
INFO 2025-03-11 14:39:04,448 call_r_plant Inserted new plant: 1716
INFO 2025-03-11 14:39:04,775 call_r_plant Inserted new plant: 1865
INFO 2025-03-11 14:39:05,116 call_r_plant Inserted new plant: 67102
INFO 2025-03-11 14:39:05,446 call_r_plant Inserted new plant: 57851
INFO 2025-03-11 14:39:05,769 call_r_plant Inserted new plant: 6356
INFO 2025-03-11 14:39:06,095 call_r_plant Inserted new plant: 1741
INFO 2025-03-11 14:39:06,440 call_r_plant Inserted new plant: 59574
INFO 2025-03-11 14:39:06,766 call_r_plant Inserted new plant: 60945
INFO 2025-03-11 14:39:07,092 call_r_plant Inserted new plant: 1743
INFO 2025-03-11 14:39:07,423 call_r_plant Inserted new plant: 1852
INFO 2025-03-11 14:39:07,751 call_r_plant Inserted new plant: 64462
INFO 2025-03-11 14:39:08,083 call_r_plant Inserted new plant: 57131
INFO 2025-03-11 14:39:08,701 call_r_plant Inserted new plant: 1855
INFO 2025-03-11 14:39:09,183 call_r_plant Inserted new plant: 54536
INFO 2025-03-11 14:39:09,756 call_r_plant Inserted new plant: 7972
INFO 2025-03-11 14:39:10,371 call_r_plant Inserted new plant: 1744
INFO 2025-03-11 14:39:10,984 call_r_plant Inserted new plant: 1757
INFO 2025-03-11 14:39:11,599 call_r_plant Inserted new plant: 10328
INFO 2025-03-11 14:39:12,213 call_r_plant Inserted new plant: 63020
INFO 2025-03-11 14:39:12,838 call_r_plant Inserted new plant: 50835
INFO 2025-03-11 14:39:13,175 call_r_plant Inserted new plant: 63322
INFO 2025-03-11 14:39:13,507 call_r_plant Inserted new plant: 58330
INFO 2025-03-11 14:39:13,835 call_r_plant Inserted new plant: 1873
INFO 2025-03-11 14:39:14,173 call_r_plant Inserted new plant: 60347
INFO 2025-03-11 14:39:14,502 call_r_plant Inserted new plant: 58351
INFO 2025-03-11 14:39:14,831 call_r_plant Inserted new plant: 58587
INFO 2025-03-11 14:39:15,152 call_r_plant Inserted new plant: 1875
INFO 2025-03-11 14:39:15,485 call_r_plant Inserted new plant: 50431
INFO 2025-03-11 14:39:15,814 call_r_plant Inserted new plant: 66311
INFO 2025-03-11 14:39:16,152 call_r_plant Inserted new plant: 54539
INFO 2025-03-11 14:39:16,503 call_r_plant Inserted new plant: 1881
INFO 2025-03-11 14:39:16,834 call_r_plant Inserted new plant: 1774
INFO 2025-03-11 14:39:17,172 call_r_plant Inserted new plant: 54604
INFO 2025-03-11 14:39:17,519 call_r_plant Inserted new plant: 57024
INFO 2025-03-11 14:39:17,868 call_r_plant Inserted new plant: 7398
INFO 2025-03-11 14:39:18,195 call_r_plant Inserted new plant: 58546
INFO 2025-03-11 14:39:18,527 call_r_plant Inserted new plant: 59853
INFO 2025-03-11 14:39:18,856 call_r_plant Inserted new plant: 1785
INFO 2025-03-11 14:39:19,191 call_r_plant Inserted new plant: 1722
INFO 2025-03-11 14:39:19,517 call_r_plant Inserted new plant: 60117
INFO 2025-03-11 14:39:19,841 call_r_plant Inserted new plant: 58161
INFO 2025-03-11 14:39:20,183 call_r_plant Inserted new plant: 1786
INFO 2025-03-11 14:39:20,518 call_r_plant Inserted new plant: 67103
INFO 2025-03-11 14:39:20,850 call_r_plant Inserted new plant: 1746
INFO 2025-03-11 14:39:21,175 call_r_plant Inserted new plant: 64463
INFO 2025-03-11 14:39:21,512 call_r_plant Inserted new plant: 1866
INFO 2025-03-11 14:39:21,834 call_r_plant Inserted new plant: 1867
INFO 2025-03-11 14:39:22,172 call_r_plant Inserted new plant: 58704
INFO 2025-03-11 14:39:22,513 call_r_plant Inserted new plant: 55087
INFO 2025-03-11 14:39:22,837 call_r_plant Inserted new plant: 62162
INFO 2025-03-11 14:39:23,161 call_r_plant Inserted new plant: 61705
INFO 2025-03-11 14:39:23,491 call_r_plant Inserted new plant: 56307
INFO 2025-03-11 14:39:23,816 call_r_plant Inserted new plant: 57375
INFO 2025-03-11 14:39:24,168 call_r_plant Inserted new plant: 1956
INFO 2025-03-11 14:39:24,507 call_r_plant Inserted new plant: 55576
INFO 2025-03-11 14:39:24,832 call_r_plant Inserted new plant: 60519
INFO 2025-03-11 14:39:25,178 call_r_plant Inserted new plant: 1958
INFO 2025-03-11 14:39:25,523 call_r_plant Inserted new plant: 1915
INFO 2025-03-11 14:39:25,857 call_r_plant Inserted new plant: 65381
INFO 2025-03-11 14:39:26,192 call_r_plant Inserted new plant: 63304
INFO 2025-03-11 14:39:26,521 call_r_plant Inserted new plant: 61645
INFO 2025-03-11 14:39:26,856 call_r_plant Inserted new plant: 54212
INFO 2025-03-11 14:39:27,198 call_r_plant Inserted new plant: 54214
INFO 2025-03-11 14:39:27,523 call_r_plant Inserted new plant: 54211
INFO 2025-03-11 14:39:27,857 call_r_plant Inserted new plant: 66017
INFO 2025-03-11 14:39:28,188 call_r_plant Inserted new plant: 61181
INFO 2025-03-11 14:39:28,518 call_r_plant Inserted new plant: 60520
INFO 2025-03-11 14:39:28,844 call_r_plant Inserted new plant: 62908
INFO 2025-03-11 14:39:29,223 call_r_plant Inserted new plant: 62061
INFO 2025-03-11 14:39:29,549 call_r_plant Inserted new plant: 61176
INFO 2025-03-11 14:39:29,951 call_r_plant Inserted new plant: 60937
INFO 2025-03-11 14:39:30,290 call_r_plant Inserted new plant: 61710
INFO 2025-03-11 14:39:30,625 call_r_plant Inserted new plant: 61704
INFO 2025-03-11 14:39:30,953 call_r_plant Inserted new plant: 10863
INFO 2025-03-11 14:39:31,278 call_r_plant Inserted new plant: 61183
INFO 2025-03-11 14:39:31,601 call_r_plant Inserted new plant: 60938
INFO 2025-03-11 14:39:31,971 call_r_plant Inserted new plant: 61138
INFO 2025-03-11 14:39:32,302 call_r_plant Inserted new plant: 63305
INFO 2025-03-11 14:39:32,633 call_r_plant Inserted new plant: 63090
INFO 2025-03-11 14:39:32,971 call_r_plant Inserted new plant: 62937
INFO 2025-03-11 14:39:33,326 call_r_plant Inserted new plant: 62062
INFO 2025-03-11 14:39:33,662 call_r_plant Inserted new plant: 60521
INFO 2025-03-11 14:39:33,997 call_r_plant Inserted new plant: 61706
INFO 2025-03-11 14:39:34,363 call_r_plant Inserted new plant: 55566
INFO 2025-03-11 14:39:34,695 call_r_plant Inserted new plant: 56210
INFO 2025-03-11 14:39:35,023 call_r_plant Inserted new plant: 61453
INFO 2025-03-11 14:39:35,352 call_r_plant Inserted new plant: 61454
INFO 2025-03-11 14:39:35,683 call_r_plant Inserted new plant: 61455
INFO 2025-03-11 14:39:36,019 call_r_plant Inserted new plant: 62138
INFO 2025-03-11 14:39:36,348 call_r_plant Inserted new plant: 64029
INFO 2025-03-11 14:39:36,679 call_r_plant Inserted new plant: 65514
INFO 2025-03-11 14:39:37,007 call_r_plant Inserted new plant: 62084
INFO 2025-03-11 14:39:37,337 call_r_plant Inserted new plant: 62085
INFO 2025-03-11 14:39:37,677 call_r_plant Inserted new plant: 62086
INFO 2025-03-11 14:39:38,017 call_r_plant Inserted new plant: 62087
INFO 2025-03-11 14:39:38,373 call_r_plant Inserted new plant: 62040
INFO 2025-03-11 14:39:38,705 call_r_plant Inserted new plant: 63318
INFO 2025-03-11 14:39:39,037 call_r_plant Inserted new plant: 1964
INFO 2025-03-11 14:39:39,369 call_r_plant Inserted new plant: 57198
INFO 2025-03-11 14:39:39,690 call_r_plant Inserted new plant: 60695
INFO 2025-03-11 14:39:40,017 call_r_plant Inserted new plant: 63819
INFO 2025-03-11 14:39:40,357 call_r_plant Inserted new plant: 61671
INFO 2025-03-11 14:39:40,696 call_r_plant Inserted new plant: 57289
INFO 2025-03-11 14:39:41,041 call_r_plant Inserted new plant: 60836
INFO 2025-03-11 14:39:41,394 call_r_plant Inserted new plant: 61817
INFO 2025-03-11 14:39:41,730 call_r_plant Inserted new plant: 56201
INFO 2025-03-11 14:39:42,056 call_r_plant Inserted new plant: 1904
INFO 2025-03-11 14:39:42,393 call_r_plant Inserted new plant: 58692
INFO 2025-03-11 14:39:42,722 call_r_plant Inserted new plant: 1892
INFO 2025-03-11 14:39:43,053 call_r_plant Inserted new plant: 61650
INFO 2025-03-11 14:39:43,377 call_r_plant Inserted new plant: 60504
INFO 2025-03-11 14:39:43,736 call_r_plant Inserted new plant: 1966
INFO 2025-03-11 14:39:44,070 call_r_plant Inserted new plant: 56581
INFO 2025-03-11 14:39:44,449 call_r_plant Inserted new plant: 56580
INFO 2025-03-11 14:39:44,773 call_r_plant Inserted new plant: 1967
INFO 2025-03-11 14:39:45,097 call_r_plant Inserted new plant: 8027
INFO 2025-03-11 14:39:45,422 call_r_plant Inserted new plant: 60632
INFO 2025-03-11 14:39:45,751 call_r_plant Inserted new plant: 56209
INFO 2025-03-11 14:39:46,078 call_r_plant Inserted new plant: 10486
INFO 2025-03-11 14:39:46,427 call_r_plant Inserted new plant: 62194
INFO 2025-03-11 14:39:46,752 call_r_plant Inserted new plant: 1893
INFO 2025-03-11 14:39:47,079 call_r_plant Inserted new plant: 66339
INFO 2025-03-11 14:39:47,410 call_r_plant Inserted new plant: 50636
INFO 2025-03-11 14:39:47,737 call_r_plant Inserted new plant: 63682
INFO 2025-03-11 14:39:48,061 call_r_plant Inserted new plant: 63593
INFO 2025-03-11 14:39:48,388 call_r_plant Inserted new plant: 63396
INFO 2025-03-11 14:39:48,719 call_r_plant Inserted new plant: 63594
INFO 2025-03-11 14:39:49,054 call_r_plant Inserted new plant: 65761
INFO 2025-03-11 14:39:49,391 call_r_plant Inserted new plant: 61141
INFO 2025-03-11 14:39:49,723 call_r_plant Inserted new plant: 61543
INFO 2025-03-11 14:39:50,060 call_r_plant Inserted new plant: 61548
INFO 2025-03-11 14:39:50,384 call_r_plant Inserted new plant: 61140
INFO 2025-03-11 14:39:50,718 call_r_plant Inserted new plant: 56200
INFO 2025-03-11 14:39:51,059 call_r_plant Inserted new plant: 61545
INFO 2025-03-11 14:39:51,396 call_r_plant Inserted new plant: 61180
INFO 2025-03-11 14:39:51,748 call_r_plant Inserted new plant: 2038
INFO 2025-03-11 14:39:52,079 call_r_plant Inserted new plant: 64001
INFO 2025-03-11 14:39:52,406 call_r_plant Inserted new plant: 64072
INFO 2025-03-11 14:39:52,747 call_r_plant Inserted new plant: 56241
INFO 2025-03-11 14:39:53,077 call_r_plant Inserted new plant: 63252
INFO 2025-03-11 14:39:53,407 call_r_plant Inserted new plant: 61707
INFO 2025-03-11 14:39:53,751 call_r_plant Inserted new plant: 61178
INFO 2025-03-11 14:39:54,087 call_r_plant Inserted new plant: 61651
INFO 2025-03-11 14:39:54,450 call_r_plant Inserted new plant: 61179
INFO 2025-03-11 14:39:54,778 call_r_plant Inserted new plant: 57296
INFO 2025-03-11 14:39:55,115 call_r_plant Inserted new plant: 63683
INFO 2025-03-11 14:39:55,445 call_r_plant Inserted new plant: 56410
INFO 2025-03-11 14:39:55,779 call_r_plant Inserted new plant: 61495
INFO 2025-03-11 14:39:56,132 call_r_plant Inserted new plant: 6058
INFO 2025-03-11 14:39:56,463 call_r_plant Inserted new plant: 61711
INFO 2025-03-11 14:39:56,798 call_r_plant Inserted new plant: 60939
INFO 2025-03-11 14:39:57,135 call_r_plant Inserted new plant: 57910
INFO 2025-03-11 14:39:57,467 call_r_plant Inserted new plant: 60711
INFO 2025-03-11 14:39:57,800 call_r_plant Inserted new plant: 61968
INFO 2025-03-11 14:39:58,127 call_r_plant Inserted new plant: 60522
INFO 2025-03-11 14:39:58,453 call_r_plant Inserted new plant: 63430
INFO 2025-03-11 14:39:58,777 call_r_plant Inserted new plant: 63431
INFO 2025-03-11 14:39:59,215 call_r_plant Inserted new plant: 63403
INFO 2025-03-11 14:39:59,543 call_r_plant Inserted new plant: 63481
INFO 2025-03-11 14:39:59,870 call_r_plant Inserted new plant: 64506
INFO 2025-03-11 14:40:00,250 call_r_plant Inserted new plant: 57385
INFO 2025-03-11 14:40:00,580 call_r_plant Inserted new plant: 58045
INFO 2025-03-11 14:40:00,909 call_r_plant Inserted new plant: 64818
INFO 2025-03-11 14:40:01,244 call_r_plant Inserted new plant: 63313
INFO 2025-03-11 14:40:01,574 call_r_plant Inserted new plant: 61971
INFO 2025-03-11 14:40:01,898 call_r_plant Inserted new plant: 61977
INFO 2025-03-11 14:40:02,254 call_r_plant Inserted new plant: 63899
INFO 2025-03-11 14:40:02,583 call_r_plant Inserted new plant: 64992
INFO 2025-03-11 14:40:02,911 call_r_plant Inserted new plant: 61177
INFO 2025-03-11 14:40:03,249 call_r_plant Inserted new plant: 61483
INFO 2025-03-11 14:40:03,582 call_r_plant Inserted new plant: 55010
INFO 2025-03-11 14:40:03,914 call_r_plant Inserted new plant: 61983
INFO 2025-03-11 14:40:04,274 call_r_plant Inserted new plant: 66029
INFO 2025-03-11 14:40:04,607 call_r_plant Inserted new plant: 10013
INFO 2025-03-11 14:40:04,938 call_r_plant Inserted new plant: 66573
INFO 2025-03-11 14:40:05,269 call_r_plant Inserted new plant: 61328
INFO 2025-03-11 14:40:05,596 call_r_plant Inserted new plant: 61712
INFO 2025-03-11 14:40:05,946 call_r_plant Inserted new plant: 56207
INFO 2025-03-11 14:40:06,303 call_r_plant Inserted new plant: 63116
INFO 2025-03-11 14:40:06,650 call_r_plant Inserted new plant: 57396
INFO 2025-03-11 14:40:06,984 call_r_plant Inserted new plant: 1969
INFO 2025-03-11 14:40:07,322 call_r_plant Inserted new plant: 61329
INFO 2025-03-11 14:40:07,657 call_r_plant Inserted new plant: 61715
INFO 2025-03-11 14:40:07,985 call_r_plant Inserted new plant: 1970
INFO 2025-03-11 14:40:08,319 call_r_plant Inserted new plant: 60652
INFO 2025-03-11 14:40:08,655 call_r_plant Inserted new plant: 60523
INFO 2025-03-11 14:40:08,985 call_r_plant Inserted new plant: 60833
INFO 2025-03-11 14:40:09,313 call_r_plant Inserted new plant: 65515
INFO 2025-03-11 14:40:09,638 call_r_plant Inserted new plant: 65516
INFO 2025-03-11 14:40:09,971 call_r_plant Inserted new plant: 61379
INFO 2025-03-11 14:40:10,299 call_r_plant Inserted new plant: 63117
INFO 2025-03-11 14:40:10,634 call_r_plant Inserted new plant: 61626
INFO 2025-03-11 14:40:10,965 call_r_plant Inserted new plant: 63175
INFO 2025-03-11 14:40:11,317 call_r_plant Inserted new plant: 56543
INFO 2025-03-11 14:40:11,663 call_r_plant Inserted new plant: 60524
INFO 2025-03-11 14:40:12,005 call_r_plant Inserted new plant: 60795
INFO 2025-03-11 14:40:12,344 call_r_plant Inserted new plant: 62137
INFO 2025-03-11 14:40:12,675 call_r_plant Inserted new plant: 2039
INFO 2025-03-11 14:40:12,997 call_r_plant Inserted new plant: 1971
INFO 2025-03-11 14:40:13,330 call_r_plant Inserted new plant: 57649
INFO 2025-03-11 14:40:13,670 call_r_plant Inserted new plant: 56793
INFO 2025-03-11 14:40:14,004 call_r_plant Inserted new plant: 60631
INFO 2025-03-11 14:40:14,342 call_r_plant Inserted new plant: 63542
INFO 2025-03-11 14:40:14,675 call_r_plant Inserted new plant: 57880
INFO 2025-03-11 14:40:15,005 call_r_plant Inserted new plant: 61363
INFO 2025-03-11 14:40:15,335 call_r_plant Inserted new plant: 63429
INFO 2025-03-11 14:40:15,679 call_r_plant Inserted new plant: 65075
INFO 2025-03-11 14:40:16,009 call_r_plant Inserted new plant: 56626
INFO 2025-03-11 14:40:16,344 call_r_plant Inserted new plant: 1972
INFO 2025-03-11 14:40:16,675 call_r_plant Inserted new plant: 1973
INFO 2025-03-11 14:40:17,019 call_r_plant Inserted new plant: 56415
INFO 2025-03-11 14:40:17,350 call_r_plant Inserted new plant: 63394
INFO 2025-03-11 14:40:17,676 call_r_plant Inserted new plant: 56164
INFO 2025-03-11 14:40:18,004 call_r_plant Inserted new plant: 60832
INFO 2025-03-11 14:40:18,363 call_r_plant Inserted new plant: 63046
INFO 2025-03-11 14:40:18,700 call_r_plant Inserted new plant: 63038
INFO 2025-03-11 14:40:19,045 call_r_plant Inserted new plant: 63037
INFO 2025-03-11 14:40:19,376 call_r_plant Inserted new plant: 63035
INFO 2025-03-11 14:40:19,743 call_r_plant Inserted new plant: 63036
INFO 2025-03-11 14:40:20,069 call_r_plant Inserted new plant: 63034
INFO 2025-03-11 14:40:20,417 call_r_plant Inserted new plant: 63033
INFO 2025-03-11 14:40:20,745 call_r_plant Inserted new plant: 62696
INFO 2025-03-11 14:40:21,082 call_r_plant Inserted new plant: 63577
INFO 2025-03-11 14:40:21,413 call_r_plant Inserted new plant: 63042
INFO 2025-03-11 14:40:21,769 call_r_plant Inserted new plant: 63576
INFO 2025-03-11 14:40:22,103 call_r_plant Inserted new plant: 63045
INFO 2025-03-11 14:40:22,431 call_r_plant Inserted new plant: 63043
INFO 2025-03-11 14:40:22,761 call_r_plant Inserted new plant: 63039
INFO 2025-03-11 14:40:23,093 call_r_plant Inserted new plant: 63040
INFO 2025-03-11 14:40:23,433 call_r_plant Inserted new plant: 63966
INFO 2025-03-11 14:40:23,763 call_r_plant Inserted new plant: 62210
INFO 2025-03-11 14:40:24,095 call_r_plant Inserted new plant: 56617
INFO 2025-03-11 14:40:24,444 call_r_plant Inserted new plant: 56204
INFO 2025-03-11 14:40:24,769 call_r_plant Inserted new plant: 65405
INFO 2025-03-11 14:40:25,100 call_r_plant Inserted new plant: 63650
INFO 2025-03-11 14:40:25,431 call_r_plant Inserted new plant: 55574
INFO 2025-03-11 14:40:25,777 call_r_plant Inserted new plant: 1894
INFO 2025-03-11 14:40:26,115 call_r_plant Inserted new plant: 61690
INFO 2025-03-11 14:40:26,451 call_r_plant Inserted new plant: 60837
INFO 2025-03-11 14:40:26,783 call_r_plant Inserted new plant: 64907
INFO 2025-03-11 14:40:27,126 call_r_plant Inserted new plant: 61484
INFO 2025-03-11 14:40:27,482 call_r_plant Inserted new plant: 54224
INFO 2025-03-11 14:40:27,814 call_r_plant Inserted new plant: 64623
INFO 2025-03-11 14:40:28,151 call_r_plant Inserted new plant: 61919
INFO 2025-03-11 14:40:28,480 call_r_plant Inserted new plant: 56588
INFO 2025-03-11 14:40:28,810 call_r_plant Inserted new plant: 56054
INFO 2025-03-11 14:40:29,167 call_r_plant Inserted new plant: 57813
INFO 2025-03-11 14:40:29,501 call_r_plant Inserted new plant: 67803
INFO 2025-03-11 14:40:29,827 call_r_plant Inserted new plant: 60935
INFO 2025-03-11 14:40:30,155 call_r_plant Inserted new plant: 62829
INFO 2025-03-11 14:40:30,526 call_r_plant Inserted new plant: 62830
INFO 2025-03-11 14:40:30,889 call_r_plant Inserted new plant: 63370
INFO 2025-03-11 14:40:31,226 call_r_plant Inserted new plant: 60940
INFO 2025-03-11 14:40:31,564 call_r_plant Inserted new plant: 63317
INFO 2025-03-11 14:40:31,890 call_r_plant Inserted new plant: 62010
INFO 2025-03-11 14:40:32,220 call_r_plant Inserted new plant: 1975
INFO 2025-03-11 14:40:32,552 call_r_plant Inserted new plant: 63484
INFO 2025-03-11 14:40:32,888 call_r_plant Inserted new plant: 63380
INFO 2025-03-11 14:40:33,219 call_r_plant Inserted new plant: 63417
INFO 2025-03-11 14:40:33,561 call_r_plant Inserted new plant: 63533
INFO 2025-03-11 14:40:33,904 call_r_plant Inserted new plant: 62148
INFO 2025-03-11 14:40:34,282 call_r_plant Inserted new plant: 61426
INFO 2025-03-11 14:40:34,614 call_r_plant Inserted new plant: 65942
INFO 2025-03-11 14:40:34,963 call_r_plant Inserted new plant: 1976
INFO 2025-03-11 14:40:35,297 call_r_plant Inserted new plant: 56994
INFO 2025-03-11 14:40:35,626 call_r_plant Inserted new plant: 1977
INFO 2025-03-11 14:40:35,962 call_r_plant Inserted new plant: 7977
INFO 2025-03-11 14:40:36,305 call_r_plant Inserted new plant: 57274
INFO 2025-03-11 14:40:36,637 call_r_plant Inserted new plant: 56590
INFO 2025-03-11 14:40:36,987 call_r_plant Inserted new plant: 56413
INFO 2025-03-11 14:40:37,321 call_r_plant Inserted new plant: 61689
INFO 2025-03-11 14:40:37,658 call_r_plant Inserted new plant: 62195
INFO 2025-03-11 14:40:37,987 call_r_plant Inserted new plant: 55573
INFO 2025-03-11 14:40:38,314 call_r_plant Inserted new plant: 8105
INFO 2025-03-11 14:40:38,645 call_r_plant Inserted new plant: 62099
INFO 2025-03-11 14:40:39,010 call_r_plant Inserted new plant: 63684
INFO 2025-03-11 14:40:39,338 call_r_plant Inserted new plant: 62060
INFO 2025-03-11 14:40:39,668 call_r_plant Inserted new plant: 63174
INFO 2025-03-11 14:40:40,010 call_r_plant Inserted new plant: 54285
INFO 2025-03-11 14:40:40,344 call_r_plant Inserted new plant: 60525
INFO 2025-03-11 14:40:40,700 call_r_plant Inserted new plant: 62651
INFO 2025-03-11 14:40:41,047 call_r_plant Inserted new plant: 63724
INFO 2025-03-11 14:40:41,385 call_r_plant Inserted new plant: 63725
INFO 2025-03-11 14:40:41,718 call_r_plant Inserted new plant: 64906
INFO 2025-03-11 14:40:42,051 call_r_plant Inserted new plant: 62267
INFO 2025-03-11 14:40:42,383 call_r_plant Inserted new plant: 64869
INFO 2025-03-11 14:40:42,726 call_r_plant Inserted new plant: 62706
INFO 2025-03-11 14:40:43,053 call_r_plant Inserted new plant: 1911
INFO 2025-03-11 14:40:43,384 call_r_plant Inserted new plant: 63680
INFO 2025-03-11 14:40:43,718 call_r_plant Inserted new plant: 61793
INFO 2025-03-11 14:40:44,053 call_r_plant Inserted new plant: 1897
INFO 2025-03-11 14:40:44,385 call_r_plant Inserted new plant: 1979
INFO 2025-03-11 14:40:44,727 call_r_plant Inserted new plant: 1912
INFO 2025-03-11 14:40:45,059 call_r_plant Inserted new plant: 61788
INFO 2025-03-11 14:40:45,392 call_r_plant Inserted new plant: 63817
INFO 2025-03-11 14:40:45,721 call_r_plant Inserted new plant: 58563
INFO 2025-03-11 14:40:46,055 call_r_plant Inserted new plant: 63309
INFO 2025-03-11 14:40:46,383 call_r_plant Inserted new plant: 1943
INFO 2025-03-11 14:40:46,729 call_r_plant Inserted new plant: 65066
INFO 2025-03-11 14:40:47,063 call_r_plant Inserted new plant: 55572
INFO 2025-03-11 14:40:47,393 call_r_plant Inserted new plant: 65595
INFO 2025-03-11 14:40:47,719 call_r_plant Inserted new plant: 63534
INFO 2025-03-11 14:40:48,054 call_r_plant Inserted new plant: 63820
INFO 2025-03-11 14:40:48,407 call_r_plant Inserted new plant: 63821
INFO 2025-03-11 14:40:48,765 call_r_plant Inserted new plant: 61505
INFO 2025-03-11 14:40:49,101 call_r_plant Inserted new plant: 62139
INFO 2025-03-11 14:40:49,435 call_r_plant Inserted new plant: 6358
INFO 2025-03-11 14:40:49,769 call_r_plant Inserted new plant: 1980
INFO 2025-03-11 14:40:50,102 call_r_plant Inserted new plant: 60834
INFO 2025-03-11 14:40:50,431 call_r_plant Inserted new plant: 63312
INFO 2025-03-11 14:40:50,767 call_r_plant Inserted new plant: 63629
INFO 2025-03-11 14:40:51,107 call_r_plant Inserted new plant: 56269
INFO 2025-03-11 14:40:51,439 call_r_plant Inserted new plant: 10487
INFO 2025-03-11 14:40:51,853 call_r_plant Inserted new plant: 1913
INFO 2025-03-11 14:40:52,199 call_r_plant Inserted new plant: 63319
INFO 2025-03-11 14:40:52,527 call_r_plant Inserted new plant: 55565
INFO 2025-03-11 14:40:52,852 call_r_plant Inserted new plant: 1982
INFO 2025-03-11 14:40:53,203 call_r_plant Inserted new plant: 66743
INFO 2025-03-11 14:40:53,543 call_r_plant Inserted new plant: 56750
INFO 2025-03-11 14:40:53,876 call_r_plant Inserted new plant: 55564
INFO 2025-03-11 14:40:54,257 call_r_plant Inserted new plant: 61686
INFO 2025-03-11 14:40:54,603 call_r_plant Inserted new plant: 64991
INFO 2025-03-11 14:40:54,926 call_r_plant Inserted new plant: 66030
INFO 2025-03-11 14:40:55,273 call_r_plant Inserted new plant: 61695
INFO 2025-03-11 14:40:55,612 call_r_plant Inserted new plant: 61380
INFO 2025-03-11 14:40:55,946 call_r_plant Inserted new plant: 55563
INFO 2025-03-11 14:40:56,297 call_r_plant Inserted new plant: 56206
INFO 2025-03-11 14:40:56,636 call_r_plant Inserted new plant: 55809
INFO 2025-03-11 14:40:56,981 call_r_plant Inserted new plant: 61716
INFO 2025-03-11 14:40:57,340 call_r_plant Inserted new plant: 1983
INFO 2025-03-11 14:40:57,671 call_r_plant Inserted new plant: 63315
INFO 2025-03-11 14:40:58,019 call_r_plant Inserted new plant: 1895
INFO 2025-03-11 14:40:58,350 call_r_plant Inserted new plant: 57119
INFO 2025-03-11 14:40:58,679 call_r_plant Inserted new plant: 61381
INFO 2025-03-11 14:40:59,079 call_r_plant Inserted new plant: 61058
INFO 2025-03-11 14:40:59,424 call_r_plant Inserted new plant: 61506
INFO 2025-03-11 14:40:59,760 call_r_plant Inserted new plant: 62414
INFO 2025-03-11 14:41:00,089 call_r_plant Inserted new plant: 61203
INFO 2025-03-11 14:41:00,427 call_r_plant Inserted new plant: 55208
INFO 2025-03-11 14:41:00,761 call_r_plant Inserted new plant: 55265
INFO 2025-03-11 14:41:01,111 call_r_plant Inserted new plant: 1985
INFO 2025-03-11 14:41:01,445 call_r_plant Inserted new plant: 60526
INFO 2025-03-11 14:41:01,790 call_r_plant Inserted new plant: 60527
INFO 2025-03-11 14:41:02,133 call_r_plant Inserted new plant: 62442
INFO 2025-03-11 14:41:02,469 call_r_plant Inserted new plant: 61572
INFO 2025-03-11 14:41:02,798 call_r_plant Inserted new plant: 61573
INFO 2025-03-11 14:41:03,143 call_r_plant Inserted new plant: 7925
INFO 2025-03-11 14:41:03,476 call_r_plant Inserted new plant: 7415
INFO 2025-03-11 14:41:03,813 call_r_plant Inserted new plant: 57374
INFO 2025-03-11 14:41:04,161 call_r_plant Inserted new plant: 58836
INFO 2025-03-11 14:41:04,515 call_r_plant Inserted new plant: 55353
INFO 2025-03-11 14:41:04,854 call_r_plant Inserted new plant: 1987
INFO 2025-03-11 14:41:05,191 call_r_plant Inserted new plant: 63543
INFO 2025-03-11 14:41:05,544 call_r_plant Inserted new plant: 63311
INFO 2025-03-11 14:41:05,873 call_r_plant Inserted new plant: 1891
INFO 2025-03-11 14:41:06,205 call_r_plant Inserted new plant: 66742
INFO 2025-03-11 14:41:06,538 call_r_plant Inserted new plant: 63679
INFO 2025-03-11 14:41:06,885 call_r_plant Inserted new plant: 60528
INFO 2025-03-11 14:41:07,218 call_r_plant Inserted new plant: 61544
INFO 2025-03-11 14:41:07,577 call_r_plant Inserted new plant: 61072
INFO 2025-03-11 14:41:07,915 call_r_plant Inserted new plant: 61713
INFO 2025-03-11 14:41:08,243 call_r_plant Inserted new plant: 63425
INFO 2025-03-11 14:41:08,577 call_r_plant Inserted new plant: 61709
INFO 2025-03-11 14:41:08,908 call_r_plant Inserted new plant: 65160
INFO 2025-03-11 14:41:09,242 call_r_plant Inserted new plant: 63432
INFO 2025-03-11 14:41:09,597 call_r_plant Inserted new plant: 63433
INFO 2025-03-11 14:41:09,949 call_r_plant Inserted new plant: 60966
INFO 2025-03-11 14:41:10,283 call_r_plant Inserted new plant: 63179
INFO 2025-03-11 14:41:10,613 call_r_plant Inserted new plant: 63182
INFO 2025-03-11 14:41:10,959 call_r_plant Inserted new plant: 63183
INFO 2025-03-11 14:41:11,288 call_r_plant Inserted new plant: 61382
INFO 2025-03-11 14:41:11,626 call_r_plant Inserted new plant: 1989
INFO 2025-03-11 14:41:11,953 call_r_plant Inserted new plant: 1896
INFO 2025-03-11 14:41:12,287 call_r_plant Inserted new plant: 63397
INFO 2025-03-11 14:41:12,614 call_r_plant Inserted new plant: 63595
INFO 2025-03-11 14:41:12,945 call_r_plant Inserted new plant: 56412
INFO 2025-03-11 14:41:13,303 call_r_plant Inserted new plant: 1990
INFO 2025-03-11 14:41:13,631 call_r_plant Inserted new plant: 63937
INFO 2025-03-11 14:41:13,974 call_r_plant Inserted new plant: 61182
INFO 2025-03-11 14:41:14,338 call_r_plant Inserted new plant: 66974
INFO 2025-03-11 14:41:14,672 call_r_plant Inserted new plant: 66975
INFO 2025-03-11 14:41:15,010 call_r_plant Inserted new plant: 65003
INFO 2025-03-11 14:41:15,341 call_r_plant Inserted new plant: 66977
INFO 2025-03-11 14:41:15,677 call_r_plant Inserted new plant: 65632
INFO 2025-03-11 14:41:16,022 call_r_plant Inserted new plant: 55824
INFO 2025-03-11 14:41:16,353 call_r_plant Inserted new plant: 66003
INFO 2025-03-11 14:41:16,681 call_r_plant Inserted new plant: 62536
INFO 2025-03-11 14:41:17,016 call_r_plant Inserted new plant: 62538
INFO 2025-03-11 14:41:17,349 call_r_plant Inserted new plant: 62740
INFO 2025-03-11 14:41:17,682 call_r_plant Inserted new plant: 62143
INFO 2025-03-11 14:41:18,014 call_r_plant Inserted new plant: 62537
INFO 2025-03-11 14:41:18,374 call_r_plant Inserted new plant: 62144
INFO 2025-03-11 14:41:18,704 call_r_plant Inserted new plant: 62535
INFO 2025-03-11 14:41:19,043 call_r_plant Inserted new plant: 30
INFO 2025-03-11 14:41:19,382 call_r_plant Inserted new plant: 63453
INFO 2025-03-11 14:41:19,721 call_r_plant Inserted new plant: 56104
INFO 2025-03-11 14:41:20,059 call_r_plant Inserted new plant: 2042
INFO 2025-03-11 14:41:20,400 call_r_plant Inserted new plant: 60941
INFO 2025-03-11 14:41:20,743 call_r_plant Inserted new plant: 63308
INFO 2025-03-11 14:41:21,073 call_r_plant Inserted new plant: 63935
INFO 2025-03-11 14:41:21,443 call_r_plant Inserted new plant: 61139
INFO 2025-03-11 14:41:21,791 call_r_plant Inserted new plant: 1993
INFO 2025-03-11 14:41:22,145 call_r_plant Inserted new plant: 59875
INFO 2025-03-11 14:41:22,473 call_r_plant Inserted new plant: 56840
INFO 2025-03-11 14:41:22,803 call_r_plant Inserted new plant: 56824
INFO 2025-03-11 14:41:23,138 call_r_plant Inserted new plant: 56825
INFO 2025-03-11 14:41:23,492 call_r_plant Inserted new plant: 56826
INFO 2025-03-11 14:41:23,832 call_r_plant Inserted new plant: 56827
INFO 2025-03-11 14:41:24,214 call_r_plant Inserted new plant: 56828
INFO 2025-03-11 14:41:24,542 call_r_plant Inserted new plant: 63434
INFO 2025-03-11 14:41:24,874 call_r_plant Inserted new plant: 63119
INFO 2025-03-11 14:41:25,205 call_r_plant Inserted new plant: 64504
INFO 2025-03-11 14:41:25,548 call_r_plant Inserted new plant: 64990
INFO 2025-03-11 14:41:25,886 call_r_plant Inserted new plant: 63118
INFO 2025-03-11 14:41:26,223 call_r_plant Inserted new plant: 1994
INFO 2025-03-11 14:41:26,562 call_r_plant Inserted new plant: 58929
INFO 2025-03-11 14:41:26,918 call_r_plant Inserted new plant: 60971
INFO 2025-03-11 14:41:27,245 call_r_plant Inserted new plant: 56459
INFO 2025-03-11 14:41:27,582 call_r_plant Inserted new plant: 56587
INFO 2025-03-11 14:41:27,934 call_r_plant Inserted new plant: 7844
INFO 2025-03-11 14:41:28,257 call_r_plant Inserted new plant: 56002
INFO 2025-03-11 14:41:28,612 call_r_plant Inserted new plant: 61586
INFO 2025-03-11 14:41:28,941 call_r_plant Inserted new plant: 61870
INFO 2025-03-11 14:41:29,276 call_r_plant Inserted new plant: 61456
INFO 2025-03-11 14:41:29,605 call_r_plant Inserted new plant: 1922
INFO 2025-03-11 14:41:29,936 call_r_plant Inserted new plant: 62105
INFO 2025-03-11 14:41:30,278 call_r_plant Inserted new plant: 60529
INFO 2025-03-11 14:41:30,620 call_r_plant Inserted new plant: 7855
INFO 2025-03-11 14:41:31,247 call_r_plant Inserted new plant: 1996
INFO 2025-03-11 14:41:31,584 call_r_plant Inserted new plant: 1997
INFO 2025-03-11 14:41:31,923 call_r_plant Inserted new plant: 56794
INFO 2025-03-11 14:41:32,252 call_r_plant Inserted new plant: 56174
INFO 2025-03-11 14:41:32,588 call_r_plant Inserted new plant: 60942
INFO 2025-03-11 14:41:32,922 call_r_plant Inserted new plant: 1998
INFO 2025-03-11 14:41:33,269 call_r_plant Inserted new plant: 56424
INFO 2025-03-11 14:41:33,614 call_r_plant Inserted new plant: 63427
INFO 2025-03-11 14:41:33,959 call_r_plant Inserted new plant: 62030
INFO 2025-03-11 14:41:34,307 call_r_plant Inserted new plant: 62031
INFO 2025-03-11 14:41:34,637 call_r_plant Inserted new plant: 62032
INFO 2025-03-11 14:41:34,972 call_r_plant Inserted new plant: 60958
INFO 2025-03-11 14:41:35,311 call_r_plant Inserted new plant: 61571
INFO 2025-03-11 14:41:35,643 call_r_plant Inserted new plant: 63402
INFO 2025-03-11 14:41:35,971 call_r_plant Inserted new plant: 1999
INFO 2025-03-11 14:41:36,299 call_r_plant Inserted new plant: 2001
INFO 2025-03-11 14:41:36,631 call_r_plant Inserted new plant: 63120
INFO 2025-03-11 14:41:36,967 call_r_plant Inserted new plant: 63938
INFO 2025-03-11 14:41:37,301 call_r_plant Inserted new plant: 55782
INFO 2025-03-11 14:41:37,643 call_r_plant Inserted new plant: 62364
INFO 2025-03-11 14:41:37,997 call_r_plant Inserted new plant: 57047
INFO 2025-03-11 14:41:38,327 call_r_plant Inserted new plant: 2002
INFO 2025-03-11 14:41:38,665 call_r_plant Inserted new plant: 59852
INFO 2025-03-11 14:41:38,987 call_r_plant Inserted new plant: 56411
INFO 2025-03-11 14:41:39,322 call_r_plant Inserted new plant: 65714
INFO 2025-03-11 14:41:39,647 call_r_plant Inserted new plant: 60717
INFO 2025-03-11 14:41:39,975 call_r_plant Inserted new plant: 61451
INFO 2025-03-11 14:41:40,304 call_r_plant Inserted new plant: 62708
INFO 2025-03-11 14:41:40,630 call_r_plant Inserted new plant: 10849
INFO 2025-03-11 14:41:40,972 call_r_plant Inserted new plant: 61060
INFO 2025-03-11 14:41:41,299 call_r_plant Inserted new plant: 63004
INFO 2025-03-11 14:41:41,627 call_r_plant Inserted new plant: 63010
INFO 2025-03-11 14:41:41,951 call_r_plant Inserted new plant: 62961
INFO 2025-03-11 14:41:42,290 call_r_plant Inserted new plant: 62985
INFO 2025-03-11 14:41:42,624 call_r_plant Inserted new plant: 64485
INFO 2025-03-11 14:41:42,963 call_r_plant Inserted new plant: 64486
INFO 2025-03-11 14:41:43,295 call_r_plant Inserted new plant: 62979
INFO 2025-03-11 14:41:43,622 call_r_plant Inserted new plant: 63247
INFO 2025-03-11 14:41:43,956 call_r_plant Inserted new plant: 64488
INFO 2025-03-11 14:41:44,296 call_r_plant Inserted new plant: 63005
INFO 2025-03-11 14:41:44,631 call_r_plant Inserted new plant: 64479
INFO 2025-03-11 14:41:44,967 call_r_plant Inserted new plant: 62966
INFO 2025-03-11 14:41:45,298 call_r_plant Inserted new plant: 62967
INFO 2025-03-11 14:41:45,626 call_r_plant Inserted new plant: 62963
INFO 2025-03-11 14:41:45,958 call_r_plant Inserted new plant: 64487
INFO 2025-03-11 14:41:46,284 call_r_plant Inserted new plant: 62984
INFO 2025-03-11 14:41:46,607 call_r_plant Inserted new plant: 62986
INFO 2025-03-11 14:41:46,938 call_r_plant Inserted new plant: 63007
INFO 2025-03-11 14:41:47,272 call_r_plant Inserted new plant: 63987
INFO 2025-03-11 14:41:47,604 call_r_plant Inserted new plant: 62779
INFO 2025-03-11 14:41:47,938 call_r_plant Inserted new plant: 64153
INFO 2025-03-11 14:41:48,265 call_r_plant Inserted new plant: 61059
INFO 2025-03-11 14:41:48,603 call_r_plant Inserted new plant: 62983
INFO 2025-03-11 14:41:48,928 call_r_plant Inserted new plant: 63009
INFO 2025-03-11 14:41:49,261 call_r_plant Inserted new plant: 62962
INFO 2025-03-11 14:41:49,588 call_r_plant Inserted new plant: 62982
INFO 2025-03-11 14:41:49,915 call_r_plant Inserted new plant: 64484
INFO 2025-03-11 14:41:50,262 call_r_plant Inserted new plant: 64154
INFO 2025-03-11 14:41:50,589 call_r_plant Inserted new plant: 64482
INFO 2025-03-11 14:41:50,918 call_r_plant Inserted new plant: 64563
INFO 2025-03-11 14:41:51,253 call_r_plant Inserted new plant: 64483
INFO 2025-03-11 14:41:51,582 call_r_plant Inserted new plant: 63249
INFO 2025-03-11 14:41:51,919 call_r_plant Inserted new plant: 63008
INFO 2025-03-11 14:41:52,248 call_r_plant Inserted new plant: 57281
INFO 2025-03-11 14:41:52,574 call_r_plant Inserted new plant: 57432
INFO 2025-03-11 14:41:52,902 call_r_plant Inserted new plant: 58657
INFO 2025-03-11 14:41:53,248 call_r_plant Inserted new plant: 56755
INFO 2025-03-11 14:41:53,584 call_r_plant Inserted new plant: 63401
INFO 2025-03-11 14:41:53,918 call_r_plant Inserted new plant: 50413
INFO 2025-03-11 14:41:54,290 call_r_plant Inserted new plant: 60716
INFO 2025-03-11 14:41:54,619 call_r_plant Inserted new plant: 2003
INFO 2025-03-11 14:41:54,949 call_r_plant Inserted new plant: 60254
INFO 2025-03-11 14:41:55,296 call_r_plant Inserted new plant: 58197
INFO 2025-03-11 14:41:55,627 call_r_plant Inserted new plant: 64503
INFO 2025-03-11 14:41:55,980 call_r_plant Inserted new plant: 62291
INFO 2025-03-11 14:41:56,316 call_r_plant Inserted new plant: 63678
INFO 2025-03-11 14:41:56,646 call_r_plant Inserted new plant: 63596
INFO 2025-03-11 14:41:56,983 call_r_plant Inserted new plant: 60715
INFO 2025-03-11 14:41:57,322 call_r_plant Inserted new plant: 60530
INFO 2025-03-11 14:41:57,649 call_r_plant Inserted new plant: 61175
INFO 2025-03-11 14:41:57,979 call_r_plant Inserted new plant: 66577
INFO 2025-03-11 14:41:58,313 call_r_plant Inserted new plant: 65223
INFO 2025-03-11 14:41:58,639 call_r_plant Inserted new plant: 1898
INFO 2025-03-11 14:41:59,041 call_r_plant Inserted new plant: 60531
INFO 2025-03-11 14:41:59,418 call_r_plant Inserted new plant: 60835
INFO 2025-03-11 14:41:59,746 call_r_plant Inserted new plant: 63726
INFO 2025-03-11 14:42:00,070 call_r_plant Inserted new plant: 66480
INFO 2025-03-11 14:42:00,408 call_r_plant Inserted new plant: 66479
INFO 2025-03-11 14:42:00,741 call_r_plant Inserted new plant: 63597
INFO 2025-03-11 14:42:01,081 call_r_plant Inserted new plant: 66015
INFO 2025-03-11 14:42:01,405 call_r_plant Inserted new plant: 7843
INFO 2025-03-11 14:42:01,736 call_r_plant Inserted new plant: 59201
INFO 2025-03-11 14:42:02,057 call_r_plant Inserted new plant: 61542
INFO 2025-03-11 14:42:02,394 call_r_plant Inserted new plant: 61500
INFO 2025-03-11 14:42:02,729 call_r_plant Inserted new plant: 1925
INFO 2025-03-11 14:42:03,058 call_r_plant Inserted new plant: 378
INFO 2025-03-11 14:42:03,399 call_r_plant Inserted new plant: 57644
INFO 2025-03-11 14:42:03,738 call_r_plant Inserted new plant: 56494
INFO 2025-03-11 14:42:04,072 call_r_plant Inserted new plant: 63176
INFO 2025-03-11 14:42:04,426 call_r_plant Inserted new plant: 2004
INFO 2025-03-11 14:42:04,789 call_r_plant Inserted new plant: 63314
INFO 2025-03-11 14:42:05,122 call_r_plant Inserted new plant: 2005
INFO 2025-03-11 14:42:05,466 call_r_plant Inserted new plant: 64130
INFO 2025-03-11 14:42:05,794 call_r_plant Inserted new plant: 63816
INFO 2025-03-11 14:42:06,126 call_r_plant Inserted new plant: 61504
INFO 2025-03-11 14:42:06,456 call_r_plant Inserted new plant: 61670
INFO 2025-03-11 14:42:06,798 call_r_plant Inserted new plant: 66084
INFO 2025-03-11 14:42:07,128 call_r_plant Inserted new plant: 62209
INFO 2025-03-11 14:42:07,456 call_r_plant Inserted new plant: 52054
INFO 2025-03-11 14:42:07,783 call_r_plant Inserted new plant: 10686
INFO 2025-03-11 14:42:08,115 call_r_plant Inserted new plant: 63689
INFO 2025-03-11 14:42:08,457 call_r_plant Inserted new plant: 60962
INFO 2025-03-11 14:42:08,786 call_r_plant Inserted new plant: 61357
INFO 2025-03-11 14:42:09,120 call_r_plant Inserted new plant: 1926
INFO 2025-03-11 14:42:09,455 call_r_plant Inserted new plant: 60796
INFO 2025-03-11 14:42:09,784 call_r_plant Inserted new plant: 2009
INFO 2025-03-11 14:42:10,110 call_r_plant Inserted new plant: 56414
INFO 2025-03-11 14:42:10,432 call_r_plant Inserted new plant: 61383
INFO 2025-03-11 14:42:10,757 call_r_plant Inserted new plant: 64480
INFO 2025-03-11 14:42:11,097 call_r_plant Inserted new plant: 61427
INFO 2025-03-11 14:42:11,427 call_r_plant Inserted new plant: 57386
INFO 2025-03-11 14:42:11,768 call_r_plant Inserted new plant: 1927
INFO 2025-03-11 14:42:12,101 call_r_plant Inserted new plant: 63480
INFO 2025-03-11 14:42:12,432 call_r_plant Inserted new plant: 2007
INFO 2025-03-11 14:42:12,773 call_r_plant Inserted new plant: 65713
INFO 2025-03-11 14:42:13,099 call_r_plant Inserted new plant: 63460
INFO 2025-03-11 14:42:13,432 call_r_plant Inserted new plant: 6741
INFO 2025-03-11 14:42:13,762 call_r_plant Inserted new plant: 62037
INFO 2025-03-11 14:42:14,086 call_r_plant Inserted new plant: 60714
INFO 2025-03-11 14:42:14,446 call_r_plant Inserted new plant: 64932
INFO 2025-03-11 14:42:14,778 call_r_plant Inserted new plant: 55571
INFO 2025-03-11 14:42:15,106 call_r_plant Inserted new plant: 56208
INFO 2025-03-11 14:42:15,431 call_r_plant Inserted new plant: 57665
INFO 2025-03-11 14:42:15,766 call_r_plant Inserted new plant: 57903
INFO 2025-03-11 14:42:16,109 call_r_plant Inserted new plant: 63178
INFO 2025-03-11 14:42:16,448 call_r_plant Inserted new plant: 63598
INFO 2025-03-11 14:42:16,780 call_r_plant Inserted new plant: 61708
INFO 2025-03-11 14:42:17,118 call_r_plant Inserted new plant: 54262
INFO 2025-03-11 14:42:17,444 call_r_plant Inserted new plant: 64708
INFO 2025-03-11 14:42:17,781 call_r_plant Inserted new plant: 50639
INFO 2025-03-11 14:42:18,115 call_r_plant Inserted new plant: 50252
INFO 2025-03-11 14:42:18,453 call_r_plant Inserted new plant: 62036
INFO 2025-03-11 14:42:18,784 call_r_plant Inserted new plant: 61585
INFO 2025-03-11 14:42:19,142 call_r_plant Inserted new plant: 61669
INFO 2025-03-11 14:42:19,469 call_r_plant Inserted new plant: 1899
INFO 2025-03-11 14:42:19,799 call_r_plant Inserted new plant: 61516
INFO 2025-03-11 14:42:20,168 call_r_plant Inserted new plant: 63658
INFO 2025-03-11 14:42:20,499 call_r_plant Inserted new plant: 64413
INFO 2025-03-11 14:42:20,846 call_r_plant Inserted new plant: 62088
INFO 2025-03-11 14:42:21,189 call_r_plant Inserted new plant: 63177
INFO 2025-03-11 14:42:21,513 call_r_plant Inserted new plant: 63934
INFO 2025-03-11 14:42:21,852 call_r_plant Inserted new plant: 60647
INFO 2025-03-11 14:42:22,185 call_r_plant Inserted new plant: 60919
INFO 2025-03-11 14:42:22,518 call_r_plant Inserted new plant: 56577
INFO 2025-03-11 14:42:22,851 call_r_plant Inserted new plant: 55354
INFO 2025-03-11 14:42:23,193 call_r_plant Inserted new plant: 61672
INFO 2025-03-11 14:42:23,525 call_r_plant Inserted new plant: 63122
INFO 2025-03-11 14:42:23,865 call_r_plant Inserted new plant: 6090
INFO 2025-03-11 14:42:24,223 call_r_plant Inserted new plant: 61762
INFO 2025-03-11 14:42:24,549 call_r_plant Inserted new plant: 63657
INFO 2025-03-11 14:42:24,874 call_r_plant Inserted new plant: 63936
INFO 2025-03-11 14:42:25,195 call_r_plant Inserted new plant: 66016
INFO 2025-03-11 14:42:25,530 call_r_plant Inserted new plant: 58164
INFO 2025-03-11 14:42:25,872 call_r_plant Inserted new plant: 2011
INFO 2025-03-11 14:42:26,194 call_r_plant Inserted new plant: 63791
INFO 2025-03-11 14:42:26,524 call_r_plant Inserted new plant: 67331
INFO 2025-03-11 14:42:26,852 call_r_plant Inserted new plant: 65448
INFO 2025-03-11 14:42:27,192 call_r_plant Inserted new plant: 65449
INFO 2025-03-11 14:42:27,520 call_r_plant Inserted new plant: 65451
INFO 2025-03-11 14:42:27,851 call_r_plant Inserted new plant: 65452
INFO 2025-03-11 14:42:28,179 call_r_plant Inserted new plant: 65453
INFO 2025-03-11 14:42:28,514 call_r_plant Inserted new plant: 65455
INFO 2025-03-11 14:42:28,847 call_r_plant Inserted new plant: 55570
INFO 2025-03-11 14:42:29,195 call_r_plant Inserted new plant: 7947
INFO 2025-03-11 14:42:29,646 call_r_plant Inserted new plant: 58691
INFO 2025-03-11 14:42:30,089 call_r_plant Inserted new plant: 65989
INFO 2025-03-11 14:42:30,447 call_r_plant Inserted new plant: 7982
INFO 2025-03-11 14:42:30,783 call_r_plant Inserted new plant: 57966
INFO 2025-03-11 14:42:31,109 call_r_plant Inserted new plant: 54533
INFO 2025-03-11 14:42:31,439 call_r_plant Inserted new plant: 55569
INFO 2025-03-11 14:42:31,760 call_r_plant Inserted new plant: 60943
INFO 2025-03-11 14:42:32,129 call_r_plant Inserted new plant: 2013
INFO 2025-03-11 14:42:32,463 call_r_plant Inserted new plant: 2012
INFO 2025-03-11 14:42:32,794 call_r_plant Inserted new plant: 57017
INFO 2025-03-11 14:42:33,136 call_r_plant Inserted new plant: 1929
INFO 2025-03-11 14:42:33,468 call_r_plant Inserted new plant: 56643
INFO 2025-03-11 14:42:33,793 call_r_plant Inserted new plant: 6824
INFO 2025-03-11 14:42:34,121 call_r_plant Inserted new plant: 56100
INFO 2025-03-11 14:42:34,464 call_r_plant Inserted new plant: 62869
INFO 2025-03-11 14:42:34,794 call_r_plant Inserted new plant: 64242
INFO 2025-03-11 14:42:35,132 call_r_plant Inserted new plant: 61384
INFO 2025-03-11 14:42:35,464 call_r_plant Inserted new plant: 58996
INFO 2025-03-11 14:42:35,803 call_r_plant Inserted new plant: 58995
INFO 2025-03-11 14:42:36,131 call_r_plant Inserted new plant: 59709
INFO 2025-03-11 14:42:36,462 call_r_plant Inserted new plant: 56409
INFO 2025-03-11 14:42:36,791 call_r_plant Inserted new plant: 63395
INFO 2025-03-11 14:42:37,119 call_r_plant Inserted new plant: 63121
INFO 2025-03-11 14:42:37,484 call_r_plant Inserted new plant: 63400
INFO 2025-03-11 14:42:37,813 call_r_plant Inserted new plant: 56245
INFO 2025-03-11 14:42:38,157 call_r_plant Inserted new plant: 63794
INFO 2025-03-11 14:42:38,494 call_r_plant Inserted new plant: 63599
INFO 2025-03-11 14:42:38,821 call_r_plant Inserted new plant: 64930
INFO 2025-03-11 14:42:39,151 call_r_plant Inserted new plant: 62269
INFO 2025-03-11 14:42:39,477 call_r_plant Inserted new plant: 63424
INFO 2025-03-11 14:42:39,814 call_r_plant Inserted new plant: 63367
INFO 2025-03-11 14:42:40,142 call_r_plant Inserted new plant: 63793
INFO 2025-03-11 14:42:40,477 call_r_plant Inserted new plant: 66579
INFO 2025-03-11 14:42:40,828 call_r_plant Inserted new plant: 55562
INFO 2025-03-11 14:42:41,158 call_r_plant Inserted new plant: 61478
INFO 2025-03-11 14:42:41,485 call_r_plant Inserted new plant: 61485
INFO 2025-03-11 14:42:41,817 call_r_plant Inserted new plant: 60713
INFO 2025-03-11 14:42:42,159 call_r_plant Inserted new plant: 56586
INFO 2025-03-11 14:42:42,493 call_r_plant Inserted new plant: 63792
INFO 2025-03-11 14:42:42,844 call_r_plant Inserted new plant: 64697
INFO 2025-03-11 14:42:43,200 call_r_plant Inserted new plant: 1900
INFO 2025-03-11 14:42:43,527 call_r_plant Inserted new plant: 66683
INFO 2025-03-11 14:42:43,856 call_r_plant Inserted new plant: 61980
INFO 2025-03-11 14:42:44,221 call_r_plant Inserted new plant: 62053
INFO 2025-03-11 14:42:44,549 call_r_plant Inserted new plant: 61979
INFO 2025-03-11 14:42:44,874 call_r_plant Inserted new plant: 64056
INFO 2025-03-11 14:42:45,202 call_r_plant Inserted new plant: 56199
INFO 2025-03-11 14:42:45,559 call_r_plant Inserted new plant: 10075
INFO 2025-03-11 14:42:45,887 call_r_plant Inserted new plant: 56630
INFO 2025-03-11 14:42:46,221 call_r_plant Inserted new plant: 61680
INFO 2025-03-11 14:42:46,549 call_r_plant Inserted new plant: 61174
INFO 2025-03-11 14:42:46,885 call_r_plant Inserted new plant: 61428
INFO 2025-03-11 14:42:47,214 call_r_plant Inserted new plant: 2014
INFO 2025-03-11 14:42:47,553 call_r_plant Inserted new plant: 1901
INFO 2025-03-11 14:42:47,889 call_r_plant Inserted new plant: 55133
INFO 2025-03-11 14:42:48,218 call_r_plant Inserted new plant: 57207
INFO 2025-03-11 14:42:48,547 call_r_plant Inserted new plant: 57208
INFO 2025-03-11 14:42:48,874 call_r_plant Inserted new plant: 62098
INFO 2025-03-11 14:42:49,207 call_r_plant Inserted new plant: 65974
INFO 2025-03-11 14:42:49,535 call_r_plant Inserted new plant: 66004
INFO 2025-03-11 14:42:49,866 call_r_plant Inserted new plant: 56202
INFO 2025-03-11 14:42:50,203 call_r_plant Inserted new plant: 56296
INFO 2025-03-11 14:42:50,529 call_r_plant Inserted new plant: 2015
INFO 2025-03-11 14:42:50,852 call_r_plant Inserted new plant: 55561
INFO 2025-03-11 14:42:51,186 call_r_plant Inserted new plant: 64099
INFO 2025-03-11 14:42:51,522 call_r_plant Inserted new plant: 57069
INFO 2025-03-11 14:42:51,858 call_r_plant Inserted new plant: 55568
INFO 2025-03-11 14:42:52,199 call_r_plant Inserted new plant: 57732
INFO 2025-03-11 14:42:52,536 call_r_plant Inserted new plant: 63160
INFO 2025-03-11 14:42:52,864 call_r_plant Inserted new plant: 63216
INFO 2025-03-11 14:42:53,204 call_r_plant Inserted new plant: 61997
INFO 2025-03-11 14:42:53,564 call_r_plant Inserted new plant: 63741
INFO 2025-03-11 14:42:53,903 call_r_plant Inserted new plant: 62049
INFO 2025-03-11 14:42:54,277 call_r_plant Inserted new plant: 63153
INFO 2025-03-11 14:42:54,610 call_r_plant Inserted new plant: 63166
INFO 2025-03-11 14:42:54,948 call_r_plant Inserted new plant: 65440
INFO 2025-03-11 14:42:55,276 call_r_plant Inserted new plant: 62335
INFO 2025-03-11 14:42:55,602 call_r_plant Inserted new plant: 63171
INFO 2025-03-11 14:42:55,929 call_r_plant Inserted new plant: 63145
INFO 2025-03-11 14:42:56,279 call_r_plant Inserted new plant: 63152
INFO 2025-03-11 14:42:56,610 call_r_plant Inserted new plant: 66435
INFO 2025-03-11 14:42:56,941 call_r_plant Inserted new plant: 63158
INFO 2025-03-11 14:42:57,267 call_r_plant Inserted new plant: 62360
INFO 2025-03-11 14:42:57,599 call_r_plant Inserted new plant: 64871
INFO 2025-03-11 14:42:57,928 call_r_plant Inserted new plant: 63215
INFO 2025-03-11 14:42:58,258 call_r_plant Inserted new plant: 65991
INFO 2025-03-11 14:42:58,584 call_r_plant Inserted new plant: 62048
INFO 2025-03-11 14:42:58,914 call_r_plant Inserted new plant: 62359
INFO 2025-03-11 14:42:59,293 call_r_plant Inserted new plant: 66433
INFO 2025-03-11 14:42:59,622 call_r_plant Inserted new plant: 63159
INFO 2025-03-11 14:42:59,953 call_r_plant Inserted new plant: 64987
INFO 2025-03-11 14:43:00,284 call_r_plant Inserted new plant: 65439
INFO 2025-03-11 14:43:00,623 call_r_plant Inserted new plant: 65986
INFO 2025-03-11 14:43:00,955 call_r_plant Inserted new plant: 61998
INFO 2025-03-11 14:43:01,281 call_r_plant Inserted new plant: 63143
INFO 2025-03-11 14:43:01,609 call_r_plant Inserted new plant: 63167
INFO 2025-03-11 14:43:01,939 call_r_plant Inserted new plant: 63138
INFO 2025-03-11 14:43:02,279 call_r_plant Inserted new plant: 63154
INFO 2025-03-11 14:43:02,622 call_r_plant Inserted new plant: 63155
INFO 2025-03-11 14:43:02,956 call_r_plant Inserted new plant: 63744
INFO 2025-03-11 14:43:03,281 call_r_plant Inserted new plant: 65441
INFO 2025-03-11 14:43:03,621 call_r_plant Inserted new plant: 63156
INFO 2025-03-11 14:43:03,950 call_r_plant Inserted new plant: 62047
INFO 2025-03-11 14:43:04,295 call_r_plant Inserted new plant: 66969
INFO 2025-03-11 14:43:04,623 call_r_plant Inserted new plant: 63169
INFO 2025-03-11 14:43:04,954 call_r_plant Inserted new plant: 61999
INFO 2025-03-11 14:43:05,285 call_r_plant Inserted new plant: 63170
INFO 2025-03-11 14:43:05,621 call_r_plant Inserted new plant: 62358
INFO 2025-03-11 14:43:05,948 call_r_plant Inserted new plant: 62339
INFO 2025-03-11 14:43:06,281 call_r_plant Inserted new plant: 62337
INFO 2025-03-11 14:43:06,611 call_r_plant Inserted new plant: 66970
INFO 2025-03-11 14:43:06,941 call_r_plant Inserted new plant: 63144
INFO 2025-03-11 14:43:07,272 call_r_plant Inserted new plant: 65442
INFO 2025-03-11 14:43:07,600 call_r_plant Inserted new plant: 63146
INFO 2025-03-11 14:43:07,934 call_r_plant Inserted new plant: 63142
INFO 2025-03-11 14:43:08,265 call_r_plant Inserted new plant: 63147
INFO 2025-03-11 14:43:08,596 call_r_plant Inserted new plant: 62046
INFO 2025-03-11 14:43:08,929 call_r_plant Inserted new plant: 62045
INFO 2025-03-11 14:43:09,256 call_r_plant Inserted new plant: 65276
INFO 2025-03-11 14:43:09,581 call_r_plant Inserted new plant: 63168
INFO 2025-03-11 14:43:09,913 call_r_plant Inserted new plant: 64988
INFO 2025-03-11 14:43:10,255 call_r_plant Inserted new plant: 64870
INFO 2025-03-11 14:43:10,586 call_r_plant Inserted new plant: 63165
INFO 2025-03-11 14:43:10,918 call_r_plant Inserted new plant: 66971
INFO 2025-03-11 14:43:11,252 call_r_plant Inserted new plant: 62000
INFO 2025-03-11 14:43:11,575 call_r_plant Inserted new plant: 64989
INFO 2025-03-11 14:43:11,921 call_r_plant Inserted new plant: 62044
INFO 2025-03-11 14:43:12,259 call_r_plant Inserted new plant: 62042
INFO 2025-03-11 14:43:12,606 call_r_plant Inserted new plant: 63151
INFO 2025-03-11 14:43:12,936 call_r_plant Inserted new plant: 63743
INFO 2025-03-11 14:43:13,281 call_r_plant Inserted new plant: 63221
INFO 2025-03-11 14:43:13,614 call_r_plant Inserted new plant: 63141
INFO 2025-03-11 14:43:13,949 call_r_plant Inserted new plant: 63148
INFO 2025-03-11 14:43:14,285 call_r_plant Inserted new plant: 65444
INFO 2025-03-11 14:43:14,613 call_r_plant Inserted new plant: 63157
INFO 2025-03-11 14:43:14,942 call_r_plant Inserted new plant: 63742
INFO 2025-03-11 14:43:15,285 call_r_plant Inserted new plant: 63220
INFO 2025-03-11 14:43:15,629 call_r_plant Inserted new plant: 63219
INFO 2025-03-11 14:43:15,961 call_r_plant Inserted new plant: 63218
INFO 2025-03-11 14:43:16,293 call_r_plant Inserted new plant: 62336
INFO 2025-03-11 14:43:16,631 call_r_plant Inserted new plant: 65443
INFO 2025-03-11 14:43:16,962 call_r_plant Inserted new plant: 63140
INFO 2025-03-11 14:43:17,288 call_r_plant Inserted new plant: 63139
INFO 2025-03-11 14:43:17,621 call_r_plant Inserted new plant: 64866
INFO 2025-03-11 14:43:17,954 call_r_plant Inserted new plant: 65992
INFO 2025-03-11 14:43:18,285 call_r_plant Inserted new plant: 65993
INFO 2025-03-11 14:43:18,621 call_r_plant Inserted new plant: 57351
INFO 2025-03-11 14:43:18,953 call_r_plant Inserted new plant: 63939
INFO 2025-03-11 14:43:19,281 call_r_plant Inserted new plant: 59197
INFO 2025-03-11 14:43:19,609 call_r_plant Inserted new plant: 60712
INFO 2025-03-11 14:43:19,941 call_r_plant Inserted new plant: 57434
INFO 2025-03-11 14:43:20,266 call_r_plant Inserted new plant: 60944
INFO 2025-03-11 14:43:20,593 call_r_plant Inserted new plant: 63406
INFO 2025-03-11 14:43:20,926 call_r_plant Inserted new plant: 61570
INFO 2025-03-11 14:43:21,278 call_r_plant Inserted new plant: 57823
INFO 2025-03-11 14:43:21,603 call_r_plant Inserted new plant: 60838
INFO 2025-03-11 14:43:21,931 call_r_plant Inserted new plant: 62800
INFO 2025-03-11 14:43:22,259 call_r_plant Inserted new plant: 60694
INFO 2025-03-11 14:43:22,598 call_r_plant Inserted new plant: 62707
INFO 2025-03-11 14:43:22,933 call_r_plant Inserted new plant: 65764
INFO 2025-03-11 14:43:23,266 call_r_plant Inserted new plant: 56876
INFO 2025-03-11 14:43:23,596 call_r_plant Inserted new plant: 62709
INFO 2025-03-11 14:43:23,932 call_r_plant Inserted new plant: 60532
INFO 2025-03-11 14:43:24,279 call_r_plant Inserted new plant: 61142
INFO 2025-03-11 14:43:24,612 call_r_plant Inserted new plant: 58617
INFO 2025-03-11 14:43:24,946 call_r_plant Inserted new plant: 61452
INFO 2025-03-11 14:43:25,279 call_r_plant Inserted new plant: 61627
INFO 2025-03-11 14:43:25,610 call_r_plant Inserted new plant: 61587
INFO 2025-03-11 14:43:25,946 call_r_plant Inserted new plant: 60830
INFO 2025-03-11 14:43:26,279 call_r_plant Inserted new plant: 57248
INFO 2025-03-11 14:43:26,604 call_r_plant Inserted new plant: 2020
INFO 2025-03-11 14:43:26,937 call_r_plant Inserted new plant: 60533
INFO 2025-03-11 14:43:27,274 call_r_plant Inserted new plant: 54294
INFO 2025-03-11 14:43:27,622 call_r_plant Inserted new plant: 56247
INFO 2025-03-11 14:43:27,956 call_r_plant Inserted new plant: 60534
INFO 2025-03-11 14:43:28,286 call_r_plant Inserted new plant: 2021
INFO 2025-03-11 14:43:28,616 call_r_plant Inserted new plant: 63307
INFO 2025-03-11 14:43:28,976 call_r_plant Inserted new plant: 56203
INFO 2025-03-11 14:43:29,305 call_r_plant Inserted new plant: 60564
INFO 2025-03-11 14:43:29,635 call_r_plant Inserted new plant: 66422
INFO 2025-03-11 14:43:29,971 call_r_plant Inserted new plant: 2022
INFO 2025-03-11 14:43:30,302 call_r_plant Inserted new plant: 57034
INFO 2025-03-11 14:43:30,640 call_r_plant Inserted new plant: 57035
INFO 2025-03-11 14:43:30,972 call_r_plant Inserted new plant: 1934
INFO 2025-03-11 14:43:31,301 call_r_plant Inserted new plant: 56205
INFO 2025-03-11 14:43:31,638 call_r_plant Inserted new plant: 2023
INFO 2025-03-11 14:43:31,962 call_r_plant Inserted new plant: 56544
INFO 2025-03-11 14:43:32,311 call_r_plant Inserted new plant: 62193
INFO 2025-03-11 14:43:32,641 call_r_plant Inserted new plant: 63532
INFO 2025-03-11 14:43:32,993 call_r_plant Inserted new plant: 57547
INFO 2025-03-11 14:43:33,318 call_r_plant Inserted new plant: 66580
INFO 2025-03-11 14:43:33,649 call_r_plant Inserted new plant: 62799
INFO 2025-03-11 14:43:33,986 call_r_plant Inserted new plant: 55567
INFO 2025-03-11 14:43:34,340 call_r_plant Inserted new plant: 1902
INFO 2025-03-11 14:43:34,672 call_r_plant Inserted new plant: 56589
INFO 2025-03-11 14:43:35,009 call_r_plant Inserted new plant: 63454
INFO 2025-03-11 14:43:35,335 call_r_plant Inserted new plant: 66554
INFO 2025-03-11 14:43:35,670 call_r_plant Inserted new plant: 63231
INFO 2025-03-11 14:43:36,031 call_r_plant Inserted new plant: 55342
INFO 2025-03-11 14:43:36,387 call_r_plant Inserted new plant: 2024
INFO 2025-03-11 14:43:36,719 call_r_plant Inserted new plant: 61494
INFO 2025-03-11 14:43:37,046 call_r_plant Inserted new plant: 62365
INFO 2025-03-11 14:43:37,370 call_r_plant Inserted new plant: 61547
INFO 2025-03-11 14:43:37,696 call_r_plant Inserted new plant: 61486
INFO 2025-03-11 14:43:38,025 call_r_plant Inserted new plant: 61574
INFO 2025-03-11 14:43:38,353 call_r_plant Inserted new plant: 63426
INFO 2025-03-11 14:43:38,694 call_r_plant Inserted new plant: 56896
INFO 2025-03-11 14:43:39,022 call_r_plant Inserted new plant: 10430
INFO 2025-03-11 14:43:39,350 call_r_plant Inserted new plant: 63574
INFO 2025-03-11 14:43:39,690 call_r_plant Inserted new plant: 55234
INFO 2025-03-11 14:43:40,021 call_r_plant Inserted new plant: 59310
INFO 2025-03-11 14:43:40,347 call_r_plant Inserted new plant: 56555
INFO 2025-03-11 14:43:40,712 call_r_plant Inserted new plant: 2115
INFO 2025-03-11 14:43:41,043 call_r_plant Inserted new plant: 58959
INFO 2025-03-11 14:43:41,375 call_r_plant Inserted new plant: 6153
INFO 2025-03-11 14:43:41,699 call_r_plant Inserted new plant: 66159
INFO 2025-03-11 14:43:42,047 call_r_plant Inserted new plant: 2120
INFO 2025-03-11 14:43:42,382 call_r_plant Inserted new plant: 2121
INFO 2025-03-11 14:43:42,714 call_r_plant Inserted new plant: 2122
INFO 2025-03-11 14:43:43,043 call_r_plant Inserted new plant: 61223
INFO 2025-03-11 14:43:43,409 call_r_plant Inserted new plant: 59664
INFO 2025-03-11 14:43:43,741 call_r_plant Inserted new plant: 6140
INFO 2025-03-11 14:43:44,073 call_r_plant Inserted new plant: 63025
INFO 2025-03-11 14:43:44,455 call_r_plant Inserted new plant: 2123
INFO 2025-03-11 14:43:44,781 call_r_plant Inserted new plant: 55447
INFO 2025-03-11 14:43:45,113 call_r_plant Inserted new plant: 56537
INFO 2025-03-11 14:43:45,448 call_r_plant Inserted new plant: 56536
INFO 2025-03-11 14:43:45,779 call_r_plant Inserted new plant: 61679
INFO 2025-03-11 14:43:46,106 call_r_plant Inserted new plant: 55178
INFO 2025-03-11 14:43:46,466 call_r_plant Inserted new plant: 61566
INFO 2025-03-11 14:43:46,803 call_r_plant Inserted new plant: 56597
INFO 2025-03-11 14:43:47,130 call_r_plant Inserted new plant: 6223
INFO 2025-03-11 14:43:47,459 call_r_plant Inserted new plant: 7749
INFO 2025-03-11 14:43:47,787 call_r_plant Inserted new plant: 2082
INFO 2025-03-11 14:43:48,119 call_r_plant Inserted new plant: 56767
INFO 2025-03-11 14:43:48,451 call_r_plant Inserted new plant: 61450
INFO 2025-03-11 14:43:48,778 call_r_plant Inserted new plant: 2125
INFO 2025-03-11 14:43:49,109 call_r_plant Inserted new plant: 57946
INFO 2025-03-11 14:43:49,439 call_r_plant Inserted new plant: 2126
INFO 2025-03-11 14:43:49,770 call_r_plant Inserted new plant: 2127
INFO 2025-03-11 14:43:50,109 call_r_plant Inserted new plant: 58205
INFO 2025-03-11 14:43:50,439 call_r_plant Inserted new plant: 6074
INFO 2025-03-11 14:43:50,788 call_r_plant Inserted new plant: 6141
INFO 2025-03-11 14:43:51,120 call_r_plant Inserted new plant: 2079
INFO 2025-03-11 14:43:51,480 call_r_plant Inserted new plant: 65296
INFO 2025-03-11 14:43:51,830 call_r_plant Inserted new plant: 2131
INFO 2025-03-11 14:43:52,182 call_r_plant Inserted new plant: 61316
INFO 2025-03-11 14:43:52,517 call_r_plant Inserted new plant: 62563
INFO 2025-03-11 14:43:52,843 call_r_plant Inserted new plant: 7848
INFO 2025-03-11 14:43:53,175 call_r_plant Inserted new plant: 59714
INFO 2025-03-11 14:43:53,513 call_r_plant Inserted new plant: 6065
INFO 2025-03-11 14:43:53,846 call_r_plant Inserted new plant: 61588
INFO 2025-03-11 14:43:54,227 call_r_plant Inserted new plant: 61092
INFO 2025-03-11 14:43:54,554 call_r_plant Inserted new plant: 2137
INFO 2025-03-11 14:43:54,907 call_r_plant Inserted new plant: 2134
INFO 2025-03-11 14:43:55,244 call_r_plant Inserted new plant: 2161
INFO 2025-03-11 14:43:55,576 call_r_plant Inserted new plant: 6195
INFO 2025-03-11 14:43:55,906 call_r_plant Inserted new plant: 59772
INFO 2025-03-11 14:43:56,246 call_r_plant Inserted new plant: 2138
INFO 2025-03-11 14:43:56,586 call_r_plant Inserted new plant: 2139
INFO 2025-03-11 14:43:56,920 call_r_plant Inserted new plant: 62475
INFO 2025-03-11 14:43:57,256 call_r_plant Inserted new plant: 2140
INFO 2025-03-11 14:43:57,582 call_r_plant Inserted new plant: 2103
INFO 2025-03-11 14:43:57,914 call_r_plant Inserted new plant: 2098
INFO 2025-03-11 14:43:58,247 call_r_plant Inserted new plant: 61135
INFO 2025-03-11 14:43:58,575 call_r_plant Inserted new plant: 56538
INFO 2025-03-11 14:43:58,906 call_r_plant Inserted new plant: 57189
INFO 2025-03-11 14:43:59,257 call_r_plant Inserted new plant: 62647
INFO 2025-03-11 14:43:59,598 call_r_plant Inserted new plant: 56478
INFO 2025-03-11 14:43:59,941 call_r_plant Inserted new plant: 50969
INFO 2025-03-11 14:44:00,266 call_r_plant Inserted new plant: 2141
INFO 2025-03-11 14:44:00,593 call_r_plant Inserted new plant: 56127
INFO 2025-03-11 14:44:00,924 call_r_plant Inserted new plant: 59729
INFO 2025-03-11 14:44:01,259 call_r_plant Inserted new plant: 2142
INFO 2025-03-11 14:44:01,587 call_r_plant Inserted new plant: 7470
INFO 2025-03-11 14:44:01,920 call_r_plant Inserted new plant: 2144
INFO 2025-03-11 14:44:02,261 call_r_plant Inserted new plant: 60707
INFO 2025-03-11 14:44:02,593 call_r_plant Inserted new plant: 7903
INFO 2025-03-11 14:44:02,931 call_r_plant Inserted new plant: 2145
INFO 2025-03-11 14:44:03,257 call_r_plant Inserted new plant: 6650
INFO 2025-03-11 14:44:03,592 call_r_plant Inserted new plant: 6651
INFO 2025-03-11 14:44:03,936 call_r_plant Inserted new plant: 65726
INFO 2025-03-11 14:44:04,286 call_r_plant Inserted new plant: 6652
INFO 2025-03-11 14:44:04,628 call_r_plant Inserted new plant: 2090
INFO 2025-03-11 14:44:04,980 call_r_plant Inserted new plant: 2167
INFO 2025-03-11 14:44:05,330 call_r_plant Inserted new plant: 2099
INFO 2025-03-11 14:44:05,682 call_r_plant Inserted new plant: 60673
INFO 2025-03-11 14:44:06,020 call_r_plant Inserted new plant: 56404
INFO 2025-03-11 14:44:06,357 call_r_plant Inserted new plant: 7754
INFO 2025-03-11 14:44:06,694 call_r_plant Inserted new plant: 62478
INFO 2025-03-11 14:44:07,032 call_r_plant Inserted new plant: 2081
INFO 2025-03-11 14:44:07,373 call_r_plant Inserted new plant: 61826
INFO 2025-03-11 14:44:07,712 call_r_plant Inserted new plant: 2106
INFO 2025-03-11 14:44:08,067 call_r_plant Inserted new plant: 60672
INFO 2025-03-11 14:44:08,400 call_r_plant Inserted new plant: 56600
INFO 2025-03-11 14:44:08,734 call_r_plant Inserted new plant: 6280
INFO 2025-03-11 14:44:09,066 call_r_plant Inserted new plant: 7964
INFO 2025-03-11 14:44:09,396 call_r_plant Inserted new plant: 7392
INFO 2025-03-11 14:44:09,727 call_r_plant Inserted new plant: 64225
INFO 2025-03-11 14:44:10,069 call_r_plant Inserted new plant: 2092
INFO 2025-03-11 14:44:10,402 call_r_plant Inserted new plant: 64288
INFO 2025-03-11 14:44:10,740 call_r_plant Inserted new plant: 60655
INFO 2025-03-11 14:44:11,079 call_r_plant Inserted new plant: 60705
INFO 2025-03-11 14:44:11,431 call_r_plant Inserted new plant: 6155
INFO 2025-03-11 14:44:11,782 call_r_plant Inserted new plant: 7400
INFO 2025-03-11 14:44:12,122 call_r_plant Inserted new plant: 7405
INFO 2025-03-11 14:44:12,474 call_r_plant Inserted new plant: 7406
INFO 2025-03-11 14:44:12,816 call_r_plant Inserted new plant: 7860
INFO 2025-03-11 14:44:13,159 call_r_plant Inserted new plant: 6768
INFO 2025-03-11 14:44:13,499 call_r_plant Inserted new plant: 2107
INFO 2025-03-11 14:44:13,885 call_r_plant Inserted new plant: 56151
INFO 2025-03-11 14:44:14,235 call_r_plant Inserted new plant: 54858
INFO 2025-03-11 14:44:14,572 call_r_plant Inserted new plant: 59110
INFO 2025-03-11 14:44:14,904 call_r_plant Inserted new plant: 58024
INFO 2025-03-11 14:44:15,239 call_r_plant Inserted new plant: 7604
INFO 2025-03-11 14:44:15,584 call_r_plant Inserted new plant: 8110
INFO 2025-03-11 14:44:15,924 call_r_plant Inserted new plant: 7296
INFO 2025-03-11 14:44:16,262 call_r_plant Inserted new plant: 2135
INFO 2025-03-11 14:44:16,601 call_r_plant Inserted new plant: 2136
INFO 2025-03-11 14:44:16,940 call_r_plant Inserted new plant: 2124
INFO 2025-03-11 14:44:17,292 call_r_plant Inserted new plant: 56126
INFO 2025-03-11 14:44:17,629 call_r_plant Inserted new plant: 56128
INFO 2025-03-11 14:44:17,964 call_r_plant Inserted new plant: 2166
INFO 2025-03-11 14:44:18,299 call_r_plant Inserted new plant: 2108
INFO 2025-03-11 14:44:18,641 call_r_plant Inserted new plant: 2168
INFO 2025-03-11 14:44:19,004 call_r_plant Inserted new plant: 698
INFO 2025-03-11 14:44:19,334 call_r_plant Inserted new plant: 60704
INFO 2025-03-11 14:44:19,679 call_r_plant Inserted new plant: 7935
INFO 2025-03-11 14:44:20,015 call_r_plant Inserted new plant: 56309
INFO 2025-03-11 14:44:20,350 call_r_plant Inserted new plant: 65230
INFO 2025-03-11 14:44:20,686 call_r_plant Inserted new plant: 6563
INFO 2025-03-11 14:44:21,027 call_r_plant Inserted new plant: 2164
INFO 2025-03-11 14:44:21,364 call_r_plant Inserted new plant: 56598
INFO 2025-03-11 14:44:21,703 call_r_plant Inserted new plant: 60706
INFO 2025-03-11 14:44:22,045 call_r_plant Inserted new plant: 64982
INFO 2025-03-11 14:44:22,384 call_r_plant Inserted new plant: 62624
INFO 2025-03-11 14:44:22,728 call_r_plant Inserted new plant: 55694
INFO 2025-03-11 14:44:23,069 call_r_plant Inserted new plant: 55220
INFO 2025-03-11 14:44:23,413 call_r_plant Inserted new plant: 55063
INFO 2025-03-11 14:44:23,755 call_r_plant Inserted new plant: 2050
INFO 2025-03-11 14:44:24,094 call_r_plant Inserted new plant: 2068
INFO 2025-03-11 14:44:24,442 call_r_plant Inserted new plant: 10195
INFO 2025-03-11 14:44:24,779 call_r_plant Inserted new plant: 55197
INFO 2025-03-11 14:44:25,134 call_r_plant Inserted new plant: 2047
INFO 2025-03-11 14:44:25,483 call_r_plant Inserted new plant: 55706
INFO 2025-03-11 14:44:25,826 call_r_plant Inserted new plant: 50184
INFO 2025-03-11 14:44:26,172 call_r_plant Inserted new plant: 55395
INFO 2025-03-11 14:44:26,512 call_r_plant Inserted new plant: 6073
INFO 2025-03-11 14:44:26,845 call_r_plant Inserted new plant: 57037
INFO 2025-03-11 14:44:27,183 call_r_plant Inserted new plant: 66759
INFO 2025-03-11 14:44:27,538 call_r_plant Inserted new plant: 54744
INFO 2025-03-11 14:44:27,873 call_r_plant Inserted new plant: 66592
INFO 2025-03-11 14:44:28,212 call_r_plant Inserted new plant: 54918
INFO 2025-03-11 14:44:28,568 call_r_plant Inserted new plant: 10610
INFO 2025-03-11 14:44:28,909 call_r_plant Inserted new plant: 61927
INFO 2025-03-11 14:44:29,244 call_r_plant Inserted new plant: 8054
INFO 2025-03-11 14:44:29,577 call_r_plant Inserted new plant: 6072
INFO 2025-03-11 14:44:29,989 call_r_plant Inserted new plant: 61208
INFO 2025-03-11 14:44:30,326 call_r_plant Inserted new plant: 60552
INFO 2025-03-11 14:44:30,667 call_r_plant Inserted new plant: 55218
INFO 2025-03-11 14:44:31,001 call_r_plant Inserted new plant: 54100
INFO 2025-03-11 14:44:31,342 call_r_plant Inserted new plant: 7960
INFO 2025-03-11 14:44:31,681 call_r_plant Inserted new plant: 2059
INFO 2025-03-11 14:44:32,021 call_r_plant Inserted new plant: 10233
INFO 2025-03-11 14:44:32,355 call_r_plant Inserted new plant: 65257
INFO 2025-03-11 14:44:32,695 call_r_plant Inserted new plant: 55451
INFO 2025-03-11 14:44:33,045 call_r_plant Inserted new plant: 7719
INFO 2025-03-11 14:44:33,383 call_r_plant Inserted new plant: 62164
INFO 2025-03-11 14:44:33,721 call_r_plant Inserted new plant: 62163
INFO 2025-03-11 14:44:34,057 call_r_plant Inserted new plant: 54203
INFO 2025-03-11 14:44:34,397 call_r_plant Inserted new plant: 2070
INFO 2025-03-11 14:44:34,751 call_r_plant Inserted new plant: 57408
INFO 2025-03-11 14:44:35,086 call_r_plant Inserted new plant: 6061
INFO 2025-03-11 14:44:35,444 call_r_plant Inserted new plant: 55076
INFO 2025-03-11 14:44:35,794 call_r_plant Inserted new plant: 60853
INFO 2025-03-11 14:44:36,129 call_r_plant Inserted new plant: 7988
INFO 2025-03-11 14:44:36,466 call_r_plant Inserted new plant: 55269
INFO 2025-03-11 14:44:36,841 call_r_plant Inserted new plant: 67081
INFO 2025-03-11 14:44:37,207 call_r_plant Inserted new plant: 60306
INFO 2025-03-11 14:44:37,551 call_r_plant Inserted new plant: 60303
INFO 2025-03-11 14:44:37,887 call_r_plant Inserted new plant: 64081
INFO 2025-03-11 14:44:38,230 call_r_plant Inserted new plant: 2048
INFO 2025-03-11 14:44:38,564 call_r_plant Inserted new plant: 7989
INFO 2025-03-11 14:44:38,909 call_r_plant Inserted new plant: 65697
INFO 2025-03-11 14:44:39,246 call_r_plant Inserted new plant: 2049
INFO 2025-03-11 14:44:39,580 call_r_plant Inserted new plant: 2067
INFO 2025-03-11 14:44:39,920 call_r_plant Inserted new plant: 64189
INFO 2025-03-11 14:44:40,278 call_r_plant Inserted new plant: 55866
INFO 2025-03-11 14:44:40,617 call_r_plant Inserted new plant: 6459
INFO 2025-03-11 14:44:41,042 call_r_plant Inserted new plant: 61155
INFO 2025-03-11 14:44:41,400 call_r_plant Inserted new plant: 2181
INFO 2025-03-11 14:44:41,741 call_r_plant Inserted new plant: 61336
INFO 2025-03-11 14:44:42,077 call_r_plant Inserted new plant: 54006
INFO 2025-03-11 14:44:42,420 call_r_plant Inserted new plant: 6400
INFO 2025-03-11 14:44:42,757 call_r_plant Inserted new plant: 65577
INFO 2025-03-11 14:44:43,094 call_r_plant Inserted new plant: 66184
INFO 2025-03-11 14:44:43,435 call_r_plant Inserted new plant: 2182
INFO 2025-03-11 14:44:43,773 call_r_plant Inserted new plant: 6076
INFO 2025-03-11 14:44:44,159 call_r_plant Inserted new plant: 10784
INFO 2025-03-11 14:44:44,512 call_r_plant Inserted new plant: 56606
INFO 2025-03-11 14:44:44,849 call_r_plant Inserted new plant: 56908
INFO 2025-03-11 14:44:45,177 call_r_plant Inserted new plant: 56782
INFO 2025-03-11 14:44:45,512 call_r_plant Inserted new plant: 58966
INFO 2025-03-11 14:44:45,844 call_r_plant Inserted new plant: 64505
INFO 2025-03-11 14:44:46,180 call_r_plant Inserted new plant: 58392
INFO 2025-03-11 14:44:46,530 call_r_plant Inserted new plant: 6623
INFO 2025-03-11 14:44:46,864 call_r_plant Inserted new plant: 2176
INFO 2025-03-11 14:44:47,203 call_r_plant Inserted new plant: 57748
INFO 2025-03-11 14:44:47,548 call_r_plant Inserted new plant: 61335
INFO 2025-03-11 14:44:47,893 call_r_plant Inserted new plant: 61291
INFO 2025-03-11 14:44:48,255 call_r_plant Inserted new plant: 60486
INFO 2025-03-11 14:44:48,587 call_r_plant Inserted new plant: 55749
INFO 2025-03-11 14:44:48,923 call_r_plant Inserted new plant: 2185
INFO 2025-03-11 14:44:49,260 call_r_plant Inserted new plant: 2186
INFO 2025-03-11 14:44:49,601 call_r_plant Inserted new plant: 56591
INFO 2025-03-11 14:44:49,935 call_r_plant Inserted new plant: 2203
INFO 2025-03-11 14:44:50,277 call_r_plant Inserted new plant: 56377
INFO 2025-03-11 14:44:50,617 call_r_plant Inserted new plant: 6089
INFO 2025-03-11 14:44:50,953 call_r_plant Inserted new plant: 6172
INFO 2025-03-11 14:44:51,287 call_r_plant Inserted new plant: 64032
INFO 2025-03-11 14:44:51,624 call_r_plant Inserted new plant: 6422
INFO 2025-03-11 14:44:51,987 call_r_plant Inserted new plant: 61337
INFO 2025-03-11 14:44:52,322 call_r_plant Inserted new plant: 2177
INFO 2025-03-11 14:44:52,655 call_r_plant Inserted new plant: 2191
INFO 2025-03-11 14:44:52,999 call_r_plant Inserted new plant: 57963
INFO 2025-03-11 14:44:53,337 call_r_plant Inserted new plant: 57965
INFO 2025-03-11 14:44:53,674 call_r_plant Inserted new plant: 2192
INFO 2025-03-11 14:44:54,012 call_r_plant Inserted new plant: 57049
INFO 2025-03-11 14:44:54,401 call_r_plant Inserted new plant: 57050
INFO 2025-03-11 14:44:54,745 call_r_plant Inserted new plant: 57995
INFO 2025-03-11 14:44:55,091 call_r_plant Inserted new plant: 2199
INFO 2025-03-11 14:44:55,424 call_r_plant Inserted new plant: 56833
INFO 2025-03-11 14:44:55,787 call_r_plant Inserted new plant: 56880
INFO 2025-03-11 14:44:56,136 call_r_plant Inserted new plant: 56496
INFO 2025-03-11 14:44:56,471 call_r_plant Inserted new plant: 59757
INFO 2025-03-11 14:44:56,820 call_r_plant Inserted new plant: 2193
INFO 2025-03-11 14:44:57,160 call_r_plant Inserted new plant: 61289
INFO 2025-03-11 14:44:57,508 call_r_plant Inserted new plant: 2194
INFO 2025-03-11 14:44:57,846 call_r_plant Inserted new plant: 2188
INFO 2025-03-11 14:44:58,184 call_r_plant Inserted new plant: 57914
INFO 2025-03-11 14:44:58,521 call_r_plant Inserted new plant: 10138
INFO 2025-03-11 14:44:58,854 call_r_plant Inserted new plant: 61290
INFO 2025-03-11 14:44:59,334 call_r_plant Inserted new plant: 62939
INFO 2025-03-11 14:44:59,672 call_r_plant Inserted new plant: 58218
INFO 2025-03-11 14:45:00,006 call_r_plant Inserted new plant: 61858
INFO 2025-03-11 14:45:00,340 call_r_plant Inserted new plant: 58523
INFO 2025-03-11 14:45:00,674 call_r_plant Inserted new plant: 2195
INFO 2025-03-11 14:45:01,018 call_r_plant Inserted new plant: 56499
INFO 2025-03-11 14:45:01,359 call_r_plant Inserted new plant: 57690
INFO 2025-03-11 14:45:01,704 call_r_plant Inserted new plant: 64332
INFO 2025-03-11 14:45:02,039 call_r_plant Inserted new plant: 59003
INFO 2025-03-11 14:45:02,376 call_r_plant Inserted new plant: 62319
INFO 2025-03-11 14:45:02,718 call_r_plant Inserted new plant: 50931
INFO 2025-03-11 14:45:03,062 call_r_plant Inserted new plant: 2204
INFO 2025-03-11 14:45:03,404 call_r_plant Inserted new plant: 63444
INFO 2025-03-11 14:45:03,753 call_r_plant Inserted new plant: 63447
INFO 2025-03-11 14:45:04,100 call_r_plant Inserted new plant: 63445
INFO 2025-03-11 14:45:04,446 call_r_plant Inserted new plant: 62660
INFO 2025-03-11 14:45:04,779 call_r_plant Inserted new plant: 64478
INFO 2025-03-11 14:45:05,118 call_r_plant Inserted new plant: 63448
INFO 2025-03-11 14:45:05,455 call_r_plant Inserted new plant: 62661
INFO 2025-03-11 14:45:05,794 call_r_plant Inserted new plant: 64271
INFO 2025-03-11 14:45:06,135 call_r_plant Inserted new plant: 63446
INFO 2025-03-11 14:45:06,469 call_r_plant Inserted new plant: 61195
INFO 2025-03-11 14:45:06,809 call_r_plant Inserted new plant: 63296
INFO 2025-03-11 14:45:07,148 call_r_plant Inserted new plant: 65819
INFO 2025-03-11 14:45:07,485 call_r_plant Inserted new plant: 63979
INFO 2025-03-11 14:45:07,821 call_r_plant Inserted new plant: 59534
INFO 2025-03-11 14:45:08,175 call_r_plant Inserted new plant: 57363
INFO 2025-03-11 14:45:08,525 call_r_plant Inserted new plant: 61525
INFO 2025-03-11 14:45:08,875 call_r_plant Inserted new plant: 63225
INFO 2025-03-11 14:45:09,239 call_r_plant Inserted new plant: 58344
INFO 2025-03-11 14:45:09,597 call_r_plant Inserted new plant: 63383
INFO 2025-03-11 14:45:09,935 call_r_plant Inserted new plant: 62621
INFO 2025-03-11 14:45:10,275 call_r_plant Inserted new plant: 64238
INFO 2025-03-11 14:45:10,612 call_r_plant Inserted new plant: 59795
INFO 2025-03-11 14:45:10,952 call_r_plant Inserted new plant: 60288
INFO 2025-03-11 14:45:11,287 call_r_plant Inserted new plant: 64169
INFO 2025-03-11 14:45:11,624 call_r_plant Inserted new plant: 56339
INFO 2025-03-11 14:45:11,972 call_r_plant Inserted new plant: 56263
INFO 2025-03-11 14:45:12,312 call_r_plant Inserted new plant: 58806
INFO 2025-03-11 14:45:12,656 call_r_plant Inserted new plant: 59901
INFO 2025-03-11 14:45:12,996 call_r_plant Inserted new plant: 62054
INFO 2025-03-11 14:45:13,335 call_r_plant Inserted new plant: 59516
INFO 2025-03-11 14:45:13,678 call_r_plant Inserted new plant: 58730
INFO 2025-03-11 14:45:14,016 call_r_plant Inserted new plant: 59115
INFO 2025-03-11 14:45:14,396 call_r_plant Inserted new plant: 59497
INFO 2025-03-11 14:45:14,738 call_r_plant Inserted new plant: 58731
INFO 2025-03-11 14:45:15,088 call_r_plant Inserted new plant: 58867
INFO 2025-03-11 14:45:15,419 call_r_plant Inserted new plant: 58701
INFO 2025-03-11 14:45:15,757 call_r_plant Inserted new plant: 57994
INFO 2025-03-11 14:45:16,095 call_r_plant Inserted new plant: 59474
INFO 2025-03-11 14:45:16,428 call_r_plant Inserted new plant: 58828
INFO 2025-03-11 14:45:16,761 call_r_plant Inserted new plant: 58492
INFO 2025-03-11 14:45:17,098 call_r_plant Inserted new plant: 64510
INFO 2025-03-11 14:45:17,433 call_r_plant Inserted new plant: 58801
INFO 2025-03-11 14:45:17,767 call_r_plant Inserted new plant: 62623
INFO 2025-03-11 14:45:18,120 call_r_plant Inserted new plant: 54316
INFO 2025-03-11 14:45:18,466 call_r_plant Inserted new plant: 58315
INFO 2025-03-11 14:45:18,817 call_r_plant Inserted new plant: 66605
INFO 2025-03-11 14:45:19,161 call_r_plant Inserted new plant: 62136
INFO 2025-03-11 14:45:19,499 call_r_plant Inserted new plant: 2706
INFO 2025-03-11 14:45:19,843 call_r_plant Inserted new plant: 63064
INFO 2025-03-11 14:45:20,183 call_r_plant Inserted new plant: 59566
INFO 2025-03-11 14:45:20,520 call_r_plant Inserted new plant: 59694
INFO 2025-03-11 14:45:20,859 call_r_plant Inserted new plant: 60982
INFO 2025-03-11 14:45:21,199 call_r_plant Inserted new plant: 62096
INFO 2025-03-11 14:45:21,555 call_r_plant Inserted new plant: 58732
INFO 2025-03-11 14:45:21,889 call_r_plant Inserted new plant: 60313
INFO 2025-03-11 14:45:22,223 call_r_plant Inserted new plant: 62340
INFO 2025-03-11 14:45:22,557 call_r_plant Inserted new plant: 63332
INFO 2025-03-11 14:45:22,899 call_r_plant Inserted new plant: 60634
INFO 2025-03-11 14:45:23,251 call_r_plant Inserted new plant: 54801
INFO 2025-03-11 14:45:23,590 call_r_plant Inserted new plant: 58792
INFO 2025-03-11 14:45:23,931 call_r_plant Inserted new plant: 59930
INFO 2025-03-11 14:45:24,285 call_r_plant Inserted new plant: 59706
INFO 2025-03-11 14:45:24,626 call_r_plant Inserted new plant: 60627
INFO 2025-03-11 14:45:24,962 call_r_plant Inserted new plant: 62603
INFO 2025-03-11 14:45:25,298 call_r_plant Inserted new plant: 59127
INFO 2025-03-11 14:45:25,650 call_r_plant Inserted new plant: 61527
INFO 2025-03-11 14:45:26,012 call_r_plant Inserted new plant: 59517
INFO 2025-03-11 14:45:26,365 call_r_plant Inserted new plant: 59828
INFO 2025-03-11 14:45:26,704 call_r_plant Inserted new plant: 60144
INFO 2025-03-11 14:45:27,043 call_r_plant Inserted new plant: 66700
INFO 2025-03-11 14:45:27,401 call_r_plant Inserted new plant: 61194
INFO 2025-03-11 14:45:27,739 call_r_plant Inserted new plant: 60782
INFO 2025-03-11 14:45:28,080 call_r_plant Inserted new plant: 60369
INFO 2025-03-11 14:45:28,417 call_r_plant Inserted new plant: 59038
INFO 2025-03-11 14:45:28,753 call_r_plant Inserted new plant: 60601
INFO 2025-03-11 14:45:29,099 call_r_plant Inserted new plant: 63976
INFO 2025-03-11 14:45:29,441 call_r_plant Inserted new plant: 61528
INFO 2025-03-11 14:45:29,785 call_r_plant Inserted new plant: 65502
INFO 2025-03-11 14:45:30,124 call_r_plant Inserted new plant: 2741
INFO 2025-03-11 14:45:30,463 call_r_plant Inserted new plant: 61351
INFO 2025-03-11 14:45:30,822 call_r_plant Inserted new plant: 58955
INFO 2025-03-11 14:45:31,165 call_r_plant Inserted new plant: 59567
INFO 2025-03-11 14:45:31,520 call_r_plant Inserted new plant: 59488
INFO 2025-03-11 14:45:31,856 call_r_plant Inserted new plant: 59887
INFO 2025-03-11 14:45:32,199 call_r_plant Inserted new plant: 66602
INFO 2025-03-11 14:45:32,543 call_r_plant Inserted new plant: 59511
INFO 2025-03-11 14:45:32,885 call_r_plant Inserted new plant: 65503
INFO 2025-03-11 14:45:33,231 call_r_plant Inserted new plant: 8042
INFO 2025-03-11 14:45:33,602 call_r_plant Inserted new plant: 58314
INFO 2025-03-11 14:45:33,946 call_r_plant Inserted new plant: 63836
INFO 2025-03-11 14:45:34,296 call_r_plant Inserted new plant: 59515
INFO 2025-03-11 14:45:34,646 call_r_plant Inserted new plant: 60881
INFO 2025-03-11 14:45:34,991 call_r_plant Inserted new plant: 64175
INFO 2025-03-11 14:45:35,331 call_r_plant Inserted new plant: 58843
INFO 2025-03-11 14:45:35,667 call_r_plant Inserted new plant: 59173
INFO 2025-03-11 14:45:36,018 call_r_plant Inserted new plant: 59039
INFO 2025-03-11 14:45:36,359 call_r_plant Inserted new plant: 64174
INFO 2025-03-11 14:45:36,696 call_r_plant Inserted new plant: 61271
INFO 2025-03-11 14:45:37,046 call_r_plant Inserted new plant: 58667
INFO 2025-03-11 14:45:37,423 call_r_plant Inserted new plant: 60401
INFO 2025-03-11 14:45:37,757 call_r_plant Inserted new plant: 61158
INFO 2025-03-11 14:45:38,090 call_r_plant Inserted new plant: 61561
INFO 2025-03-11 14:45:38,467 call_r_plant Inserted new plant: 58868
INFO 2025-03-11 14:45:38,814 call_r_plant Inserted new plant: 62101
INFO 2025-03-11 14:45:39,161 call_r_plant Inserted new plant: 61283
INFO 2025-03-11 14:45:39,512 call_r_plant Inserted new plant: 2707
INFO 2025-03-11 14:45:39,867 call_r_plant Inserted new plant: 58605
INFO 2025-03-11 14:45:40,217 call_r_plant Inserted new plant: 64192
INFO 2025-03-11 14:45:40,554 call_r_plant Inserted new plant: 61157
INFO 2025-03-11 14:45:40,899 call_r_plant Inserted new plant: 58349
INFO 2025-03-11 14:45:41,252 call_r_plant Inserted new plant: 61352
INFO 2025-03-11 14:45:41,606 call_r_plant Inserted new plant: 58807
INFO 2025-03-11 14:45:41,943 call_r_plant Inserted new plant: 56547
INFO 2025-03-11 14:45:42,286 call_r_plant Inserted new plant: 59996
INFO 2025-03-11 14:45:42,622 call_r_plant Inserted new plant: 59154
INFO 2025-03-11 14:45:42,957 call_r_plant Inserted new plant: 60623
INFO 2025-03-11 14:45:43,317 call_r_plant Inserted new plant: 66710
INFO 2025-03-11 14:45:43,649 call_r_plant Inserted new plant: 2719
INFO 2025-03-11 14:45:44,003 call_r_plant Inserted new plant: 64910
INFO 2025-03-11 14:45:44,351 call_r_plant Inserted new plant: 62822
INFO 2025-03-11 14:45:44,690 call_r_plant Inserted new plant: 61218
INFO 2025-03-11 14:45:45,026 call_r_plant Inserted new plant: 64820
INFO 2025-03-11 14:45:45,377 call_r_plant Inserted new plant: 59762
INFO 2025-03-11 14:45:45,706 call_r_plant Inserted new plant: 6014
INFO 2025-03-11 14:45:46,037 call_r_plant Inserted new plant: 2720
INFO 2025-03-11 14:45:46,372 call_r_plant Inserted new plant: 61693
INFO 2025-03-11 14:45:46,717 call_r_plant Inserted new plant: 58735
INFO 2025-03-11 14:45:47,054 call_r_plant Inserted new plant: 61512
INFO 2025-03-11 14:45:47,392 call_r_plant Inserted new plant: 60636
INFO 2025-03-11 14:45:47,732 call_r_plant Inserted new plant: 62240
INFO 2025-03-11 14:45:48,073 call_r_plant Inserted new plant: 1016
INFO 2025-03-11 14:45:48,412 call_r_plant Inserted new plant: 64002
INFO 2025-03-11 14:45:48,747 call_r_plant Inserted new plant: 2783
INFO 2025-03-11 14:45:49,088 call_r_plant Inserted new plant: 60402
INFO 2025-03-11 14:45:49,446 call_r_plant Inserted new plant: 59451
INFO 2025-03-11 14:45:49,782 call_r_plant Inserted new plant: 59711
INFO 2025-03-11 14:45:50,126 call_r_plant Inserted new plant: 59439
INFO 2025-03-11 14:45:50,460 call_r_plant Inserted new plant: 57687
INFO 2025-03-11 14:45:50,794 call_r_plant Inserted new plant: 65107
INFO 2025-03-11 14:45:51,130 call_r_plant Inserted new plant: 62330
INFO 2025-03-11 14:45:51,467 call_r_plant Inserted new plant: 64535
INFO 2025-03-11 14:45:51,805 call_r_plant Inserted new plant: 59966
INFO 2025-03-11 14:45:52,142 call_r_plant Inserted new plant: 59499
INFO 2025-03-11 14:45:52,483 call_r_plant Inserted new plant: 50244
INFO 2025-03-11 14:45:52,820 call_r_plant Inserted new plant: 60882
INFO 2025-03-11 14:45:53,168 call_r_plant Inserted new plant: 59017
INFO 2025-03-11 14:45:53,517 call_r_plant Inserted new plant: 63016
INFO 2025-03-11 14:45:53,856 call_r_plant Inserted new plant: 62873
INFO 2025-03-11 14:45:54,221 call_r_plant Inserted new plant: 59156
INFO 2025-03-11 14:45:54,565 call_r_plant Inserted new plant: 60178
INFO 2025-03-11 14:45:54,900 call_r_plant Inserted new plant: 58849
INFO 2025-03-11 14:45:55,240 call_r_plant Inserted new plant: 56553
INFO 2025-03-11 14:45:55,587 call_r_plant Inserted new plant: 60800
INFO 2025-03-11 14:45:55,923 call_r_plant Inserted new plant: 66055
INFO 2025-03-11 14:45:56,272 call_r_plant Inserted new plant: 2743
INFO 2025-03-11 14:45:56,618 call_r_plant Inserted new plant: 60135
INFO 2025-03-11 14:45:56,976 call_r_plant Inserted new plant: 61187
INFO 2025-03-11 14:45:57,319 call_r_plant Inserted new plant: 58311
INFO 2025-03-11 14:45:57,654 call_r_plant Inserted new plant: 62601
INFO 2025-03-11 14:45:57,994 call_r_plant Inserted new plant: 64176
INFO 2025-03-11 14:45:58,330 call_r_plant Inserted new plant: 58722
INFO 2025-03-11 14:45:58,673 call_r_plant Inserted new plant: 2778
INFO 2025-03-11 14:45:59,083 call_r_plant Inserted new plant: 59100
INFO 2025-03-11 14:45:59,462 call_r_plant Inserted new plant: 59508
INFO 2025-03-11 14:45:59,805 call_r_plant Inserted new plant: 54899
INFO 2025-03-11 14:46:00,144 call_r_plant Inserted new plant: 56340
INFO 2025-03-11 14:46:00,492 call_r_plant Inserted new plant: 61011
INFO 2025-03-11 14:46:00,849 call_r_plant Inserted new plant: 59899
INFO 2025-03-11 14:46:01,193 call_r_plant Inserted new plant: 58675
INFO 2025-03-11 14:46:01,533 call_r_plant Inserted new plant: 62693
INFO 2025-03-11 14:46:01,900 call_r_plant Inserted new plant: 62168
INFO 2025-03-11 14:46:02,240 call_r_plant Inserted new plant: 58674
INFO 2025-03-11 14:46:02,574 call_r_plant Inserted new plant: 65817
INFO 2025-03-11 14:46:02,924 call_r_plant Inserted new plant: 57029
INFO 2025-03-11 14:46:03,270 call_r_plant Inserted new plant: 2721
INFO 2025-03-11 14:46:03,605 call_r_plant Inserted new plant: 59929
INFO 2025-03-11 14:46:03,944 call_r_plant Inserted new plant: 59213
INFO 2025-03-11 14:46:04,279 call_r_plant Inserted new plant: 66711
INFO 2025-03-11 14:46:04,612 call_r_plant Inserted new plant: 59937
INFO 2025-03-11 14:46:04,975 call_r_plant Inserted new plant: 60146
INFO 2025-03-11 14:46:05,313 call_r_plant Inserted new plant: 67172
INFO 2025-03-11 14:46:05,656 call_r_plant Inserted new plant: 57896
INFO 2025-03-11 14:46:06,000 call_r_plant Inserted new plant: 59818
INFO 2025-03-11 14:46:06,341 call_r_plant Inserted new plant: 59944
INFO 2025-03-11 14:46:06,681 call_r_plant Inserted new plant: 60188
INFO 2025-03-11 14:46:07,018 call_r_plant Inserted new plant: 66712
INFO 2025-03-11 14:46:07,356 call_r_plant Inserted new plant: 62600
INFO 2025-03-11 14:46:07,695 call_r_plant Inserted new plant: 61882
INFO 2025-03-11 14:46:08,031 call_r_plant Inserted new plant: 60637
INFO 2025-03-11 14:46:08,367 call_r_plant Inserted new plant: 56546
INFO 2025-03-11 14:46:08,706 call_r_plant Inserted new plant: 59663
INFO 2025-03-11 14:46:09,046 call_r_plant Inserted new plant: 60965
INFO 2025-03-11 14:46:09,381 call_r_plant Inserted new plant: 63293
INFO 2025-03-11 14:46:09,734 call_r_plant Inserted new plant: 61658
INFO 2025-03-11 14:46:10,075 call_r_plant Inserted new plant: 60199
INFO 2025-03-11 14:46:10,417 call_r_plant Inserted new plant: 62167
INFO 2025-03-11 14:46:10,758 call_r_plant Inserted new plant: 2722
INFO 2025-03-11 14:46:11,132 call_r_plant Inserted new plant: 10525
INFO 2025-03-11 14:46:11,477 call_r_plant Inserted new plant: 60635
INFO 2025-03-11 14:46:11,840 call_r_plant Inserted new plant: 59914
INFO 2025-03-11 14:46:12,177 call_r_plant Inserted new plant: 59548
INFO 2025-03-11 14:46:12,511 call_r_plant Inserted new plant: 59561
INFO 2025-03-11 14:46:12,849 call_r_plant Inserted new plant: 62678
INFO 2025-03-11 14:46:13,187 call_r_plant Inserted new plant: 65584
INFO 2025-03-11 14:46:13,521 call_r_plant Inserted new plant: 63346
INFO 2025-03-11 14:46:13,855 call_r_plant Inserted new plant: 65470
INFO 2025-03-11 14:46:14,220 call_r_plant Inserted new plant: 60403
INFO 2025-03-11 14:46:14,565 call_r_plant Inserted new plant: 59117
INFO 2025-03-11 14:46:14,921 call_r_plant Inserted new plant: 57334
INFO 2025-03-11 14:46:15,253 call_r_plant Inserted new plant: 57336
INFO 2025-03-11 14:46:15,592 call_r_plant Inserted new plant: 57335
INFO 2025-03-11 14:46:15,936 call_r_plant Inserted new plant: 54887
INFO 2025-03-11 14:46:16,272 call_r_plant Inserted new plant: 2723
INFO 2025-03-11 14:46:16,611 call_r_plant Inserted new plant: 59126
INFO 2025-03-11 14:46:16,951 call_r_plant Inserted new plant: 57436
INFO 2025-03-11 14:46:17,297 call_r_plant Inserted new plant: 61581
INFO 2025-03-11 14:46:17,652 call_r_plant Inserted new plant: 60179
INFO 2025-03-11 14:46:17,989 call_r_plant Inserted new plant: 61403
INFO 2025-03-11 14:46:18,329 call_r_plant Inserted new plant: 61088
INFO 2025-03-11 14:46:18,667 call_r_plant Inserted new plant: 58874
INFO 2025-03-11 14:46:19,005 call_r_plant Inserted new plant: 59968
INFO 2025-03-11 14:46:19,349 call_r_plant Inserted new plant: 58952
INFO 2025-03-11 14:46:19,681 call_r_plant Inserted new plant: 58346
INFO 2025-03-11 14:46:20,022 call_r_plant Inserted new plant: 58453
INFO 2025-03-11 14:46:20,376 call_r_plant Inserted new plant: 58844
INFO 2025-03-11 14:46:20,726 call_r_plant Inserted new plant: 50189
INFO 2025-03-11 14:46:21,060 call_r_plant Inserted new plant: 59429
INFO 2025-03-11 14:46:21,399 call_r_plant Inserted new plant: 59102
INFO 2025-03-11 14:46:21,747 call_r_plant Inserted new plant: 56548
INFO 2025-03-11 14:46:22,105 call_r_plant Inserted new plant: 59376
INFO 2025-03-11 14:46:22,441 call_r_plant Inserted new plant: 60599
INFO 2025-03-11 14:46:22,772 call_r_plant Inserted new plant: 58879
INFO 2025-03-11 14:46:23,116 call_r_plant Inserted new plant: 60131
INFO 2025-03-11 14:46:23,481 call_r_plant Inserted new plant: 66718
INFO 2025-03-11 14:46:23,813 call_r_plant Inserted new plant: 64363
INFO 2025-03-11 14:46:24,222 call_r_plant Inserted new plant: 63732
INFO 2025-03-11 14:46:24,551 call_r_plant Inserted new plant: 62996
INFO 2025-03-11 14:46:24,883 call_r_plant Inserted new plant: 63377
INFO 2025-03-11 14:46:25,228 call_r_plant Inserted new plant: 59956
INFO 2025-03-11 14:46:25,562 call_r_plant Inserted new plant: 59955
INFO 2025-03-11 14:46:25,930 call_r_plant Inserted new plant: 60161
INFO 2025-03-11 14:46:26,276 call_r_plant Inserted new plant: 63789
INFO 2025-03-11 14:46:26,607 call_r_plant Inserted new plant: 59189
INFO 2025-03-11 14:46:26,941 call_r_plant Inserted new plant: 59562
INFO 2025-03-11 14:46:27,283 call_r_plant Inserted new plant: 57606
INFO 2025-03-11 14:46:27,620 call_r_plant Inserted new plant: 59778
INFO 2025-03-11 14:46:27,949 call_r_plant Inserted new plant: 7429
INFO 2025-03-11 14:46:28,277 call_r_plant Inserted new plant: 61781
INFO 2025-03-11 14:46:28,615 call_r_plant Inserted new plant: 66371
INFO 2025-03-11 14:46:28,984 call_r_plant Inserted new plant: 59042
INFO 2025-03-11 14:46:29,398 call_r_plant Inserted new plant: 58725
INFO 2025-03-11 14:46:29,739 call_r_plant Inserted new plant: 59164
INFO 2025-03-11 14:46:30,090 call_r_plant Inserted new plant: 60136
INFO 2025-03-11 14:46:30,422 call_r_plant Inserted new plant: 62662
INFO 2025-03-11 14:46:30,788 call_r_plant Inserted new plant: 63733
INFO 2025-03-11 14:46:31,159 call_r_plant Inserted new plant: 58859
INFO 2025-03-11 14:46:31,499 call_r_plant Inserted new plant: 60997
INFO 2025-03-11 14:46:31,832 call_r_plant Inserted new plant: 59549
INFO 2025-03-11 14:46:32,166 call_r_plant Inserted new plant: 60400
INFO 2025-03-11 14:46:32,505 call_r_plant Inserted new plant: 59552
INFO 2025-03-11 14:46:32,843 call_r_plant Inserted new plant: 59551
INFO 2025-03-11 14:46:33,221 call_r_plant Inserted new plant: 59646
INFO 2025-03-11 14:46:33,551 call_r_plant Inserted new plant: 59406
INFO 2025-03-11 14:46:33,931 call_r_plant Inserted new plant: 59052
INFO 2025-03-11 14:46:34,281 call_r_plant Inserted new plant: 59333
INFO 2025-03-11 14:46:34,611 call_r_plant Inserted new plant: 54895
INFO 2025-03-11 14:46:34,955 call_r_plant Inserted new plant: 58318
INFO 2025-03-11 14:46:35,294 call_r_plant Inserted new plant: 62798
INFO 2025-03-11 14:46:35,631 call_r_plant Inserted new plant: 61089
INFO 2025-03-11 14:46:35,966 call_r_plant Inserted new plant: 59951
INFO 2025-03-11 14:46:36,299 call_r_plant Inserted new plant: 58726
INFO 2025-03-11 14:46:36,641 call_r_plant Inserted new plant: 59514
INFO 2025-03-11 14:46:36,983 call_r_plant Inserted new plant: 64527
INFO 2025-03-11 14:46:37,320 call_r_plant Inserted new plant: 58808
INFO 2025-03-11 14:46:37,663 call_r_plant Inserted new plant: 60370
INFO 2025-03-11 14:46:38,002 call_r_plant Inserted new plant: 62487
INFO 2025-03-11 14:46:38,333 call_r_plant Inserted new plant: 61031
INFO 2025-03-11 14:46:38,674 call_r_plant Inserted new plant: 60147
INFO 2025-03-11 14:46:39,024 call_r_plant Inserted new plant: 2779
INFO 2025-03-11 14:46:39,383 call_r_plant Inserted new plant: 64050
INFO 2025-03-11 14:46:39,717 call_r_plant Inserted new plant: 60624
INFO 2025-03-11 14:46:40,052 call_r_plant Inserted new plant: 59563
INFO 2025-03-11 14:46:40,391 call_r_plant Inserted new plant: 2745
INFO 2025-03-11 14:46:40,732 call_r_plant Inserted new plant: 59579
INFO 2025-03-11 14:46:41,091 call_r_plant Inserted new plant: 58802
INFO 2025-03-11 14:46:41,441 call_r_plant Inserted new plant: 59708
INFO 2025-03-11 14:46:41,778 call_r_plant Inserted new plant: 59912
INFO 2025-03-11 14:46:42,113 call_r_plant Inserted new plant: 63693
INFO 2025-03-11 14:46:42,462 call_r_plant Inserted new plant: 59103
INFO 2025-03-11 14:46:42,794 call_r_plant Inserted new plant: 58331
INFO 2025-03-11 14:46:43,129 call_r_plant Inserted new plant: 2718
INFO 2025-03-11 14:46:43,474 call_r_plant Inserted new plant: 59426
INFO 2025-03-11 14:46:43,817 call_r_plant Inserted new plant: 55599
INFO 2025-03-11 14:46:44,165 call_r_plant Inserted new plant: 60633
INFO 2025-03-11 14:46:44,499 call_r_plant Inserted new plant: 61127
INFO 2025-03-11 14:46:44,842 call_r_plant Inserted new plant: 58866
INFO 2025-03-11 14:46:45,173 call_r_plant Inserted new plant: 59641
INFO 2025-03-11 14:46:45,513 call_r_plant Inserted new plant: 2756
INFO 2025-03-11 14:46:45,848 call_r_plant Inserted new plant: 61758
INFO 2025-03-11 14:46:46,191 call_r_plant Inserted new plant: 57629
INFO 2025-03-11 14:46:46,535 call_r_plant Inserted new plant: 59642
INFO 2025-03-11 14:46:46,872 call_r_plant Inserted new plant: 62669
INFO 2025-03-11 14:46:47,207 call_r_plant Inserted new plant: 56954
INFO 2025-03-11 14:46:47,562 call_r_plant Inserted new plant: 60359
INFO 2025-03-11 14:46:47,897 call_r_plant Inserted new plant: 56262
INFO 2025-03-11 14:46:48,235 call_r_plant Inserted new plant: 58673
INFO 2025-03-11 14:46:48,577 call_r_plant Inserted new plant: 60480
INFO 2025-03-11 14:46:48,914 call_r_plant Inserted new plant: 65505
INFO 2025-03-11 14:46:49,294 call_r_plant Inserted new plant: 65506
INFO 2025-03-11 14:46:49,651 call_r_plant Inserted new plant: 64385
INFO 2025-03-11 14:46:49,984 call_r_plant Inserted new plant: 58957
INFO 2025-03-11 14:46:50,348 call_r_plant Inserted new plant: 59518
INFO 2025-03-11 14:46:50,678 call_r_plant Inserted new plant: 56549
INFO 2025-03-11 14:46:51,013 call_r_plant Inserted new plant: 58487
INFO 2025-03-11 14:46:51,354 call_r_plant Inserted new plant: 59148
INFO 2025-03-11 14:46:51,696 call_r_plant Inserted new plant: 64450
INFO 2025-03-11 14:46:52,045 call_r_plant Inserted new plant: 60181
INFO 2025-03-11 14:46:52,383 call_r_plant Inserted new plant: 63076
INFO 2025-03-11 14:46:52,724 call_r_plant Inserted new plant: 2709
INFO 2025-03-11 14:46:53,059 call_r_plant Inserted new plant: 60121
INFO 2025-03-11 14:46:53,398 call_r_plant Inserted new plant: 62539
INFO 2025-03-11 14:46:53,746 call_r_plant Inserted new plant: 63566
INFO 2025-03-11 14:46:54,086 call_r_plant Inserted new plant: 60209
INFO 2025-03-11 14:46:54,455 call_r_plant Inserted new plant: 58943
INFO 2025-03-11 14:46:54,813 call_r_plant Inserted new plant: 64508
INFO 2025-03-11 14:46:55,161 call_r_plant Inserted new plant: 64512
INFO 2025-03-11 14:46:55,515 call_r_plant Inserted new plant: 61877
INFO 2025-03-11 14:46:55,860 call_r_plant Inserted new plant: 59512
INFO 2025-03-11 14:46:56,199 call_r_plant Inserted new plant: 60415
INFO 2025-03-11 14:46:56,538 call_r_plant Inserted new plant: 59337
INFO 2025-03-11 14:46:56,886 call_r_plant Inserted new plant: 6015
INFO 2025-03-11 14:46:57,233 call_r_plant Inserted new plant: 63975
INFO 2025-03-11 14:46:57,573 call_r_plant Inserted new plant: 64144
INFO 2025-03-11 14:46:57,912 call_r_plant Inserted new plant: 63299
INFO 2025-03-11 14:46:58,253 call_r_plant Inserted new plant: 10258
INFO 2025-03-11 14:46:58,597 call_r_plant Inserted new plant: 62951
INFO 2025-03-11 14:46:58,959 call_r_plant Inserted new plant: 63974
INFO 2025-03-11 14:46:59,332 call_r_plant Inserted new plant: 58332
INFO 2025-03-11 14:46:59,663 call_r_plant Inserted new plant: 61255
INFO 2025-03-11 14:47:00,012 call_r_plant Inserted new plant: 60577
INFO 2025-03-11 14:47:00,358 call_r_plant Inserted new plant: 60157
INFO 2025-03-11 14:47:00,692 call_r_plant Inserted new plant: 60207
INFO 2025-03-11 14:47:01,076 call_r_plant Inserted new plant: 65552
INFO 2025-03-11 14:47:01,422 call_r_plant Inserted new plant: 60384
INFO 2025-03-11 14:47:01,768 call_r_plant Inserted new plant: 63024
INFO 2025-03-11 14:47:02,102 call_r_plant Inserted new plant: 60778
INFO 2025-03-11 14:47:02,444 call_r_plant Inserted new plant: 59829
INFO 2025-03-11 14:47:02,802 call_r_plant Inserted new plant: 56059
INFO 2025-03-11 14:47:03,138 call_r_plant Inserted new plant: 57196
INFO 2025-03-11 14:47:03,477 call_r_plant Inserted new plant: 56260
INFO 2025-03-11 14:47:03,835 call_r_plant Inserted new plant: 54896
INFO 2025-03-11 14:47:04,215 call_r_plant Inserted new plant: 10550
INFO 2025-03-11 14:47:04,562 call_r_plant Inserted new plant: 59997
INFO 2025-03-11 14:47:04,897 call_r_plant Inserted new plant: 63812
INFO 2025-03-11 14:47:05,253 call_r_plant Inserted new plant: 59163
INFO 2025-03-11 14:47:05,594 call_r_plant Inserted new plant: 59487
INFO 2025-03-11 14:47:05,932 call_r_plant Inserted new plant: 2780
INFO 2025-03-11 14:47:06,270 call_r_plant Inserted new plant: 63695
INFO 2025-03-11 14:47:06,609 call_r_plant Inserted new plant: 58623
INFO 2025-03-11 14:47:06,951 call_r_plant Inserted new plant: 61256
INFO 2025-03-11 14:47:07,293 call_r_plant Inserted new plant: 61883
INFO 2025-03-11 14:47:07,626 call_r_plant Inserted new plant: 64640
INFO 2025-03-11 14:47:07,964 call_r_plant Inserted new plant: 60312
INFO 2025-03-11 14:47:08,308 call_r_plant Inserted new plant: 66989
INFO 2025-03-11 14:47:08,653 call_r_plant Inserted new plant: 56550
INFO 2025-03-11 14:47:08,995 call_r_plant Inserted new plant: 59510
INFO 2025-03-11 14:47:09,344 call_r_plant Inserted new plant: 59564
INFO 2025-03-11 14:47:09,682 call_r_plant Inserted new plant: 54618
INFO 2025-03-11 14:47:10,021 call_r_plant Inserted new plant: 60050
INFO 2025-03-11 14:47:10,374 call_r_plant Inserted new plant: 59553
INFO 2025-03-11 14:47:10,707 call_r_plant Inserted new plant: 59554
INFO 2025-03-11 14:47:11,043 call_r_plant Inserted new plant: 60055
INFO 2025-03-11 14:47:11,391 call_r_plant Inserted new plant: 60051
INFO 2025-03-11 14:47:11,731 call_r_plant Inserted new plant: 59670
INFO 2025-03-11 14:47:12,067 call_r_plant Inserted new plant: 60052
INFO 2025-03-11 14:47:12,401 call_r_plant Inserted new plant: 60540
INFO 2025-03-11 14:47:12,735 call_r_plant Inserted new plant: 61258
INFO 2025-03-11 14:47:13,101 call_r_plant Inserted new plant: 59665
INFO 2025-03-11 14:47:13,450 call_r_plant Inserted new plant: 60539
INFO 2025-03-11 14:47:13,799 call_r_plant Inserted new plant: 60149
INFO 2025-03-11 14:47:14,162 call_r_plant Inserted new plant: 59675
INFO 2025-03-11 14:47:14,497 call_r_plant Inserted new plant: 59671
INFO 2025-03-11 14:47:14,835 call_r_plant Inserted new plant: 59666
INFO 2025-03-11 14:47:15,176 call_r_plant Inserted new plant: 59667
INFO 2025-03-11 14:47:15,548 call_r_plant Inserted new plant: 59669
INFO 2025-03-11 14:47:15,907 call_r_plant Inserted new plant: 59676
INFO 2025-03-11 14:47:16,254 call_r_plant Inserted new plant: 61259
INFO 2025-03-11 14:47:16,634 call_r_plant Inserted new plant: 59542
INFO 2025-03-11 14:47:16,971 call_r_plant Inserted new plant: 61260
INFO 2025-03-11 14:47:17,309 call_r_plant Inserted new plant: 60053
INFO 2025-03-11 14:47:17,655 call_r_plant Inserted new plant: 59677
INFO 2025-03-11 14:47:17,987 call_r_plant Inserted new plant: 60398
INFO 2025-03-11 14:47:18,322 call_r_plant Inserted new plant: 59678
INFO 2025-03-11 14:47:18,663 call_r_plant Inserted new plant: 50188
INFO 2025-03-11 14:47:19,007 call_r_plant Inserted new plant: 54656
INFO 2025-03-11 14:47:19,341 call_r_plant Inserted new plant: 56962
INFO 2025-03-11 14:47:19,685 call_r_plant Inserted new plant: 50890
INFO 2025-03-11 14:47:20,037 call_r_plant Inserted new plant: 61292
INFO 2025-03-11 14:47:20,378 call_r_plant Inserted new plant: 59503
INFO 2025-03-11 14:47:20,719 call_r_plant Inserted new plant: 59170
INFO 2025-03-11 14:47:21,064 call_r_plant Inserted new plant: 62329
INFO 2025-03-11 14:47:21,400 call_r_plant Inserted new plant: 60784
INFO 2025-03-11 14:47:21,740 call_r_plant Inserted new plant: 60290
INFO 2025-03-11 14:47:22,073 call_r_plant Inserted new plant: 58390
INFO 2025-03-11 14:47:22,413 call_r_plant Inserted new plant: 65553
INFO 2025-03-11 14:47:22,748 call_r_plant Inserted new plant: 50254
INFO 2025-03-11 14:47:23,087 call_r_plant Inserted new plant: 60180
INFO 2025-03-11 14:47:23,427 call_r_plant Inserted new plant: 59565
INFO 2025-03-11 14:47:23,772 call_r_plant Inserted new plant: 59527
INFO 2025-03-11 14:47:24,156 call_r_plant Inserted new plant: 59796
INFO 2025-03-11 14:47:24,504 call_r_plant Inserted new plant: 61219
INFO 2025-03-11 14:47:24,864 call_r_plant Inserted new plant: 59051
INFO 2025-03-11 14:47:25,296 call_r_plant Inserted new plant: 58803
INFO 2025-03-11 14:47:25,842 call_r_plant Inserted new plant: 58840
INFO 2025-03-11 14:47:26,181 call_r_plant Inserted new plant: 65554
INFO 2025-03-11 14:47:26,516 call_r_plant Inserted new plant: 60397
INFO 2025-03-11 14:47:26,859 call_r_plant Inserted new plant: 59507
INFO 2025-03-11 14:47:27,207 call_r_plant Inserted new plant: 59325
INFO 2025-03-11 14:47:27,539 call_r_plant Inserted new plant: 59125
INFO 2025-03-11 14:47:27,875 call_r_plant Inserted new plant: 61090
INFO 2025-03-11 14:47:28,215 call_r_plant Inserted new plant: 59832
INFO 2025-03-11 14:47:28,556 call_r_plant Inserted new plant: 58791
INFO 2025-03-11 14:47:28,893 call_r_plant Inserted new plant: 60578
INFO 2025-03-11 14:47:29,237 call_r_plant Inserted new plant: 2713
INFO 2025-03-11 14:47:29,573 call_r_plant Inserted new plant: 60105
INFO 2025-03-11 14:47:29,928 call_r_plant Inserted new plant: 2773
INFO 2025-03-11 14:47:30,262 call_r_plant Inserted new plant: 56551
INFO 2025-03-11 14:47:30,607 call_r_plant Inserted new plant: 63837
INFO 2025-03-11 14:47:30,949 call_r_plant Inserted new plant: 62104
INFO 2025-03-11 14:47:31,291 call_r_plant Inserted new plant: 63449
INFO 2025-03-11 14:47:31,626 call_r_plant Inserted new plant: 60538
INFO 2025-03-11 14:47:31,965 call_r_plant Inserted new plant: 59158
INFO 2025-03-11 14:47:32,304 call_r_plant Inserted new plant: 59486
INFO 2025-03-11 14:47:32,646 call_r_plant Inserted new plant: 61091
INFO 2025-03-11 14:47:32,979 call_r_plant Inserted new plant: 59833
INFO 2025-03-11 14:47:33,317 call_r_plant Inserted new plant: 60200
INFO 2025-03-11 14:47:33,657 call_r_plant Inserted new plant: 60783
INFO 2025-03-11 14:47:33,997 call_r_plant Inserted new plant: 58333
INFO 2025-03-11 14:47:34,335 call_r_plant Inserted new plant: 58334
INFO 2025-03-11 14:47:34,677 call_r_plant Inserted new plant: 59174
INFO 2025-03-11 14:47:35,015 call_r_plant Inserted new plant: 56261
INFO 2025-03-11 14:47:35,365 call_r_plant Inserted new plant: 56067
INFO 2025-03-11 14:47:35,703 call_r_plant Inserted new plant: 63811
INFO 2025-03-11 14:47:36,043 call_r_plant Inserted new plant: 59921
INFO 2025-03-11 14:47:36,379 call_r_plant Inserted new plant: 7277
INFO 2025-03-11 14:47:36,714 call_r_plant Inserted new plant: 60399
INFO 2025-03-11 14:47:37,049 call_r_plant Inserted new plant: 56341
INFO 2025-03-11 14:47:37,386 call_r_plant Inserted new plant: 59521
INFO 2025-03-11 14:47:37,732 call_r_plant Inserted new plant: 58809
INFO 2025-03-11 14:47:38,072 call_r_plant Inserted new plant: 10051
INFO 2025-03-11 14:47:38,407 call_r_plant Inserted new plant: 57630
INFO 2025-03-11 14:47:38,739 call_r_plant Inserted new plant: 60208
INFO 2025-03-11 14:47:39,072 call_r_plant Inserted new plant: 61347
INFO 2025-03-11 14:47:39,424 call_r_plant Inserted new plant: 2726
INFO 2025-03-11 14:47:39,758 call_r_plant Inserted new plant: 64173
INFO 2025-03-11 14:47:40,098 call_r_plant Inserted new plant: 64516
INFO 2025-03-11 14:47:40,432 call_r_plant Inserted new plant: 64514
INFO 2025-03-11 14:47:40,771 call_r_plant Inserted new plant: 10382
INFO 2025-03-11 14:47:41,151 call_r_plant Inserted new plant: 61284
INFO 2025-03-11 14:47:41,491 call_r_plant Inserted new plant: 60395
INFO 2025-03-11 14:47:41,834 call_r_plant Inserted new plant: 61160
INFO 2025-03-11 14:47:42,183 call_r_plant Inserted new plant: 56342
INFO 2025-03-11 14:47:42,527 call_r_plant Inserted new plant: 62668
INFO 2025-03-11 14:47:42,857 call_r_plant Inserted new plant: 59520
INFO 2025-03-11 14:47:43,199 call_r_plant Inserted new plant: 59575
INFO 2025-03-11 14:47:43,544 call_r_plant Inserted new plant: 59162
INFO 2025-03-11 14:47:43,884 call_r_plant Inserted new plant: 59105
INFO 2025-03-11 14:47:44,286 call_r_plant Inserted new plant: 2727
INFO 2025-03-11 14:47:44,619 call_r_plant Inserted new plant: 2710
INFO 2025-03-11 14:47:44,964 call_r_plant Inserted new plant: 58335
INFO 2025-03-11 14:47:45,302 call_r_plant Inserted new plant: 59124
INFO 2025-03-11 14:47:45,638 call_r_plant Inserted new plant: 57461
INFO 2025-03-11 14:47:45,972 call_r_plant Inserted new plant: 57365
INFO 2025-03-11 14:47:46,307 call_r_plant Inserted new plant: 60416
INFO 2025-03-11 14:47:46,641 call_r_plant Inserted new plant: 57321
INFO 2025-03-11 14:47:46,979 call_r_plant Inserted new plant: 6250
INFO 2025-03-11 14:47:47,321 call_r_plant Inserted new plant: 58350
INFO 2025-03-11 14:47:47,652 call_r_plant Inserted new plant: 60779
INFO 2025-03-11 14:47:47,993 call_r_plant Inserted new plant: 60440
INFO 2025-03-11 14:47:48,327 call_r_plant Inserted new plant: 6038
INFO 2025-03-11 14:47:48,660 call_r_plant Inserted new plant: 58853
INFO 2025-03-11 14:47:48,995 call_r_plant Inserted new plant: 60020
INFO 2025-03-11 14:47:49,332 call_r_plant Inserted new plant: 59936
INFO 2025-03-11 14:47:49,668 call_r_plant Inserted new plant: 64117
INFO 2025-03-11 14:47:50,007 call_r_plant Inserted new plant: 59513
INFO 2025-03-11 14:47:50,341 call_r_plant Inserted new plant: 63267
INFO 2025-03-11 14:47:50,676 call_r_plant Inserted new plant: 59502
INFO 2025-03-11 14:47:51,017 call_r_plant Inserted new plant: 60579
INFO 2025-03-11 14:47:51,366 call_r_plant Inserted new plant: 10181
INFO 2025-03-11 14:47:51,709 call_r_plant Inserted new plant: 58336
INFO 2025-03-11 14:47:52,055 call_r_plant Inserted new plant: 61196
INFO 2025-03-11 14:47:52,400 call_r_plant Inserted new plant: 62328
INFO 2025-03-11 14:47:52,737 call_r_plant Inserted new plant: 66719
INFO 2025-03-11 14:47:53,079 call_r_plant Inserted new plant: 59576
INFO 2025-03-11 14:47:53,415 call_r_plant Inserted new plant: 61093
INFO 2025-03-11 14:47:53,748 call_r_plant Inserted new plant: 58739
INFO 2025-03-11 14:47:54,089 call_r_plant Inserted new plant: 58740
INFO 2025-03-11 14:47:54,441 call_r_plant Inserted new plant: 59577
INFO 2025-03-11 14:47:54,774 call_r_plant Inserted new plant: 2746
INFO 2025-03-11 14:47:55,119 call_r_plant Inserted new plant: 58313
INFO 2025-03-11 14:47:55,453 call_r_plant Inserted new plant: 59570
INFO 2025-03-11 14:47:55,805 call_r_plant Inserted new plant: 60417
INFO 2025-03-11 14:47:56,144 call_r_plant Inserted new plant: 59123
INFO 2025-03-11 14:47:56,479 call_r_plant Inserted new plant: 57505
INFO 2025-03-11 14:47:56,819 call_r_plant Inserted new plant: 56343
INFO 2025-03-11 14:47:57,162 call_r_plant Inserted new plant: 59578
INFO 2025-03-11 14:47:57,505 call_r_plant Inserted new plant: 60383
INFO 2025-03-11 14:47:57,838 call_r_plant Inserted new plant: 58649
INFO 2025-03-11 14:47:58,187 call_r_plant Inserted new plant: 64193
INFO 2025-03-11 14:47:58,527 call_r_plant Inserted new plant: 58337
INFO 2025-03-11 14:47:58,895 call_r_plant Inserted new plant: 58338
INFO 2025-03-11 14:47:59,336 call_r_plant Inserted new plant: 61405
INFO 2025-03-11 14:47:59,668 call_r_plant Inserted new plant: 60133
INFO 2025-03-11 14:48:00,020 call_r_plant Inserted new plant: 60422
INFO 2025-03-11 14:48:00,364 call_r_plant Inserted new plant: 56344
INFO 2025-03-11 14:48:00,707 call_r_plant Inserted new plant: 56064
INFO 2025-03-11 14:48:01,042 call_r_plant Inserted new plant: 61881
INFO 2025-03-11 14:48:01,385 call_r_plant Inserted new plant: 59107
INFO 2025-03-11 14:48:01,740 call_r_plant Inserted new plant: 59908
INFO 2025-03-11 14:48:02,090 call_r_plant Inserted new plant: 2728
INFO 2025-03-11 14:48:02,424 call_r_plant Inserted new plant: 66487
INFO 2025-03-11 14:48:02,756 call_r_plant Inserted new plant: 58345
INFO 2025-03-11 14:48:03,094 call_r_plant Inserted new plant: 59645
INFO 2025-03-11 14:48:03,430 call_r_plant Inserted new plant: 66986
INFO 2025-03-11 14:48:03,784 call_r_plant Inserted new plant: 59509
INFO 2025-03-11 14:48:04,157 call_r_plant Inserted new plant: 57677
INFO 2025-03-11 14:48:04,516 call_r_plant Inserted new plant: 55002
INFO 2025-03-11 14:48:04,851 call_r_plant Inserted new plant: 61533
INFO 2025-03-11 14:48:05,185 call_r_plant Inserted new plant: 61610
INFO 2025-03-11 14:48:05,521 call_r_plant Inserted new plant: 56249
INFO 2025-03-11 14:48:05,859 call_r_plant Inserted new plant: 56292
INFO 2025-03-11 14:48:06,215 call_r_plant Inserted new plant: 61675
INFO 2025-03-11 14:48:06,554 call_r_plant Inserted new plant: 61676
INFO 2025-03-11 14:48:06,891 call_r_plant Inserted new plant: 2747
INFO 2025-03-11 14:48:07,251 call_r_plant Inserted new plant: 54894
INFO 2025-03-11 14:48:07,583 call_r_plant Inserted new plant: 58854
INFO 2025-03-11 14:48:07,935 call_r_plant Inserted new plant: 58855
INFO 2025-03-11 14:48:08,269 call_r_plant Inserted new plant: 64118
INFO 2025-03-11 14:48:08,606 call_r_plant Inserted new plant: 60408
INFO 2025-03-11 14:48:08,946 call_r_plant Inserted new plant: 60134
INFO 2025-03-11 14:48:09,287 call_r_plant Inserted new plant: 60072
INFO 2025-03-11 14:48:09,632 call_r_plant Inserted new plant: 58524
INFO 2025-03-11 14:48:09,974 call_r_plant Inserted new plant: 56688
INFO 2025-03-11 14:48:10,318 call_r_plant Inserted new plant: 58339
INFO 2025-03-11 14:48:10,675 call_r_plant Inserted new plant: 59835
INFO 2025-03-11 14:48:11,014 call_r_plant Inserted new plant: 58741
INFO 2025-03-11 14:48:11,355 call_r_plant Inserted new plant: 64119
INFO 2025-03-11 14:48:11,693 call_r_plant Inserted new plant: 62205
INFO 2025-03-11 14:48:12,034 call_r_plant Inserted new plant: 59501
INFO 2025-03-11 14:48:12,376 call_r_plant Inserted new plant: 61778
INFO 2025-03-11 14:48:12,710 call_r_plant Inserted new plant: 58531
INFO 2025-03-11 14:48:13,050 call_r_plant Inserted new plant: 58880
INFO 2025-03-11 14:48:13,381 call_r_plant Inserted new plant: 60651
INFO 2025-03-11 14:48:13,751 call_r_plant Inserted new plant: 60992
INFO 2025-03-11 14:48:14,090 call_r_plant Inserted new plant: 67161
INFO 2025-03-11 14:48:14,463 call_r_plant Inserted new plant: 64683
INFO 2025-03-11 14:48:14,796 call_r_plant Inserted new plant: 58851
INFO 2025-03-11 14:48:15,133 call_r_plant Inserted new plant: 66720
INFO 2025-03-11 14:48:15,471 call_r_plant Inserted new plant: 6377
INFO 2025-03-11 14:48:15,810 call_r_plant Inserted new plant: 61534
INFO 2025-03-11 14:48:16,148 call_r_plant Inserted new plant: 59519
INFO 2025-03-11 14:48:16,486 call_r_plant Inserted new plant: 64522
INFO 2025-03-11 14:48:16,817 call_r_plant Inserted new plant: 60600
INFO 2025-03-11 14:48:17,155 call_r_plant Inserted new plant: 61094
INFO 2025-03-11 14:48:17,488 call_r_plant Inserted new plant: 58558
INFO 2025-03-11 14:48:17,824 call_r_plant Inserted new plant: 58638
INFO 2025-03-11 14:48:18,170 call_r_plant Inserted new plant: 60284
INFO 2025-03-11 14:48:18,514 call_r_plant Inserted new plant: 59999
INFO 2025-03-11 14:48:18,848 call_r_plant Inserted new plant: 66372
INFO 2025-03-11 14:48:19,188 call_r_plant Inserted new plant: 66721
INFO 2025-03-11 14:48:19,525 call_r_plant Inserted new plant: 58742
INFO 2025-03-11 14:48:19,868 call_r_plant Inserted new plant: 2729
INFO 2025-03-11 14:48:20,207 call_r_plant Inserted new plant: 58305
INFO 2025-03-11 14:48:20,546 call_r_plant Inserted new plant: 50509
INFO 2025-03-11 14:48:20,891 call_r_plant Inserted new plant: 58538
INFO 2025-03-11 14:48:21,231 call_r_plant Inserted new plant: 63692
INFO 2025-03-11 14:48:21,566 call_r_plant Inserted new plant: 62018
INFO 2025-03-11 14:48:21,904 call_r_plant Inserted new plant: 58799
INFO 2025-03-11 14:48:22,241 call_r_plant Inserted new plant: 62089
INFO 2025-03-11 14:48:22,574 call_r_plant Inserted new plant: 62128
INFO 2025-03-11 14:48:22,916 call_r_plant Inserted new plant: 62129
INFO 2025-03-11 14:48:23,255 call_r_plant Inserted new plant: 62120
INFO 2025-03-11 14:48:23,974 call_r_plant Inserted new plant: 62121
INFO 2025-03-11 14:48:24,507 call_r_plant Inserted new plant: 62122
INFO 2025-03-11 14:48:25,131 call_r_plant Inserted new plant: 62123
INFO 2025-03-11 14:48:25,740 call_r_plant Inserted new plant: 62124
INFO 2025-03-11 14:48:26,215 call_r_plant Inserted new plant: 62125
INFO 2025-03-11 14:48:26,554 call_r_plant Inserted new plant: 62126
INFO 2025-03-11 14:48:26,906 call_r_plant Inserted new plant: 62127
INFO 2025-03-11 14:48:27,272 call_r_plant Inserted new plant: 63827
INFO 2025-03-11 14:48:27,609 call_r_plant Inserted new plant: 59530
INFO 2025-03-11 14:48:27,951 call_r_plant Inserted new plant: 58856
INFO 2025-03-11 14:48:28,313 call_r_plant Inserted new plant: 65555
INFO 2025-03-11 14:48:28,676 call_r_plant Inserted new plant: 62659
INFO 2025-03-11 14:48:29,017 call_r_plant Inserted new plant: 59157
INFO 2025-03-11 14:48:29,355 call_r_plant Inserted new plant: 60030
INFO 2025-03-11 14:48:29,693 call_r_plant Inserted new plant: 63266
INFO 2025-03-11 14:48:30,049 call_r_plant Inserted new plant: 60629
INFO 2025-03-11 14:48:30,400 call_r_plant Inserted new plant: 61134
INFO 2025-03-11 14:48:30,741 call_r_plant Inserted new plant: 65106
INFO 2025-03-11 14:48:31,104 call_r_plant Inserted new plant: 61404
INFO 2025-03-11 14:48:31,446 call_r_plant Inserted new plant: 63835
INFO 2025-03-11 14:48:31,786 call_r_plant Inserted new plant: 60298
INFO 2025-03-11 14:48:32,141 call_r_plant Inserted new plant: 61978
INFO 2025-03-11 14:48:32,475 call_r_plant Inserted new plant: 56345
INFO 2025-03-11 14:48:32,812 call_r_plant Inserted new plant: 7826
INFO 2025-03-11 14:48:33,149 call_r_plant Inserted new plant: 63015
INFO 2025-03-11 14:48:33,505 call_r_plant Inserted new plant: 58480
INFO 2025-03-11 14:48:33,839 call_r_plant Inserted new plant: 66373
INFO 2025-03-11 14:48:34,176 call_r_plant Inserted new plant: 59917
INFO 2025-03-11 14:48:34,530 call_r_plant Inserted new plant: 59504
INFO 2025-03-11 14:48:34,866 call_r_plant Inserted new plant: 64035
INFO 2025-03-11 14:48:35,215 call_r_plant Inserted new plant: 59533
INFO 2025-03-11 14:48:35,561 call_r_plant Inserted new plant: 58529
INFO 2025-03-11 14:48:35,892 call_r_plant Inserted new plant: 58493
INFO 2025-03-11 14:48:36,241 call_r_plant Inserted new plant: 58494
INFO 2025-03-11 14:48:36,578 call_r_plant Inserted new plant: 58495
INFO 2025-03-11 14:48:36,924 call_r_plant Inserted new plant: 56966
INFO 2025-03-11 14:48:37,261 call_r_plant Inserted new plant: 62095
INFO 2025-03-11 14:48:37,601 call_r_plant Inserted new plant: 6438
INFO 2025-03-11 14:48:37,937 call_r_plant Inserted new plant: 59506
INFO 2025-03-11 14:48:38,275 call_r_plant Inserted new plant: 58274
INFO 2025-03-11 14:48:38,605 call_r_plant Inserted new plant: 58316
INFO 2025-03-11 14:48:38,949 call_r_plant Inserted new plant: 61095
INFO 2025-03-11 14:48:39,297 call_r_plant Inserted new plant: 63381
INFO 2025-03-11 14:48:39,634 call_r_plant Inserted new plant: 66988
INFO 2025-03-11 14:48:40,001 call_r_plant Inserted new plant: 58810
INFO 2025-03-11 14:48:40,337 call_r_plant Inserted new plant: 61813
INFO 2025-03-11 14:48:40,676 call_r_plant Inserted new plant: 63017
INFO 2025-03-11 14:48:41,030 call_r_plant Inserted new plant: 59760
INFO 2025-03-11 14:48:41,373 call_r_plant Inserted new plant: 60929
INFO 2025-03-11 14:48:41,708 call_r_plant Inserted new plant: 60129
INFO 2025-03-11 14:48:42,062 call_r_plant Inserted new plant: 62131
INFO 2025-03-11 14:48:42,409 call_r_plant Inserted new plant: 62204
INFO 2025-03-11 14:48:42,745 call_r_plant Inserted new plant: 59114
INFO 2025-03-11 14:48:43,078 call_r_plant Inserted new plant: 58865
INFO 2025-03-11 14:48:43,411 call_r_plant Inserted new plant: 2730
INFO 2025-03-11 14:48:43,751 call_r_plant Inserted new plant: 65583
INFO 2025-03-11 14:48:44,090 call_r_plant Inserted new plant: 7805
INFO 2025-03-11 14:48:44,435 call_r_plant Inserted new plant: 65110
INFO 2025-03-11 14:48:44,778 call_r_plant Inserted new plant: 60487
INFO 2025-03-11 14:48:45,117 call_r_plant Inserted new plant: 2758
INFO 2025-03-11 14:48:45,453 call_r_plant Inserted new plant: 59763
INFO 2025-03-11 14:48:45,791 call_r_plant Inserted new plant: 60165
INFO 2025-03-11 14:48:46,132 call_r_plant Inserted new plant: 58347
INFO 2025-03-11 14:48:46,464 call_r_plant Inserted new plant: 55116
INFO 2025-03-11 14:48:46,799 call_r_plant Inserted new plant: 60106
INFO 2025-03-11 14:48:47,137 call_r_plant Inserted new plant: 58668
INFO 2025-03-11 14:48:47,491 call_r_plant Inserted new plant: 50468
INFO 2025-03-11 14:48:47,827 call_r_plant Inserted new plant: 60761
INFO 2025-03-11 14:48:48,167 call_r_plant Inserted new plant: 64511
INFO 2025-03-11 14:48:48,502 call_r_plant Inserted new plant: 59375
INFO 2025-03-11 14:48:48,838 call_r_plant Inserted new plant: 50555
INFO 2025-03-11 14:48:49,181 call_r_plant Inserted new plant: 61520
INFO 2025-03-11 14:48:49,525 call_r_plant Inserted new plant: 2712
INFO 2025-03-11 14:48:49,867 call_r_plant Inserted new plant: 58340
INFO 2025-03-11 14:48:50,206 call_r_plant Inserted new plant: 61288
INFO 2025-03-11 14:48:50,543 call_r_plant Inserted new plant: 59831
INFO 2025-03-11 14:48:50,884 call_r_plant Inserted new plant: 62594
INFO 2025-03-11 14:48:51,214 call_r_plant Inserted new plant: 60922
INFO 2025-03-11 14:48:51,572 call_r_plant Inserted new plant: 59589
INFO 2025-03-11 14:48:51,913 call_r_plant Inserted new plant: 64677
INFO 2025-03-11 14:48:52,267 call_r_plant Inserted new plant: 56915
INFO 2025-03-11 14:48:52,608 call_r_plant Inserted new plant: 60108
INFO 2025-03-11 14:48:52,945 call_r_plant Inserted new plant: 62596
INFO 2025-03-11 14:48:53,280 call_r_plant Inserted new plant: 62102
INFO 2025-03-11 14:48:53,618 call_r_plant Inserted new plant: 54984
INFO 2025-03-11 14:48:53,953 call_r_plant Inserted new plant: 61128
INFO 2025-03-11 14:48:54,332 call_r_plant Inserted new plant: 58805
INFO 2025-03-11 14:48:54,670 call_r_plant Inserted new plant: 61096
INFO 2025-03-11 14:48:55,005 call_r_plant Inserted new plant: 58491
INFO 2025-03-11 14:48:55,349 call_r_plant Inserted new plant: 62692
INFO 2025-03-11 14:48:55,690 call_r_plant Inserted new plant: 54898
INFO 2025-03-11 14:48:56,059 call_r_plant Inserted new plant: 59500
INFO 2025-03-11 14:48:56,410 call_r_plant Inserted new plant: 66722
INFO 2025-03-11 14:48:56,760 call_r_plant Inserted new plant: 66723
INFO 2025-03-11 14:48:57,097 call_r_plant Inserted new plant: 60921
INFO 2025-03-11 14:48:57,435 call_r_plant Inserted new plant: 59591
INFO 2025-03-11 14:48:57,774 call_r_plant Inserted new plant: 63345
INFO 2025-03-11 14:48:58,116 call_r_plant Inserted new plant: 59643
INFO 2025-03-11 14:48:58,452 call_r_plant Inserted new plant: 65556
INFO 2025-03-11 14:48:58,800 call_r_plant Inserted new plant: 59592
INFO 2025-03-11 14:48:59,166 call_r_plant Inserted new plant: 60439
INFO 2025-03-11 14:48:59,505 call_r_plant Inserted new plant: 58669
INFO 2025-03-11 14:48:59,845 call_r_plant Inserted new plant: 66374
INFO 2025-03-11 14:49:00,191 call_r_plant Inserted new plant: 58956
INFO 2025-03-11 14:49:00,550 call_r_plant Inserted new plant: 58323
INFO 2025-03-11 14:49:00,890 call_r_plant Inserted new plant: 59155
INFO 2025-03-11 14:49:01,238 call_r_plant Inserted new plant: 60101
INFO 2025-03-11 14:49:01,578 call_r_plant Inserted new plant: 57200
INFO 2025-03-11 14:49:01,917 call_r_plant Inserted new plant: 54363
INFO 2025-03-11 14:49:02,268 call_r_plant Inserted new plant: 56063
INFO 2025-03-11 14:49:02,618 call_r_plant Inserted new plant: 60156
INFO 2025-03-11 14:49:02,956 call_r_plant Inserted new plant: 66375
INFO 2025-03-11 14:49:03,291 call_r_plant Inserted new plant: 62691
INFO 2025-03-11 14:49:03,639 call_r_plant Inserted new plant: 60380
INFO 2025-03-11 14:49:03,976 call_r_plant Inserted new plant: 58861
INFO 2025-03-11 14:49:04,334 call_r_plant Inserted new plant: 61019
INFO 2025-03-11 14:49:04,674 call_r_plant Inserted new plant: 64121
INFO 2025-03-11 14:49:05,018 call_r_plant Inserted new plant: 59149
INFO 2025-03-11 14:49:05,354 call_r_plant Inserted new plant: 65567
INFO 2025-03-11 14:49:05,687 call_r_plant Inserted new plant: 54823
INFO 2025-03-11 14:49:06,022 call_r_plant Inserted new plant: 56035
INFO 2025-03-11 14:49:06,358 call_r_plant Inserted new plant: 58575
INFO 2025-03-11 14:49:06,689 call_r_plant Inserted new plant: 65551
INFO 2025-03-11 14:49:07,030 call_r_plant Inserted new plant: 60367
INFO 2025-03-11 14:49:07,362 call_r_plant Inserted new plant: 59106
INFO 2025-03-11 14:49:07,715 call_r_plant Inserted new plant: 59857
INFO 2025-03-11 14:49:08,054 call_r_plant Inserted new plant: 59856
INFO 2025-03-11 14:49:08,402 call_r_plant Inserted new plant: 64237
INFO 2025-03-11 14:49:08,737 call_r_plant Inserted new plant: 57435
INFO 2025-03-11 14:49:09,076 call_r_plant Inserted new plant: 59191
INFO 2025-03-11 14:49:09,414 call_r_plant Inserted new plant: 59192
INFO 2025-03-11 14:49:09,755 call_r_plant Inserted new plant: 60580
INFO 2025-03-11 14:49:10,090 call_r_plant Inserted new plant: 59934
INFO 2025-03-11 14:49:10,435 call_r_plant Inserted new plant: 58782
INFO 2025-03-11 14:49:10,779 call_r_plant Inserted new plant: 58829
INFO 2025-03-11 14:49:11,118 call_r_plant Inserted new plant: 58745
INFO 2025-03-11 14:49:11,453 call_r_plant Inserted new plant: 59606
INFO 2025-03-11 14:49:11,800 call_r_plant Inserted new plant: 60798
INFO 2025-03-11 14:49:12,136 call_r_plant Inserted new plant: 59377
INFO 2025-03-11 14:49:12,466 call_r_plant Inserted new plant: 59825
INFO 2025-03-11 14:49:12,804 call_r_plant Inserted new plant: 64509
INFO 2025-03-11 14:49:13,155 call_r_plant Inserted new plant: 58273
INFO 2025-03-11 14:49:13,491 call_r_plant Inserted new plant: 60409
INFO 2025-03-11 14:49:13,829 call_r_plant Inserted new plant: 60553
INFO 2025-03-11 14:49:14,169 call_r_plant Inserted new plant: 66724
INFO 2025-03-11 14:49:14,504 call_r_plant Inserted new plant: 62821
INFO 2025-03-11 14:49:14,841 call_r_plant Inserted new plant: 61220
INFO 2025-03-11 14:49:15,184 call_r_plant Inserted new plant: 64520
INFO 2025-03-11 14:49:15,517 call_r_plant Inserted new plant: 59109
INFO 2025-03-11 14:49:15,854 call_r_plant Inserted new plant: 66465
INFO 2025-03-11 14:49:16,194 call_r_plant Inserted new plant: 62997
INFO 2025-03-11 14:49:16,533 call_r_plant Inserted new plant: 59593
INFO 2025-03-11 14:49:16,866 call_r_plant Inserted new plant: 60396
INFO 2025-03-11 14:49:17,212 call_r_plant Inserted new plant: 61156
INFO 2025-03-11 14:49:17,562 call_r_plant Inserted new plant: 59604
INFO 2025-03-11 14:49:17,915 call_r_plant Inserted new plant: 60257
INFO 2025-03-11 14:49:18,248 call_r_plant Inserted new plant: 64702
INFO 2025-03-11 14:49:18,587 call_r_plant Inserted new plant: 58746
INFO 2025-03-11 14:49:18,937 call_r_plant Inserted new plant: 62602
INFO 2025-03-11 14:49:19,280 call_r_plant Inserted new plant: 56552
INFO 2025-03-11 14:49:19,626 call_r_plant Inserted new plant: 61535
INFO 2025-03-11 14:49:19,966 call_r_plant Inserted new plant: 56062
INFO 2025-03-11 14:49:20,311 call_r_plant Inserted new plant: 59595
INFO 2025-03-11 14:49:20,657 call_r_plant Inserted new plant: 61085
INFO 2025-03-11 14:49:20,998 call_r_plant Inserted new plant: 62820
INFO 2025-03-11 14:49:21,343 call_r_plant Inserted new plant: 59581
INFO 2025-03-11 14:49:21,711 call_r_plant Inserted new plant: 63270
INFO 2025-03-11 14:49:22,046 call_r_plant Inserted new plant: 60189
INFO 2025-03-11 14:49:22,389 call_r_plant Inserted new plant: 63807
INFO 2025-03-11 14:49:22,723 call_r_plant Inserted new plant: 60611
INFO 2025-03-11 14:49:23,064 call_r_plant Inserted new plant: 66376
INFO 2025-03-11 14:49:23,407 call_r_plant Inserted new plant: 59505
INFO 2025-03-11 14:49:23,752 call_r_plant Inserted new plant: 61287
INFO 2025-03-11 14:49:24,091 call_r_plant Inserted new plant: 61842
INFO 2025-03-11 14:49:24,432 call_r_plant Inserted new plant: 64311
INFO 2025-03-11 14:49:24,797 call_r_plant Inserted new plant: 56938
INFO 2025-03-11 14:49:25,134 call_r_plant Inserted new plant: 59898
INFO 2025-03-11 14:49:25,471 call_r_plant Inserted new plant: 64477
INFO 2025-03-11 14:49:25,812 call_r_plant Inserted new plant: 58864
INFO 2025-03-11 14:49:26,182 call_r_plant Inserted new plant: 60638
INFO 2025-03-11 14:49:26,591 call_r_plant Inserted new plant: 64476
INFO 2025-03-11 14:49:26,950 call_r_plant Inserted new plant: 64273
INFO 2025-03-11 14:49:27,317 call_r_plant Inserted new plant: 59824
INFO 2025-03-11 14:49:27,746 call_r_plant Inserted new plant: 60048
INFO 2025-03-11 14:49:28,157 call_r_plant Inserted new plant: 60191
INFO 2025-03-11 14:49:28,570 call_r_plant Inserted new plant: 60394
INFO 2025-03-11 14:49:28,983 call_r_plant Inserted new plant: 60691
INFO 2025-03-11 14:49:29,395 call_r_plant Inserted new plant: 59648
INFO 2025-03-11 14:49:29,781 call_r_plant Inserted new plant: 59583
INFO 2025-03-11 14:49:30,130 call_r_plant Inserted new plant: 60160
INFO 2025-03-11 14:49:30,471 call_r_plant Inserted new plant: 57402
INFO 2025-03-11 14:49:30,913 call_r_plant Inserted new plant: 2749
INFO 2025-03-11 14:49:31,248 call_r_plant Inserted new plant: 57366
INFO 2025-03-11 14:49:31,588 call_r_plant Inserted new plant: 62786
INFO 2025-03-11 14:49:31,923 call_r_plant Inserted new plant: 60850
INFO 2025-03-11 14:49:32,267 call_r_plant Inserted new plant: 59152
INFO 2025-03-11 14:49:32,633 call_r_plant Inserted new plant: 2750
INFO 2025-03-11 14:49:32,959 call_r_plant Inserted new plant: 62540
INFO 2025-03-11 14:49:33,310 call_r_plant Inserted new plant: 65111
INFO 2025-03-11 14:49:33,646 call_r_plant Inserted new plant: 59217
INFO 2025-03-11 14:49:33,986 call_r_plant Inserted new plant: 60429
INFO 2025-03-11 14:49:34,338 call_r_plant Inserted new plant: 2714
INFO 2025-03-11 14:49:34,690 call_r_plant Inserted new plant: 65550
INFO 2025-03-11 14:49:35,027 call_r_plant Inserted new plant: 61131
INFO 2025-03-11 14:49:35,357 call_r_plant Inserted new plant: 59498
INFO 2025-03-11 14:49:35,690 call_r_plant Inserted new plant: 65549
INFO 2025-03-11 14:49:36,031 call_r_plant Inserted new plant: 63842
INFO 2025-03-11 14:49:36,363 call_r_plant Inserted new plant: 60291
INFO 2025-03-11 14:49:36,704 call_r_plant Inserted new plant: 61086
INFO 2025-03-11 14:49:37,041 call_r_plant Inserted new plant: 64366
INFO 2025-03-11 14:49:37,380 call_r_plant Inserted new plant: 65548
INFO 2025-03-11 14:49:37,716 call_r_plant Inserted new plant: 2751
INFO 2025-03-11 14:49:38,065 call_r_plant Inserted new plant: 54897
INFO 2025-03-11 14:49:38,405 call_r_plant Inserted new plant: 58670
INFO 2025-03-11 14:49:38,749 call_r_plant Inserted new plant: 60000
INFO 2025-03-11 14:49:39,111 call_r_plant Inserted new plant: 2735
INFO 2025-03-11 14:49:39,444 call_r_plant Inserted new plant: 2736
INFO 2025-03-11 14:49:39,778 call_r_plant Inserted new plant: 58348
INFO 2025-03-11 14:49:40,129 call_r_plant Inserted new plant: 60510
INFO 2025-03-11 14:49:40,461 call_r_plant Inserted new plant: 59427
INFO 2025-03-11 14:49:40,793 call_r_plant Inserted new plant: 60998
INFO 2025-03-11 14:49:41,143 call_r_plant Inserted new plant: 54276
INFO 2025-03-11 14:49:41,533 call_r_plant Inserted new plant: 58812
INFO 2025-03-11 14:49:41,870 call_r_plant Inserted new plant: 58526
INFO 2025-03-11 14:49:42,226 call_r_plant Inserted new plant: 64674
INFO 2025-03-11 14:49:42,565 call_r_plant Inserted new plant: 59761
INFO 2025-03-11 14:49:42,901 call_r_plant Inserted new plant: 59928
INFO 2025-03-11 14:49:43,245 call_r_plant Inserted new plant: 60001
INFO 2025-03-11 14:49:43,594 call_r_plant Inserted new plant: 63734
INFO 2025-03-11 14:49:43,932 call_r_plant Inserted new plant: 59190
INFO 2025-03-11 14:49:44,269 call_r_plant Inserted new plant: 59605
INFO 2025-03-11 14:49:44,627 call_r_plant Inserted new plant: 60961
INFO 2025-03-11 14:49:44,988 call_r_plant Inserted new plant: 60920
INFO 2025-03-11 14:49:45,326 call_r_plant Inserted new plant: 66358
INFO 2025-03-11 14:49:45,667 call_r_plant Inserted new plant: 2716
INFO 2025-03-11 14:49:46,013 call_r_plant Inserted new plant: 58863
INFO 2025-03-11 14:49:46,361 call_r_plant Inserted new plant: 62627
INFO 2025-03-11 14:49:46,694 call_r_plant Inserted new plant: 61087
INFO 2025-03-11 14:49:47,032 call_r_plant Inserted new plant: 60575
INFO 2025-03-11 14:49:47,379 call_r_plant Inserted new plant: 60576
INFO 2025-03-11 14:49:47,717 call_r_plant Inserted new plant: 61129
INFO 2025-03-11 14:49:48,055 call_r_plant Inserted new plant: 58862
INFO 2025-03-11 14:49:48,386 call_r_plant Inserted new plant: 59688
INFO 2025-03-11 14:49:48,727 call_r_plant Inserted new plant: 64513
INFO 2025-03-11 14:49:49,067 call_r_plant Inserted new plant: 61536
INFO 2025-03-11 14:49:49,407 call_r_plant Inserted new plant: 59050
INFO 2025-03-11 14:49:49,743 call_r_plant Inserted new plant: 2715
INFO 2025-03-11 14:49:50,083 call_r_plant Inserted new plant: 59603
INFO 2025-03-11 14:49:50,416 call_r_plant Inserted new plant: 60393
INFO 2025-03-11 14:49:50,756 call_r_plant Inserted new plant: 57607
INFO 2025-03-11 14:49:51,093 call_r_plant Inserted new plant: 62223
INFO 2025-03-11 14:49:51,422 call_r_plant Inserted new plant: 58312
INFO 2025-03-11 14:49:51,759 call_r_plant Inserted new plant: 62100
INFO 2025-03-11 14:49:52,117 call_r_plant Inserted new plant: 58848
INFO 2025-03-11 14:49:52,465 call_r_plant Inserted new plant: 59119
INFO 2025-03-11 14:49:52,800 call_r_plant Inserted new plant: 59120
INFO 2025-03-11 14:49:53,144 call_r_plant Inserted new plant: 58845
INFO 2025-03-11 14:49:53,480 call_r_plant Inserted new plant: 58846
INFO 2025-03-11 14:49:53,823 call_r_plant Inserted new plant: 58135
INFO 2025-03-11 14:49:54,159 call_r_plant Inserted new plant: 57169
INFO 2025-03-11 14:49:54,496 call_r_plant Inserted new plant: 55534
INFO 2025-03-11 14:49:54,839 call_r_plant Inserted new plant: 59153
INFO 2025-03-11 14:49:55,186 call_r_plant Inserted new plant: 58317
INFO 2025-03-11 14:49:55,519 call_r_plant Inserted new plant: 60602
INFO 2025-03-11 14:49:55,865 call_r_plant Inserted new plant: 60598
INFO 2025-03-11 14:49:56,202 call_r_plant Inserted new plant: 60597
INFO 2025-03-11 14:49:56,542 call_r_plant Inserted new plant: 65547
INFO 2025-03-11 14:49:56,879 call_r_plant Inserted new plant: 59584
INFO 2025-03-11 14:49:57,220 call_r_plant Inserted new plant: 62595
INFO 2025-03-11 14:49:57,565 call_r_plant Inserted new plant: 59111
INFO 2025-03-11 14:49:57,927 call_r_plant Inserted new plant: 59112
INFO 2025-03-11 14:49:58,295 call_r_plant Inserted new plant: 57608
INFO 2025-03-11 14:49:58,629 call_r_plant Inserted new plant: 66725
INFO 2025-03-11 14:49:58,996 call_r_plant Inserted new plant: 59526
INFO 2025-03-11 14:49:59,343 call_r_plant Inserted new plant: 60438
INFO 2025-03-11 14:49:59,687 call_r_plant Inserted new plant: 58341
INFO 2025-03-11 14:50:00,059 call_r_plant Inserted new plant: 60363
INFO 2025-03-11 14:50:00,411 call_r_plant Inserted new plant: 60364
INFO 2025-03-11 14:50:00,771 call_r_plant Inserted new plant: 62544
INFO 2025-03-11 14:50:01,103 call_r_plant Inserted new plant: 60287
INFO 2025-03-11 14:50:01,442 call_r_plant Inserted new plant: 59176
INFO 2025-03-11 14:50:01,779 call_r_plant Inserted new plant: 60787
INFO 2025-03-11 14:50:02,114 call_r_plant Inserted new plant: 60484
INFO 2025-03-11 14:50:02,448 call_r_plant Inserted new plant: 58342
INFO 2025-03-11 14:50:02,789 call_r_plant Inserted new plant: 61274
INFO 2025-03-11 14:50:03,123 call_r_plant Inserted new plant: 61275
INFO 2025-03-11 14:50:03,460 call_r_plant Inserted new plant: 61276
INFO 2025-03-11 14:50:03,814 call_r_plant Inserted new plant: 61277
INFO 2025-03-11 14:50:04,150 call_r_plant Inserted new plant: 61278
INFO 2025-03-11 14:50:04,488 call_r_plant Inserted new plant: 61279
INFO 2025-03-11 14:50:04,822 call_r_plant Inserted new plant: 61280
INFO 2025-03-11 14:50:05,178 call_r_plant Inserted new plant: 58847
INFO 2025-03-11 14:50:05,512 call_r_plant Inserted new plant: 64678
INFO 2025-03-11 14:50:05,863 call_r_plant Inserted new plant: 59171
INFO 2025-03-11 14:50:06,209 call_r_plant Inserted new plant: 59177
INFO 2025-03-11 14:50:06,555 call_r_plant Inserted new plant: 59586
INFO 2025-03-11 14:50:06,912 call_r_plant Inserted new plant: 59175
INFO 2025-03-11 14:50:07,259 call_r_plant Inserted new plant: 62304
INFO 2025-03-11 14:50:07,591 call_r_plant Inserted new plant: 63272
INFO 2025-03-11 14:50:07,931 call_r_plant Inserted new plant: 58046
INFO 2025-03-11 14:50:08,270 call_r_plant Inserted new plant: 60361
INFO 2025-03-11 14:50:08,607 call_r_plant Inserted new plant: 64822
INFO 2025-03-11 14:50:08,960 call_r_plant Inserted new plant: 59146
INFO 2025-03-11 14:50:09,293 call_r_plant Inserted new plant: 59587
INFO 2025-03-11 14:50:09,636 call_r_plant Inserted new plant: 59950
INFO 2025-03-11 14:50:09,969 call_r_plant Inserted new plant: 58343
INFO 2025-03-11 14:50:10,305 call_r_plant Inserted new plant: 59113
INFO 2025-03-11 14:50:10,638 call_r_plant Inserted new plant: 60240
INFO 2025-03-11 14:50:10,969 call_r_plant Inserted new plant: 60107
INFO 2025-03-11 14:50:11,303 call_r_plant Inserted new plant: 60980
INFO 2025-03-11 14:50:11,643 call_r_plant Inserted new plant: 61257
INFO 2025-03-11 14:50:11,988 call_r_plant Inserted new plant: 60549
INFO 2025-03-11 14:50:12,323 call_r_plant Inserted new plant: 64367
INFO 2025-03-11 14:50:12,682 call_r_plant Inserted new plant: 54213
INFO 2025-03-11 14:50:13,014 call_r_plant Inserted new plant: 54210
INFO 2025-03-11 14:50:13,352 call_r_plant Inserted new plant: 6469
INFO 2025-03-11 14:50:13,688 call_r_plant Inserted new plant: 57032
INFO 2025-03-11 14:50:14,019 call_r_plant Inserted new plant: 57121
INFO 2025-03-11 14:50:14,380 call_r_plant Inserted new plant: 57387
INFO 2025-03-11 14:50:14,720 call_r_plant Inserted new plant: 63258
INFO 2025-03-11 14:50:15,058 call_r_plant Inserted new plant: 57347
INFO 2025-03-11 14:50:15,397 call_r_plant Inserted new plant: 57800
INFO 2025-03-11 14:50:15,733 call_r_plant Inserted new plant: 57801
INFO 2025-03-11 14:50:16,078 call_r_plant Inserted new plant: 58872
INFO 2025-03-11 14:50:16,410 call_r_plant Inserted new plant: 57038
INFO 2025-03-11 14:50:16,746 call_r_plant Inserted new plant: 59200
INFO 2025-03-11 14:50:17,110 call_r_plant Inserted new plant: 60354
INFO 2025-03-11 14:50:17,442 call_r_plant Inserted new plant: 60355
INFO 2025-03-11 14:50:17,773 call_r_plant Inserted new plant: 61100
INFO 2025-03-11 14:50:18,104 call_r_plant Inserted new plant: 57171
INFO 2025-03-11 14:50:18,449 call_r_plant Inserted new plant: 6030
INFO 2025-03-11 14:50:18,799 call_r_plant Inserted new plant: 58658
INFO 2025-03-11 14:50:19,150 call_r_plant Inserted new plant: 8222
INFO 2025-03-11 14:50:19,486 call_r_plant Inserted new plant: 7884
INFO 2025-03-11 14:50:19,825 call_r_plant Inserted new plant: 62380
INFO 2025-03-11 14:50:20,165 call_r_plant Inserted new plant: 54908
INFO 2025-03-11 14:50:20,504 call_r_plant Inserted new plant: 56919
INFO 2025-03-11 14:50:20,859 call_r_plant Inserted new plant: 56357
INFO 2025-03-11 14:50:21,197 call_r_plant Inserted new plant: 56099
INFO 2025-03-11 14:50:21,543 call_r_plant Inserted new plant: 56392
INFO 2025-03-11 14:50:21,888 call_r_plant Inserted new plant: 56573
INFO 2025-03-11 14:50:22,219 call_r_plant Inserted new plant: 61747
INFO 2025-03-11 14:50:22,564 call_r_plant Inserted new plant: 2815
INFO 2025-03-11 14:50:22,907 call_r_plant Inserted new plant: 62938
INFO 2025-03-11 14:50:23,254 call_r_plant Inserted new plant: 57172
INFO 2025-03-11 14:50:23,592 call_r_plant Inserted new plant: 2811
INFO 2025-03-11 14:50:23,928 call_r_plant Inserted new plant: 56098
INFO 2025-03-11 14:50:24,265 call_r_plant Inserted new plant: 2801
INFO 2025-03-11 14:50:24,605 call_r_plant Inserted new plant: 56242
INFO 2025-03-11 14:50:24,949 call_r_plant Inserted new plant: 56605
INFO 2025-03-11 14:50:25,291 call_r_plant Inserted new plant: 57033
INFO 2025-03-11 14:50:25,638 call_r_plant Inserted new plant: 56912
INFO 2025-03-11 14:50:25,983 call_r_plant Inserted new plant: 2817
INFO 2025-03-11 14:50:26,317 call_r_plant Inserted new plant: 59684
INFO 2025-03-11 14:50:26,667 call_r_plant Inserted new plant: 57943
INFO 2025-03-11 14:50:27,002 call_r_plant Inserted new plant: 57031
INFO 2025-03-11 14:50:27,344 call_r_plant Inserted new plant: 57048
INFO 2025-03-11 14:50:27,682 call_r_plant Inserted new plant: 2823
INFO 2025-03-11 14:50:28,038 call_r_plant Inserted new plant: 55995
INFO 2025-03-11 14:50:28,387 call_r_plant Inserted new plant: 59903
INFO 2025-03-11 14:50:28,727 call_r_plant Inserted new plant: 60905
INFO 2025-03-11 14:50:29,081 call_r_plant Inserted new plant: 57881
INFO 2025-03-11 14:50:29,422 call_r_plant Inserted new plant: 56607
INFO 2025-03-11 14:50:29,756 call_r_plant Inserted new plant: 2790
INFO 2025-03-11 14:50:30,094 call_r_plant Inserted new plant: 57097
INFO 2025-03-11 14:50:30,447 call_r_plant Inserted new plant: 56786
INFO 2025-03-11 14:50:30,781 call_r_plant Inserted new plant: 60088
INFO 2025-03-11 14:50:31,168 call_r_plant Inserted new plant: 56669
INFO 2025-03-11 14:50:31,500 call_r_plant Inserted new plant: 52133
INFO 2025-03-11 14:50:31,832 call_r_plant Inserted new plant: 58965
INFO 2025-03-11 14:50:32,168 call_r_plant Inserted new plant: 56670
INFO 2025-03-11 14:50:32,502 call_r_plant Inserted new plant: 57120
INFO 2025-03-11 14:50:32,847 call_r_plant Inserted new plant: 56162
INFO 2025-03-11 14:50:33,197 call_r_plant Inserted new plant: 65411
INFO 2025-03-11 14:50:33,532 call_r_plant Inserted new plant: 2214
INFO 2025-03-11 14:50:33,880 call_r_plant Inserted new plant: 57046
INFO 2025-03-11 14:50:34,214 call_r_plant Inserted new plant: 10862
INFO 2025-03-11 14:50:34,547 call_r_plant Inserted new plant: 2215
INFO 2025-03-11 14:50:34,891 call_r_plant Inserted new plant: 67122
INFO 2025-03-11 14:50:35,224 call_r_plant Inserted new plant: 8000
INFO 2025-03-11 14:50:35,557 call_r_plant Inserted new plant: 2217
INFO 2025-03-11 14:50:35,894 call_r_plant Inserted new plant: 2221
INFO 2025-03-11 14:50:36,230 call_r_plant Inserted new plant: 58981
INFO 2025-03-11 14:50:36,573 call_r_plant Inserted new plant: 57593
INFO 2025-03-11 14:50:36,911 call_r_plant Inserted new plant: 64222
INFO 2025-03-11 14:50:37,249 call_r_plant Inserted new plant: 2222
INFO 2025-03-11 14:50:37,587 call_r_plant Inserted new plant: 2241
INFO 2025-03-11 14:50:37,931 call_r_plant Inserted new plant: 60931
INFO 2025-03-11 14:50:38,266 call_r_plant Inserted new plant: 2223
INFO 2025-03-11 14:50:38,603 call_r_plant Inserted new plant: 2225
INFO 2025-03-11 14:50:38,970 call_r_plant Inserted new plant: 2226
INFO 2025-03-11 14:50:39,306 call_r_plant Inserted new plant: 55972
INFO 2025-03-11 14:50:39,676 call_r_plant Inserted new plant: 2230
INFO 2025-03-11 14:50:40,011 call_r_plant Inserted new plant: 7481
INFO 2025-03-11 14:50:40,355 call_r_plant Inserted new plant: 61467
INFO 2025-03-11 14:50:40,691 call_r_plant Inserted new plant: 2260
INFO 2025-03-11 14:50:41,128 call_r_plant Inserted new plant: 8036
INFO 2025-03-11 14:50:41,501 call_r_plant Inserted new plant: 61407
INFO 2025-03-11 14:50:41,845 call_r_plant Inserted new plant: 61668
INFO 2025-03-11 14:50:42,190 call_r_plant Inserted new plant: 60932
INFO 2025-03-11 14:50:42,545 call_r_plant Inserted new plant: 2231
INFO 2025-03-11 14:50:42,879 call_r_plant Inserted new plant: 57278
INFO 2025-03-11 14:50:43,224 call_r_plant Inserted new plant: 63393
INFO 2025-03-11 14:50:43,566 call_r_plant Inserted new plant: 2232
INFO 2025-03-11 14:50:43,904 call_r_plant Inserted new plant: 2233
INFO 2025-03-11 14:50:44,273 call_r_plant Inserted new plant: 2234
INFO 2025-03-11 14:50:44,610 call_r_plant Inserted new plant: 64223
INFO 2025-03-11 14:50:44,947 call_r_plant Inserted new plant: 2243
INFO 2025-03-11 14:50:45,289 call_r_plant Inserted new plant: 7955
INFO 2025-03-11 14:50:45,625 call_r_plant Inserted new plant: 56947
INFO 2025-03-11 14:50:45,959 call_r_plant Inserted new plant: 2235
INFO 2025-03-11 14:50:46,300 call_r_plant Inserted new plant: 2237
INFO 2025-03-11 14:50:46,642 call_r_plant Inserted new plant: 57283
INFO 2025-03-11 14:50:46,985 call_r_plant Inserted new plant: 63844
INFO 2025-03-11 14:50:47,330 call_r_plant Inserted new plant: 2238
INFO 2025-03-11 14:50:47,674 call_r_plant Inserted new plant: 6624
INFO 2025-03-11 14:50:48,012 call_r_plant Inserted new plant: 6077
INFO 2025-03-11 14:50:48,349 call_r_plant Inserted new plant: 60
INFO 2025-03-11 14:50:48,681 call_r_plant Inserted new plant: 58695
INFO 2025-03-11 14:50:49,015 call_r_plant Inserted new plant: 2265
INFO 2025-03-11 14:50:49,356 call_r_plant Inserted new plant: 62833
INFO 2025-03-11 14:50:49,699 call_r_plant Inserted new plant: 64139
INFO 2025-03-11 14:50:50,031 call_r_plant Inserted new plant: 2266
INFO 2025-03-11 14:50:50,369 call_r_plant Inserted new plant: 59713
INFO 2025-03-11 14:50:50,707 call_r_plant Inserted new plant: 2250
INFO 2025-03-11 14:50:51,049 call_r_plant Inserted new plant: 2227
INFO 2025-03-11 14:50:51,387 call_r_plant Inserted new plant: 2228
INFO 2025-03-11 14:50:51,745 call_r_plant Inserted new plant: 2229
INFO 2025-03-11 14:50:52,095 call_r_plant Inserted new plant: 2290
INFO 2025-03-11 14:50:52,460 call_r_plant Inserted new plant: 2268
INFO 2025-03-11 14:50:52,800 call_r_plant Inserted new plant: 61884
INFO 2025-03-11 14:50:53,132 call_r_plant Inserted new plant: 2248
INFO 2025-03-11 14:50:53,470 call_r_plant Inserted new plant: 56106
INFO 2025-03-11 14:50:53,804 call_r_plant Inserted new plant: 785
INFO 2025-03-11 14:50:54,165 call_r_plant Inserted new plant: 57262
INFO 2025-03-11 14:50:54,519 call_r_plant Inserted new plant: 2249
INFO 2025-03-11 14:50:54,854 call_r_plant Inserted new plant: 64336
INFO 2025-03-11 14:50:55,187 call_r_plant Inserted new plant: 2240
INFO 2025-03-11 14:50:55,522 call_r_plant Inserted new plant: 2253
INFO 2025-03-11 14:50:55,856 call_r_plant Inserted new plant: 7469
INFO 2025-03-11 14:50:56,192 call_r_plant Inserted new plant: 2271
INFO 2025-03-11 14:50:56,536 call_r_plant Inserted new plant: 64377
INFO 2025-03-11 14:50:56,870 call_r_plant Inserted new plant: 55033
INFO 2025-03-11 14:50:57,211 call_r_plant Inserted new plant: 6229
INFO 2025-03-11 14:50:57,548 call_r_plant Inserted new plant: 2273
INFO 2025-03-11 14:50:57,881 call_r_plant Inserted new plant: 65416
INFO 2025-03-11 14:50:58,233 call_r_plant Inserted new plant: 2255
INFO 2025-03-11 14:50:58,577 call_r_plant Inserted new plant: 7555
INFO 2025-03-11 14:50:58,923 call_r_plant Inserted new plant: 6096
INFO 2025-03-11 14:50:59,280 call_r_plant Inserted new plant: 2244
INFO 2025-03-11 14:50:59,631 call_r_plant Inserted new plant: 2291
INFO 2025-03-11 14:50:59,967 call_r_plant Inserted new plant: 2274
INFO 2025-03-11 14:51:00,312 call_r_plant Inserted new plant: 2294
INFO 2025-03-11 14:51:00,700 call_r_plant Inserted new plant: 2295
INFO 2025-03-11 14:51:01,037 call_r_plant Inserted new plant: 55027
INFO 2025-03-11 14:51:01,377 call_r_plant Inserted new plant: 2296
INFO 2025-03-11 14:51:01,725 call_r_plant Inserted new plant: 61677
INFO 2025-03-11 14:51:02,062 call_r_plant Inserted new plant: 2297
INFO 2025-03-11 14:51:02,410 call_r_plant Inserted new plant: 59
INFO 2025-03-11 14:51:02,751 call_r_plant Inserted new plant: 62711
INFO 2025-03-11 14:51:03,094 call_r_plant Inserted new plant: 62333
INFO 2025-03-11 14:51:03,431 call_r_plant Inserted new plant: 58322
INFO 2025-03-11 14:51:03,764 call_r_plant Inserted new plant: 60262
INFO 2025-03-11 14:51:04,100 call_r_plant Inserted new plant: 60314
INFO 2025-03-11 14:51:04,445 call_r_plant Inserted new plant: 59292
INFO 2025-03-11 14:51:04,783 call_r_plant Inserted new plant: 2299
INFO 2025-03-11 14:51:05,119 call_r_plant Inserted new plant: 6373
INFO 2025-03-11 14:51:05,456 call_r_plant Inserted new plant: 66195
INFO 2025-03-11 14:51:05,797 call_r_plant Inserted new plant: 7965
INFO 2025-03-11 14:51:06,134 call_r_plant Inserted new plant: 2300
INFO 2025-03-11 14:51:06,469 call_r_plant Inserted new plant: 2292
INFO 2025-03-11 14:51:06,814 call_r_plant Inserted new plant: 64420
INFO 2025-03-11 14:51:07,156 call_r_plant Inserted new plant: 61056
INFO 2025-03-11 14:51:07,497 call_r_plant Inserted new plant: 2277
INFO 2025-03-11 14:51:07,833 call_r_plant Inserted new plant: 61889
INFO 2025-03-11 14:51:08,180 call_r_plant Inserted new plant: 2302
INFO 2025-03-11 14:51:08,521 call_r_plant Inserted new plant: 66178
INFO 2025-03-11 14:51:08,861 call_r_plant Inserted new plant: 65098
INFO 2025-03-11 14:51:09,204 call_r_plant Inserted new plant: 60823
INFO 2025-03-11 14:51:09,552 call_r_plant Inserted new plant: 2303
INFO 2025-03-11 14:51:09,886 call_r_plant Inserted new plant: 7771
INFO 2025-03-11 14:51:10,230 call_r_plant Inserted new plant: 58594
INFO 2025-03-11 14:51:10,576 call_r_plant Inserted new plant: 2305
INFO 2025-03-11 14:51:10,913 call_r_plant Inserted new plant: 2256
INFO 2025-03-11 14:51:11,258 call_r_plant Inserted new plant: 57755
INFO 2025-03-11 14:51:11,597 call_r_plant Inserted new plant: 2308
INFO 2025-03-11 14:51:11,932 call_r_plant Inserted new plant: 7887
INFO 2025-03-11 14:51:12,265 call_r_plant Inserted new plant: 62956
INFO 2025-03-11 14:51:12,603 call_r_plant Inserted new plant: 61784
INFO 2025-03-11 14:51:12,936 call_r_plant Inserted new plant: 59736
INFO 2025-03-11 14:51:13,276 call_r_plant Inserted new plant: 2310
INFO 2025-03-11 14:51:13,627 call_r_plant Inserted new plant: 2311
INFO 2025-03-11 14:51:13,972 call_r_plant Inserted new plant: 2312
INFO 2025-03-11 14:51:14,340 call_r_plant Inserted new plant: 2313
INFO 2025-03-11 14:51:14,674 call_r_plant Inserted new plant: 64365
INFO 2025-03-11 14:51:15,012 call_r_plant Inserted new plant: 57937
INFO 2025-03-11 14:51:15,348 call_r_plant Inserted new plant: 2315
INFO 2025-03-11 14:51:15,701 call_r_plant Inserted new plant: 2316
INFO 2025-03-11 14:51:16,042 call_r_plant Inserted new plant: 2354
INFO 2025-03-11 14:51:16,377 call_r_plant Inserted new plant: 59953
INFO 2025-03-11 14:51:16,718 call_r_plant Inserted new plant: 2355
INFO 2025-03-11 14:51:17,064 call_r_plant Inserted new plant: 54639
INFO 2025-03-11 14:51:17,430 call_r_plant Inserted new plant: 10290
INFO 2025-03-11 14:51:17,770 call_r_plant Inserted new plant: 58054
INFO 2025-03-11 14:51:18,109 call_r_plant Inserted new plant: 50103
INFO 2025-03-11 14:51:18,460 call_r_plant Inserted new plant: 10276
INFO 2025-03-11 14:51:18,810 call_r_plant Inserted new plant: 2349
INFO 2025-03-11 14:51:19,146 call_r_plant Inserted new plant: 54409
INFO 2025-03-11 14:51:19,481 call_r_plant Inserted new plant: 10526
INFO 2025-03-11 14:51:19,814 call_r_plant Inserted new plant: 54384
INFO 2025-03-11 14:51:20,149 call_r_plant Inserted new plant: 2356
INFO 2025-03-11 14:51:20,504 call_r_plant Inserted new plant: 10570
INFO 2025-03-11 14:51:20,871 call_r_plant Inserted new plant: 2357
INFO 2025-03-11 14:51:21,211 call_r_plant Inserted new plant: 10059
INFO 2025-03-11 14:51:21,577 call_r_plant Inserted new plant: 2358
INFO 2025-03-11 14:51:21,911 call_r_plant Inserted new plant: 58004
INFO 2025-03-11 14:51:22,252 call_r_plant Inserted new plant: 55170
INFO 2025-03-11 14:51:22,594 call_r_plant Inserted new plant: 50384
INFO 2025-03-11 14:51:22,956 call_r_plant Inserted new plant: 58141
INFO 2025-03-11 14:51:23,297 call_r_plant Inserted new plant: 10108
INFO 2025-03-11 14:51:23,630 call_r_plant Inserted new plant: 10036
INFO 2025-03-11 14:51:23,962 call_r_plant Inserted new plant: 2359
INFO 2025-03-11 14:51:24,323 call_r_plant Inserted new plant: 2360
INFO 2025-03-11 14:51:24,659 call_r_plant Inserted new plant: 59070
INFO 2025-03-11 14:51:25,035 call_r_plant Inserted new plant: 56399
INFO 2025-03-11 14:51:25,396 call_r_plant Inserted new plant: 54572
INFO 2025-03-11 14:51:25,731 call_r_plant Inserted new plant: 2362
INFO 2025-03-11 14:51:26,070 call_r_plant Inserted new plant: 50285
INFO 2025-03-11 14:51:26,409 call_r_plant Inserted new plant: 54471
INFO 2025-03-11 14:51:26,757 call_r_plant Inserted new plant: 2364
INFO 2025-03-11 14:51:27,094 call_r_plant Inserted new plant: 64454
INFO 2025-03-11 14:51:27,434 call_r_plant Inserted new plant: 10519
INFO 2025-03-11 14:51:27,773 call_r_plant Inserted new plant: 10183
INFO 2025-03-11 14:51:28,111 call_r_plant Inserted new plant: 50208
INFO 2025-03-11 14:51:28,448 call_r_plant Inserted new plant: 10838
INFO 2025-03-11 14:51:28,810 call_r_plant Inserted new plant: 50739
INFO 2025-03-11 14:51:29,147 call_r_plant Inserted new plant: 10839
INFO 2025-03-11 14:51:29,504 call_r_plant Inserted new plant: 55006
INFO 2025-03-11 14:51:29,850 call_r_plant Inserted new plant: 50324
INFO 2025-03-11 14:51:30,193 call_r_plant Inserted new plant: 8002
INFO 2025-03-11 14:51:30,531 call_r_plant Inserted new plant: 55661
INFO 2025-03-11 14:51:30,879 call_r_plant Inserted new plant: 50312
INFO 2025-03-11 14:51:31,219 call_r_plant Inserted new plant: 50353
INFO 2025-03-11 14:51:31,557 call_r_plant Inserted new plant: 50414
INFO 2025-03-11 14:51:31,931 call_r_plant Inserted new plant: 54803
INFO 2025-03-11 14:51:32,267 call_r_plant Inserted new plant: 50741
INFO 2025-03-11 14:51:32,605 call_r_plant Inserted new plant: 50351
INFO 2025-03-11 14:51:32,943 call_r_plant Inserted new plant: 54418
INFO 2025-03-11 14:51:33,281 call_r_plant Inserted new plant: 2351
INFO 2025-03-11 14:51:33,627 call_r_plant Inserted new plant: 2367
INFO 2025-03-11 14:51:33,968 call_r_plant Inserted new plant: 6115
INFO 2025-03-11 14:51:34,329 call_r_plant Inserted new plant: 54515
INFO 2025-03-11 14:51:34,676 call_r_plant Inserted new plant: 2368
INFO 2025-03-11 14:51:35,026 call_r_plant Inserted new plant: 50704
INFO 2025-03-11 14:51:35,363 call_r_plant Inserted new plant: 10109
INFO 2025-03-11 14:51:35,700 call_r_plant Inserted new plant: 54663
INFO 2025-03-11 14:51:36,043 call_r_plant Inserted new plant: 58180
INFO 2025-03-11 14:51:36,382 call_r_plant Inserted new plant: 50873
INFO 2025-03-11 14:51:36,716 call_r_plant Inserted new plant: 2369
INFO 2025-03-11 14:51:37,051 call_r_plant Inserted new plant: 64023
INFO 2025-03-11 14:51:37,391 call_r_plant Inserted new plant: 64025
INFO 2025-03-11 14:51:37,745 call_r_plant Inserted new plant: 59371
INFO 2025-03-11 14:51:38,097 call_r_plant Inserted new plant: 57458
INFO 2025-03-11 14:51:38,434 call_r_plant Inserted new plant: 58187
INFO 2025-03-11 14:51:38,777 call_r_plant Inserted new plant: 59365
INFO 2025-03-11 14:51:39,121 call_r_plant Inserted new plant: 61224
INFO 2025-03-11 14:51:39,451 call_r_plant Inserted new plant: 59370
INFO 2025-03-11 14:51:39,789 call_r_plant Inserted new plant: 63366
INFO 2025-03-11 14:51:40,154 call_r_plant Inserted new plant: 62325
INFO 2025-03-11 14:51:40,496 call_r_plant Inserted new plant: 64194
INFO 2025-03-11 14:51:40,839 call_r_plant Inserted new plant: 65289
INFO 2025-03-11 14:51:41,206 call_r_plant Inserted new plant: 65280
INFO 2025-03-11 14:51:41,539 call_r_plant Inserted new plant: 64195
INFO 2025-03-11 14:51:41,877 call_r_plant Inserted new plant: 62326
INFO 2025-03-11 14:51:42,211 call_r_plant Inserted new plant: 58798
INFO 2025-03-11 14:51:42,574 call_r_plant Inserted new plant: 63260
INFO 2025-03-11 14:51:42,925 call_r_plant Inserted new plant: 60802
INFO 2025-03-11 14:51:43,266 call_r_plant Inserted new plant: 63198
INFO 2025-03-11 14:51:43,605 call_r_plant Inserted new plant: 63483
INFO 2025-03-11 14:51:43,938 call_r_plant Inserted new plant: 61923
INFO 2025-03-11 14:51:44,279 call_r_plant Inserted new plant: 66796
INFO 2025-03-11 14:51:44,624 call_r_plant Inserted new plant: 65194
INFO 2025-03-11 14:51:44,976 call_r_plant Inserted new plant: 65622
INFO 2025-03-11 14:51:45,315 call_r_plant Inserted new plant: 60772
INFO 2025-03-11 14:51:45,661 call_r_plant Inserted new plant: 63195
INFO 2025-03-11 14:51:46,016 call_r_plant Inserted new plant: 58519
INFO 2025-03-11 14:51:46,350 call_r_plant Inserted new plant: 63353
INFO 2025-03-11 14:51:46,686 call_r_plant Inserted new plant: 65213
INFO 2025-03-11 14:51:47,020 call_r_plant Inserted new plant: 58357
INFO 2025-03-11 14:51:47,361 call_r_plant Inserted new plant: 64360
INFO 2025-03-11 14:51:47,711 call_r_plant Inserted new plant: 65952
INFO 2025-03-11 14:51:48,050 call_r_plant Inserted new plant: 56900
INFO 2025-03-11 14:51:48,384 call_r_plant Inserted new plant: 58360
INFO 2025-03-11 14:51:48,727 call_r_plant Inserted new plant: 62906
INFO 2025-03-11 14:51:49,065 call_r_plant Inserted new plant: 58093
INFO 2025-03-11 14:51:49,402 call_r_plant Inserted new plant: 66802
INFO 2025-03-11 14:51:49,743 call_r_plant Inserted new plant: 66803
INFO 2025-03-11 14:51:50,084 call_r_plant Inserted new plant: 60227
INFO 2025-03-11 14:51:50,430 call_r_plant Inserted new plant: 61893
INFO 2025-03-11 14:51:50,764 call_r_plant Inserted new plant: 63298
INFO 2025-03-11 14:51:51,097 call_r_plant Inserted new plant: 67121
INFO 2025-03-11 14:51:51,433 call_r_plant Inserted new plant: 66798
INFO 2025-03-11 14:51:51,775 call_r_plant Inserted new plant: 56964
INFO 2025-03-11 14:51:52,131 call_r_plant Inserted new plant: 59797
INFO 2025-03-11 14:51:52,468 call_r_plant Inserted new plant: 54569
INFO 2025-03-11 14:51:52,803 call_r_plant Inserted new plant: 56294
INFO 2025-03-11 14:51:53,136 call_r_plant Inserted new plant: 60805
INFO 2025-03-11 14:51:53,481 call_r_plant Inserted new plant: 58096
INFO 2025-03-11 14:51:53,813 call_r_plant Inserted new plant: 63786
INFO 2025-03-11 14:51:54,148 call_r_plant Inserted new plant: 57733
INFO 2025-03-11 14:51:54,496 call_r_plant Inserted new plant: 2398
INFO 2025-03-11 14:51:54,838 call_r_plant Inserted new plant: 63200
INFO 2025-03-11 14:51:55,186 call_r_plant Inserted new plant: 60437
INFO 2025-03-11 14:51:55,523 call_r_plant Inserted new plant: 59097
INFO 2025-03-11 14:51:55,876 call_r_plant Inserted new plant: 57727
INFO 2025-03-11 14:51:56,235 call_r_plant Inserted new plant: 60734
INFO 2025-03-11 14:51:56,586 call_r_plant Inserted new plant: 60733
INFO 2025-03-11 14:51:56,927 call_r_plant Inserted new plant: 59166
INFO 2025-03-11 14:51:57,288 call_r_plant Inserted new plant: 58947
INFO 2025-03-11 14:51:57,629 call_r_plant Inserted new plant: 54829
INFO 2025-03-11 14:51:57,988 call_r_plant Inserted new plant: 66776
INFO 2025-03-11 14:51:58,349 call_r_plant Inserted new plant: 62712
INFO 2025-03-11 14:51:58,684 call_r_plant Inserted new plant: 2399
INFO 2025-03-11 14:51:59,077 call_r_plant Inserted new plant: 62616
INFO 2025-03-11 14:51:59,436 call_r_plant Inserted new plant: 59248
INFO 2025-03-11 14:51:59,776 call_r_plant Inserted new plant: 63971
INFO 2025-03-11 14:52:00,120 call_r_plant Inserted new plant: 60201
INFO 2025-03-11 14:52:00,456 call_r_plant Inserted new plant: 10122
INFO 2025-03-11 14:52:00,798 call_r_plant Inserted new plant: 62027
INFO 2025-03-11 14:52:01,141 call_r_plant Inserted new plant: 57081
INFO 2025-03-11 14:52:01,476 call_r_plant Inserted new plant: 10751
INFO 2025-03-11 14:52:01,815 call_r_plant Inserted new plant: 10435
INFO 2025-03-11 14:52:02,148 call_r_plant Inserted new plant: 63334
INFO 2025-03-11 14:52:02,479 call_r_plant Inserted new plant: 66089
INFO 2025-03-11 14:52:02,831 call_r_plant Inserted new plant: 65705
INFO 2025-03-11 14:52:03,164 call_r_plant Inserted new plant: 2379
INFO 2025-03-11 14:52:03,510 call_r_plant Inserted new plant: 59297
INFO 2025-03-11 14:52:03,846 call_r_plant Inserted new plant: 64380
INFO 2025-03-11 14:52:04,209 call_r_plant Inserted new plant: 60266
INFO 2025-03-11 14:52:04,547 call_r_plant Inserted new plant: 65623
INFO 2025-03-11 14:52:04,878 call_r_plant Inserted new plant: 59630
INFO 2025-03-11 14:52:05,217 call_r_plant Inserted new plant: 63355
INFO 2025-03-11 14:52:05,557 call_r_plant Inserted new plant: 57734
INFO 2025-03-11 14:52:05,891 call_r_plant Inserted new plant: 58094
INFO 2025-03-11 14:52:06,234 call_r_plant Inserted new plant: 65465
INFO 2025-03-11 14:52:06,584 call_r_plant Inserted new plant: 58208
INFO 2025-03-11 14:52:06,946 call_r_plant Inserted new plant: 58235
INFO 2025-03-11 14:52:07,286 call_r_plant Inserted new plant: 58165
INFO 2025-03-11 14:52:07,630 call_r_plant Inserted new plant: 63356
INFO 2025-03-11 14:52:07,966 call_r_plant Inserted new plant: 63357
INFO 2025-03-11 14:52:08,306 call_r_plant Inserted new plant: 60776
INFO 2025-03-11 14:52:08,646 call_r_plant Inserted new plant: 62598
INFO 2025-03-11 14:52:08,991 call_r_plant Inserted new plant: 58029
INFO 2025-03-11 14:52:09,336 call_r_plant Inserted new plant: 58536
INFO 2025-03-11 14:52:09,700 call_r_plant Inserted new plant: 58512
INFO 2025-03-11 14:52:10,047 call_r_plant Inserted new plant: 58359
INFO 2025-03-11 14:52:10,385 call_r_plant Inserted new plant: 58881
INFO 2025-03-11 14:52:10,724 call_r_plant Inserted new plant: 10643
INFO 2025-03-11 14:52:11,074 call_r_plant Inserted new plant: 59446
INFO 2025-03-11 14:52:11,411 call_r_plant Inserted new plant: 67062
INFO 2025-03-11 14:52:11,750 call_r_plant Inserted new plant: 56884
INFO 2025-03-11 14:52:12,088 call_r_plant Inserted new plant: 5083
INFO 2025-03-11 14:52:12,437 call_r_plant Inserted new plant: 63492
INFO 2025-03-11 14:52:12,773 call_r_plant Inserted new plant: 63286
INFO 2025-03-11 14:52:13,129 call_r_plant Inserted new plant: 61515
INFO 2025-03-11 14:52:13,469 call_r_plant Inserted new plant: 62586
INFO 2025-03-11 14:52:13,809 call_r_plant Inserted new plant: 62958
INFO 2025-03-11 14:52:14,150 call_r_plant Inserted new plant: 62957
INFO 2025-03-11 14:52:14,488 call_r_plant Inserted new plant: 61507
INFO 2025-03-11 14:52:14,820 call_r_plant Inserted new plant: 66021
INFO 2025-03-11 14:52:15,161 call_r_plant Inserted new plant: 66028
INFO 2025-03-11 14:52:15,507 call_r_plant Inserted new plant: 65658
INFO 2025-03-11 14:52:15,846 call_r_plant Inserted new plant: 66020
INFO 2025-03-11 14:52:16,200 call_r_plant Inserted new plant: 62713
INFO 2025-03-11 14:52:16,541 call_r_plant Inserted new plant: 60739
INFO 2025-03-11 14:52:16,876 call_r_plant Inserted new plant: 62492
INFO 2025-03-11 14:52:17,224 call_r_plant Inserted new plant: 62905
INFO 2025-03-11 14:52:17,572 call_r_plant Inserted new plant: 64411
INFO 2025-03-11 14:52:17,901 call_r_plant Inserted new plant: 58951
INFO 2025-03-11 14:52:18,243 call_r_plant Inserted new plant: 61864
INFO 2025-03-11 14:52:18,591 call_r_plant Inserted new plant: 57397
INFO 2025-03-11 14:52:18,925 call_r_plant Inserted new plant: 66815
INFO 2025-03-11 14:52:19,263 call_r_plant Inserted new plant: 10805
INFO 2025-03-11 14:52:19,603 call_r_plant Inserted new plant: 64327
INFO 2025-03-11 14:52:19,993 call_r_plant Inserted new plant: 50799
INFO 2025-03-11 14:52:20,331 call_r_plant Inserted new plant: 63702
INFO 2025-03-11 14:52:20,673 call_r_plant Inserted new plant: 63703
INFO 2025-03-11 14:52:21,013 call_r_plant Inserted new plant: 63706
INFO 2025-03-11 14:52:21,357 call_r_plant Inserted new plant: 57574
INFO 2025-03-11 14:52:21,690 call_r_plant Inserted new plant: 50561
INFO 2025-03-11 14:52:22,021 call_r_plant Inserted new plant: 60327
INFO 2025-03-11 14:52:22,354 call_r_plant Inserted new plant: 60727
INFO 2025-03-11 14:52:22,686 call_r_plant Inserted new plant: 67067
INFO 2025-03-11 14:52:23,019 call_r_plant Inserted new plant: 67066
INFO 2025-03-11 14:52:23,356 call_r_plant Inserted new plant: 67050
INFO 2025-03-11 14:52:23,723 call_r_plant Inserted new plant: 66428
INFO 2025-03-11 14:52:24,059 call_r_plant Inserted new plant: 59367
INFO 2025-03-11 14:52:24,443 call_r_plant Inserted new plant: 63540
INFO 2025-03-11 14:52:24,784 call_r_plant Inserted new plant: 57776
INFO 2025-03-11 14:52:25,124 call_r_plant Inserted new plant: 57485
INFO 2025-03-11 14:52:25,749 call_r_plant Inserted new plant: 60990
INFO 2025-03-11 14:52:26,085 call_r_plant Inserted new plant: 7138
INFO 2025-03-11 14:52:26,422 call_r_plant Inserted new plant: 60732
INFO 2025-03-11 14:52:26,756 call_r_plant Inserted new plant: 63149
INFO 2025-03-11 14:52:27,105 call_r_plant Inserted new plant: 66963
INFO 2025-03-11 14:52:27,446 call_r_plant Inserted new plant: 66964
INFO 2025-03-11 14:52:27,782 call_r_plant Inserted new plant: 60759
INFO 2025-03-11 14:52:28,120 call_r_plant Inserted new plant: 60994
INFO 2025-03-11 14:52:28,457 call_r_plant Inserted new plant: 57486
INFO 2025-03-11 14:52:28,790 call_r_plant Inserted new plant: 57487
INFO 2025-03-11 14:52:29,130 call_r_plant Inserted new plant: 58564
INFO 2025-03-11 14:52:29,463 call_r_plant Inserted new plant: 59366
INFO 2025-03-11 14:52:29,799 call_r_plant Inserted new plant: 64422
INFO 2025-03-11 14:52:30,160 call_r_plant Inserted new plant: 63698
INFO 2025-03-11 14:52:30,495 call_r_plant Inserted new plant: 62680
INFO 2025-03-11 14:52:30,831 call_r_plant Inserted new plant: 2393
INFO 2025-03-11 14:52:31,170 call_r_plant Inserted new plant: 61248
INFO 2025-03-11 14:52:31,519 call_r_plant Inserted new plant: 66485
INFO 2025-03-11 14:52:31,892 call_r_plant Inserted new plant: 60752
INFO 2025-03-11 14:52:32,226 call_r_plant Inserted new plant: 60839
INFO 2025-03-11 14:52:32,557 call_r_plant Inserted new plant: 60840
INFO 2025-03-11 14:52:32,892 call_r_plant Inserted new plant: 52068
INFO 2025-03-11 14:52:33,227 call_r_plant Inserted new plant: 56877
INFO 2025-03-11 14:52:33,564 call_r_plant Inserted new plant: 67461
INFO 2025-03-11 14:52:33,903 call_r_plant Inserted new plant: 60489
INFO 2025-03-11 14:52:34,268 call_r_plant Inserted new plant: 66906
INFO 2025-03-11 14:52:34,599 call_r_plant Inserted new plant: 59628
INFO 2025-03-11 14:52:34,940 call_r_plant Inserted new plant: 58095
INFO 2025-03-11 14:52:35,280 call_r_plant Inserted new plant: 59627
INFO 2025-03-11 14:52:35,614 call_r_plant Inserted new plant: 60501
INFO 2025-03-11 14:52:35,950 call_r_plant Inserted new plant: 56701
INFO 2025-03-11 14:52:36,298 call_r_plant Inserted new plant: 62438
INFO 2025-03-11 14:52:36,649 call_r_plant Inserted new plant: 57869
INFO 2025-03-11 14:52:37,013 call_r_plant Inserted new plant: 65468
INFO 2025-03-11 14:52:37,346 call_r_plant Inserted new plant: 10123
INFO 2025-03-11 14:52:37,682 call_r_plant Inserted new plant: 60763
INFO 2025-03-11 14:52:38,026 call_r_plant Inserted new plant: 65387
INFO 2025-03-11 14:52:38,364 call_r_plant Inserted new plant: 60933
INFO 2025-03-11 14:52:38,722 call_r_plant Inserted new plant: 61473
INFO 2025-03-11 14:52:39,061 call_r_plant Inserted new plant: 2434
INFO 2025-03-11 14:52:39,392 call_r_plant Inserted new plant: 67460
INFO 2025-03-11 14:52:39,750 call_r_plant Inserted new plant: 65953
INFO 2025-03-11 14:52:40,085 call_r_plant Inserted new plant: 60728
INFO 2025-03-11 14:52:40,438 call_r_plant Inserted new plant: 65167
INFO 2025-03-11 14:52:40,780 call_r_plant Inserted new plant: 62225
INFO 2025-03-11 14:52:41,123 call_r_plant Inserted new plant: 60709
INFO 2025-03-11 14:52:41,477 call_r_plant Inserted new plant: 62306
INFO 2025-03-11 14:52:41,811 call_r_plant Inserted new plant: 63626
INFO 2025-03-11 14:52:42,158 call_r_plant Inserted new plant: 61359
INFO 2025-03-11 14:52:42,495 call_r_plant Inserted new plant: 61360
INFO 2025-03-11 14:52:42,829 call_r_plant Inserted new plant: 63713
INFO 2025-03-11 14:52:43,173 call_r_plant Inserted new plant: 58016
INFO 2025-03-11 14:52:43,511 call_r_plant Inserted new plant: 60375
INFO 2025-03-11 14:52:43,847 call_r_plant Inserted new plant: 61466
INFO 2025-03-11 14:52:44,210 call_r_plant Inserted new plant: 57799
INFO 2025-03-11 14:52:44,547 call_r_plant Inserted new plant: 59631
INFO 2025-03-11 14:52:44,884 call_r_plant Inserted new plant: 67070
INFO 2025-03-11 14:52:45,224 call_r_plant Inserted new plant: 58793
INFO 2025-03-11 14:52:45,558 call_r_plant Inserted new plant: 60113
INFO 2025-03-11 14:52:45,905 call_r_plant Inserted new plant: 65094
INFO 2025-03-11 14:52:46,246 call_r_plant Inserted new plant: 59185
INFO 2025-03-11 14:52:46,579 call_r_plant Inserted new plant: 63530
INFO 2025-03-11 14:52:46,911 call_r_plant Inserted new plant: 58653
INFO 2025-03-11 14:52:47,279 call_r_plant Inserted new plant: 58654
INFO 2025-03-11 14:52:47,627 call_r_plant Inserted new plant: 56300
INFO 2025-03-11 14:52:47,971 call_r_plant Inserted new plant: 57723
INFO 2025-03-11 14:52:48,304 call_r_plant Inserted new plant: 58049
INFO 2025-03-11 14:52:48,636 call_r_plant Inserted new plant: 60265
INFO 2025-03-11 14:52:48,974 call_r_plant Inserted new plant: 62739
INFO 2025-03-11 14:52:49,311 call_r_plant Inserted new plant: 62746
INFO 2025-03-11 14:52:49,647 call_r_plant Inserted new plant: 59910
INFO 2025-03-11 14:52:49,988 call_r_plant Inserted new plant: 2404
INFO 2025-03-11 14:52:50,340 call_r_plant Inserted new plant: 65466
INFO 2025-03-11 14:52:50,671 call_r_plant Inserted new plant: 58877
INFO 2025-03-11 14:52:51,007 call_r_plant Inserted new plant: 59601
INFO 2025-03-11 14:52:51,353 call_r_plant Inserted new plant: 60765
INFO 2025-03-11 14:52:51,691 call_r_plant Inserted new plant: 60766
INFO 2025-03-11 14:52:52,024 call_r_plant Inserted new plant: 57868
INFO 2025-03-11 14:52:52,356 call_r_plant Inserted new plant: 63413
INFO 2025-03-11 14:52:52,692 call_r_plant Inserted new plant: 64142
INFO 2025-03-11 14:52:53,034 call_r_plant Inserted new plant: 63503
INFO 2025-03-11 14:52:53,395 call_r_plant Inserted new plant: 54640
INFO 2025-03-11 14:52:53,723 call_r_plant Inserted new plant: 62454
INFO 2025-03-11 14:52:54,057 call_r_plant Inserted new plant: 57488
INFO 2025-03-11 14:52:54,433 call_r_plant Inserted new plant: 50006
INFO 2025-03-11 14:52:54,769 call_r_plant Inserted new plant: 2406
INFO 2025-03-11 14:52:55,097 call_r_plant Inserted new plant: 65368
INFO 2025-03-11 14:52:55,495 call_r_plant Inserted new plant: 57381
INFO 2025-03-11 14:52:55,827 call_r_plant Inserted new plant: 67065
INFO 2025-03-11 14:52:56,161 call_r_plant Inserted new plant: 58505
INFO 2025-03-11 14:52:56,507 call_r_plant Inserted new plant: 58504
INFO 2025-03-11 14:52:56,851 call_r_plant Inserted new plant: 60769
INFO 2025-03-11 14:52:57,189 call_r_plant Inserted new plant: 57661
INFO 2025-03-11 14:52:57,523 call_r_plant Inserted new plant: 63229
INFO 2025-03-11 14:52:57,863 call_r_plant Inserted new plant: 57750
INFO 2025-03-11 14:52:58,193 call_r_plant Inserted new plant: 10061
INFO 2025-03-11 14:52:58,536 call_r_plant Inserted new plant: 57384
INFO 2025-03-11 14:52:58,870 call_r_plant Inserted new plant: 57588
INFO 2025-03-11 14:52:59,310 call_r_plant Inserted new plant: 66965
INFO 2025-03-11 14:52:59,662 call_r_plant Inserted new plant: 62638
INFO 2025-03-11 14:53:00,000 call_r_plant Inserted new plant: 57662
INFO 2025-03-11 14:53:00,344 call_r_plant Inserted new plant: 57863
INFO 2025-03-11 14:53:00,687 call_r_plant Inserted new plant: 59277
INFO 2025-03-11 14:53:01,022 call_r_plant Inserted new plant: 58882
INFO 2025-03-11 14:53:01,356 call_r_plant Inserted new plant: 58070
INFO 2025-03-11 14:53:01,694 call_r_plant Inserted new plant: 10224
INFO 2025-03-11 14:53:02,028 call_r_plant Inserted new plant: 8008
INFO 2025-03-11 14:53:02,363 call_r_plant Inserted new plant: 58090
INFO 2025-03-11 14:53:02,700 call_r_plant Inserted new plant: 56119
INFO 2025-03-11 14:53:03,061 call_r_plant Inserted new plant: 67368
INFO 2025-03-11 14:53:03,400 call_r_plant Inserted new plant: 62637
INFO 2025-03-11 14:53:03,732 call_r_plant Inserted new plant: 62904
INFO 2025-03-11 14:53:04,082 call_r_plant Inserted new plant: 57728
INFO 2025-03-11 14:53:04,427 call_r_plant Inserted new plant: 58822
INFO 2025-03-11 14:53:04,759 call_r_plant Inserted new plant: 63451
INFO 2025-03-11 14:53:05,096 call_r_plant Inserted new plant: 63501
INFO 2025-03-11 14:53:05,437 call_r_plant Inserted new plant: 65329
INFO 2025-03-11 14:53:05,770 call_r_plant Inserted new plant: 65348
INFO 2025-03-11 14:53:06,108 call_r_plant Inserted new plant: 65095
INFO 2025-03-11 14:53:06,449 call_r_plant Inserted new plant: 59844
INFO 2025-03-11 14:53:06,795 call_r_plant Inserted new plant: 57471
INFO 2025-03-11 14:53:07,133 call_r_plant Inserted new plant: 60857
INFO 2025-03-11 14:53:07,488 call_r_plant Inserted new plant: 60378
INFO 2025-03-11 14:53:07,829 call_r_plant Inserted new plant: 67808
INFO 2025-03-11 14:53:08,161 call_r_plant Inserted new plant: 67809
INFO 2025-03-11 14:53:08,495 call_r_plant Inserted new plant: 67810
INFO 2025-03-11 14:53:08,833 call_r_plant Inserted new plant: 67811
INFO 2025-03-11 14:53:09,173 call_r_plant Inserted new plant: 57948
INFO 2025-03-11 14:53:09,510 call_r_plant Inserted new plant: 57724
INFO 2025-03-11 14:53:09,846 call_r_plant Inserted new plant: 61599
INFO 2025-03-11 14:53:10,184 call_r_plant Inserted new plant: 58079
INFO 2025-03-11 14:53:10,513 call_r_plant Inserted new plant: 60806
INFO 2025-03-11 14:53:10,844 call_r_plant Inserted new plant: 58358
INFO 2025-03-11 14:53:11,193 call_r_plant Inserted new plant: 59318
INFO 2025-03-11 14:53:11,534 call_r_plant Inserted new plant: 62903
INFO 2025-03-11 14:53:11,867 call_r_plant Inserted new plant: 54980
INFO 2025-03-11 14:53:12,202 call_r_plant Inserted new plant: 55938
INFO 2025-03-11 14:53:12,539 call_r_plant Inserted new plant: 66845
INFO 2025-03-11 14:53:12,894 call_r_plant Inserted new plant: 61600
INFO 2025-03-11 14:53:13,233 call_r_plant Inserted new plant: 62622
INFO 2025-03-11 14:53:13,569 call_r_plant Inserted new plant: 62439
INFO 2025-03-11 14:53:13,909 call_r_plant Inserted new plant: 56889
INFO 2025-03-11 14:53:14,259 call_r_plant Inserted new plant: 57204
INFO 2025-03-11 14:53:14,594 call_r_plant Inserted new plant: 6118
INFO 2025-03-11 14:53:14,930 call_r_plant Inserted new plant: 58569
INFO 2025-03-11 14:53:15,263 call_r_plant Inserted new plant: 59001
INFO 2025-03-11 14:53:15,594 call_r_plant Inserted new plant: 59544
INFO 2025-03-11 14:53:15,934 call_r_plant Inserted new plant: 50311
INFO 2025-03-11 14:53:16,274 call_r_plant Inserted new plant: 58896
INFO 2025-03-11 14:53:16,612 call_r_plant Inserted new plant: 50628
INFO 2025-03-11 14:53:16,946 call_r_plant Inserted new plant: 61073
INFO 2025-03-11 14:53:17,283 call_r_plant Inserted new plant: 61074
INFO 2025-03-11 14:53:17,635 call_r_plant Inserted new plant: 65467
INFO 2025-03-11 14:53:17,970 call_r_plant Inserted new plant: 56511
INFO 2025-03-11 14:53:18,307 call_r_plant Inserted new plant: 56883
INFO 2025-03-11 14:53:18,648 call_r_plant Inserted new plant: 60762
INFO 2025-03-11 14:53:18,983 call_r_plant Inserted new plant: 57448
INFO 2025-03-11 14:53:19,323 call_r_plant Inserted new plant: 60740
INFO 2025-03-11 14:53:19,660 call_r_plant Inserted new plant: 59364
INFO 2025-03-11 14:53:20,001 call_r_plant Inserted new plant: 61892
INFO 2025-03-11 14:53:20,340 call_r_plant Inserted new plant: 63150
INFO 2025-03-11 14:53:20,678 call_r_plant Inserted new plant: 67068
INFO 2025-03-11 14:53:21,010 call_r_plant Inserted new plant: 67064
INFO 2025-03-11 14:53:21,354 call_r_plant Inserted new plant: 67063
INFO 2025-03-11 14:53:21,688 call_r_plant Inserted new plant: 61822
INFO 2025-03-11 14:53:22,024 call_r_plant Inserted new plant: 61354
INFO 2025-03-11 14:53:22,362 call_r_plant Inserted new plant: 58584
INFO 2025-03-11 14:53:22,693 call_r_plant Inserted new plant: 60841
INFO 2025-03-11 14:53:23,029 call_r_plant Inserted new plant: 60842
INFO 2025-03-11 14:53:23,372 call_r_plant Inserted new plant: 61965
INFO 2025-03-11 14:53:23,730 call_r_plant Inserted new plant: 61162
INFO 2025-03-11 14:53:24,067 call_r_plant Inserted new plant: 66486
INFO 2025-03-11 14:53:24,406 call_r_plant Inserted new plant: 59059
INFO 2025-03-11 14:53:24,738 call_r_plant Inserted new plant: 60729
INFO 2025-03-11 14:53:25,069 call_r_plant Inserted new plant: 61601
INFO 2025-03-11 14:53:25,404 call_r_plant Inserted new plant: 59055
INFO 2025-03-11 14:53:25,736 call_r_plant Inserted new plant: 55239
INFO 2025-03-11 14:53:26,079 call_r_plant Inserted new plant: 59278
INFO 2025-03-11 14:53:26,416 call_r_plant Inserted new plant: 58030
INFO 2025-03-11 14:53:26,749 call_r_plant Inserted new plant: 60843
INFO 2025-03-11 14:53:27,091 call_r_plant Inserted new plant: 58036
INFO 2025-03-11 14:53:27,424 call_r_plant Inserted new plant: 65563
INFO 2025-03-11 14:53:27,784 call_r_plant Inserted new plant: 59319
INFO 2025-03-11 14:53:28,135 call_r_plant Inserted new plant: 61751
INFO 2025-03-11 14:53:28,469 call_r_plant Inserted new plant: 60781
INFO 2025-03-11 14:53:28,834 call_r_plant Inserted new plant: 50411
INFO 2025-03-11 14:53:29,164 call_r_plant Inserted new plant: 67401
INFO 2025-03-11 14:53:29,514 call_r_plant Inserted new plant: 67292
INFO 2025-03-11 14:53:29,850 call_r_plant Inserted new plant: 67294
INFO 2025-03-11 14:53:30,190 call_r_plant Inserted new plant: 65418
INFO 2025-03-11 14:53:30,533 call_r_plant Inserted new plant: 60810
INFO 2025-03-11 14:53:30,870 call_r_plant Inserted new plant: 2410
INFO 2025-03-11 14:53:31,209 call_r_plant Inserted new plant: 66049
INFO 2025-03-11 14:53:31,544 call_r_plant Inserted new plant: 64096
INFO 2025-03-11 14:53:31,903 call_r_plant Inserted new plant: 2390
INFO 2025-03-11 14:53:32,250 call_r_plant Inserted new plant: 10308
INFO 2025-03-11 14:53:32,581 call_r_plant Inserted new plant: 63185
INFO 2025-03-11 14:53:32,928 call_r_plant Inserted new plant: 57667
INFO 2025-03-11 14:53:33,267 call_r_plant Inserted new plant: 60747
INFO 2025-03-11 14:53:33,606 call_r_plant Inserted new plant: 58172
INFO 2025-03-11 14:53:33,943 call_r_plant Inserted new plant: 63459
INFO 2025-03-11 14:53:34,321 call_r_plant Inserted new plant: 2411
INFO 2025-03-11 14:53:34,655 call_r_plant Inserted new plant: 60267
INFO 2025-03-11 14:53:34,996 call_r_plant Inserted new plant: 7288
INFO 2025-03-11 14:53:35,331 call_r_plant Inserted new plant: 57951
INFO 2025-03-11 14:53:35,665 call_r_plant Inserted new plant: 63257
INFO 2025-03-11 14:53:35,999 call_r_plant Inserted new plant: 57341
INFO 2025-03-11 14:53:36,332 call_r_plant Inserted new plant: 60746
INFO 2025-03-11 14:53:36,670 call_r_plant Inserted new plant: 59057
INFO 2025-03-11 14:53:37,018 call_r_plant Inserted new plant: 58402
INFO 2025-03-11 14:53:37,355 call_r_plant Inserted new plant: 66889
INFO 2025-03-11 14:53:37,691 call_r_plant Inserted new plant: 63452
INFO 2025-03-11 14:53:38,053 call_r_plant Inserted new plant: 67086
INFO 2025-03-11 14:53:38,390 call_r_plant Inserted new plant: 67269
INFO 2025-03-11 14:53:38,726 call_r_plant Inserted new plant: 60755
INFO 2025-03-11 14:53:39,082 call_r_plant Inserted new plant: 61907
INFO 2025-03-11 14:53:39,424 call_r_plant Inserted new plant: 63645
INFO 2025-03-11 14:53:39,768 call_r_plant Inserted new plant: 57864
INFO 2025-03-11 14:53:40,112 call_r_plant Inserted new plant: 61891
INFO 2025-03-11 14:53:40,444 call_r_plant Inserted new plant: 57726
INFO 2025-03-11 14:53:40,785 call_r_plant Inserted new plant: 60809
INFO 2025-03-11 14:53:41,152 call_r_plant Inserted new plant: 67087
INFO 2025-03-11 14:53:41,500 call_r_plant Inserted new plant: 57746
INFO 2025-03-11 14:53:41,837 call_r_plant Inserted new plant: 57745
INFO 2025-03-11 14:53:42,186 call_r_plant Inserted new plant: 58356
INFO 2025-03-11 14:53:42,528 call_r_plant Inserted new plant: 63404
INFO 2025-03-11 14:53:42,867 call_r_plant Inserted new plant: 60771
INFO 2025-03-11 14:53:43,205 call_r_plant Inserted new plant: 58483
INFO 2025-03-11 14:53:43,547 call_r_plant Inserted new plant: 58917
INFO 2025-03-11 14:53:43,883 call_r_plant Inserted new plant: 58364
INFO 2025-03-11 14:53:44,272 call_r_plant Inserted new plant: 57815
INFO 2025-03-11 14:53:44,609 call_r_plant Inserted new plant: 67243
INFO 2025-03-11 14:53:44,944 call_r_plant Inserted new plant: 66751
INFO 2025-03-11 14:53:45,277 call_r_plant Inserted new plant: 67273
INFO 2025-03-11 14:53:45,611 call_r_plant Inserted new plant: 67274
INFO 2025-03-11 14:53:45,945 call_r_plant Inserted new plant: 57647
INFO 2025-03-11 14:53:46,281 call_r_plant Inserted new plant: 57352
INFO 2025-03-11 14:53:46,622 call_r_plant Inserted new plant: 60808
INFO 2025-03-11 14:53:46,964 call_r_plant Inserted new plant: 62612
INFO 2025-03-11 14:53:47,309 call_r_plant Inserted new plant: 50960
INFO 2025-03-11 14:53:47,645 call_r_plant Inserted new plant: 58040
INFO 2025-03-11 14:53:48,011 call_r_plant Inserted new plant: 50094
INFO 2025-03-11 14:53:48,348 call_r_plant Inserted new plant: 57742
INFO 2025-03-11 14:53:48,681 call_r_plant Inserted new plant: 57660
INFO 2025-03-11 14:53:49,016 call_r_plant Inserted new plant: 57848
INFO 2025-03-11 14:53:49,352 call_r_plant Inserted new plant: 57383
INFO 2025-03-11 14:53:49,696 call_r_plant Inserted new plant: 58123
INFO 2025-03-11 14:53:50,041 call_r_plant Inserted new plant: 56888
INFO 2025-03-11 14:53:50,378 call_r_plant Inserted new plant: 56963
INFO 2025-03-11 14:53:50,712 call_r_plant Inserted new plant: 59186
INFO 2025-03-11 14:53:51,050 call_r_plant Inserted new plant: 60500
INFO 2025-03-11 14:53:51,396 call_r_plant Inserted new plant: 50885
INFO 2025-03-11 14:53:51,740 call_r_plant Inserted new plant: 61630
INFO 2025-03-11 14:53:52,082 call_r_plant Inserted new plant: 57805
INFO 2025-03-11 14:53:52,421 call_r_plant Inserted new plant: 58361
INFO 2025-03-11 14:53:52,754 call_r_plant Inserted new plant: 59751
INFO 2025-03-11 14:53:53,092 call_r_plant Inserted new plant: 59116
INFO 2025-03-11 14:53:53,431 call_r_plant Inserted new plant: 57839
INFO 2025-03-11 14:53:53,767 call_r_plant Inserted new plant: 6522
INFO 2025-03-11 14:53:54,146 call_r_plant Inserted new plant: 57382
INFO 2025-03-11 14:53:54,492 call_r_plant Inserted new plant: 7789
INFO 2025-03-11 14:53:54,826 call_r_plant Inserted new plant: 55210
INFO 2025-03-11 14:53:55,170 call_r_plant Inserted new plant: 57577
INFO 2025-03-11 14:53:55,521 call_r_plant Inserted new plant: 57567
INFO 2025-03-11 14:53:55,871 call_r_plant Inserted new plant: 63477
INFO 2025-03-11 14:53:56,223 call_r_plant Inserted new plant: 2475
INFO 2025-03-11 14:53:56,562 call_r_plant Inserted new plant: 60258
INFO 2025-03-11 14:53:56,906 call_r_plant Inserted new plant: 58939
INFO 2025-03-11 14:53:57,243 call_r_plant Inserted new plant: 58940
INFO 2025-03-11 14:53:57,615 call_r_plant Inserted new plant: 64695
INFO 2025-03-11 14:53:57,948 call_r_plant Inserted new plant: 56336
INFO 2025-03-11 14:53:58,282 call_r_plant Inserted new plant: 63172
INFO 2025-03-11 14:53:58,622 call_r_plant Inserted new plant: 58689
INFO 2025-03-11 14:53:59,028 call_r_plant Inserted new plant: 62994
INFO 2025-03-11 14:53:59,372 call_r_plant Inserted new plant: 55977
INFO 2025-03-11 14:53:59,705 call_r_plant Inserted new plant: 64638
INFO 2025-03-11 14:54:00,049 call_r_plant Inserted new plant: 63579
INFO 2025-03-11 14:54:00,407 call_r_plant Inserted new plant: 60145
INFO 2025-03-11 14:54:00,748 call_r_plant Inserted new plant: 60152
INFO 2025-03-11 14:54:01,091 call_r_plant Inserted new plant: 58465
INFO 2025-03-11 14:54:01,439 call_r_plant Inserted new plant: 58464
INFO 2025-03-11 14:54:01,788 call_r_plant Inserted new plant: 66408
INFO 2025-03-11 14:54:02,136 call_r_plant Inserted new plant: 62191
INFO 2025-03-11 14:54:02,480 call_r_plant Inserted new plant: 59251
INFO 2025-03-11 14:54:02,826 call_r_plant Inserted new plant: 56293
INFO 2025-03-11 14:54:03,167 call_r_plant Inserted new plant: 61662
INFO 2025-03-11 14:54:03,502 call_r_plant Inserted new plant: 61925
INFO 2025-03-11 14:54:03,846 call_r_plant Inserted new plant: 66405
INFO 2025-03-11 14:54:04,202 call_r_plant Inserted new plant: 60405
INFO 2025-03-11 14:54:04,535 call_r_plant Inserted new plant: 54667
INFO 2025-03-11 14:54:04,872 call_r_plant Inserted new plant: 59619
INFO 2025-03-11 14:54:05,215 call_r_plant Inserted new plant: 57243
INFO 2025-03-11 14:54:05,576 call_r_plant Inserted new plant: 62406
INFO 2025-03-11 14:54:05,907 call_r_plant Inserted new plant: 63391
INFO 2025-03-11 14:54:06,245 call_r_plant Inserted new plant: 59653
INFO 2025-03-11 14:54:06,618 call_r_plant Inserted new plant: 64054
INFO 2025-03-11 14:54:06,945 call_r_plant Inserted new plant: 61165
INFO 2025-03-11 14:54:07,276 call_r_plant Inserted new plant: 64903
INFO 2025-03-11 14:54:07,606 call_r_plant Inserted new plant: 2454
INFO 2025-03-11 14:54:07,934 call_r_plant Inserted new plant: 57575
INFO 2025-03-11 14:54:08,277 call_r_plant Inserted new plant: 64065
INFO 2025-03-11 14:54:08,627 call_r_plant Inserted new plant: 58098
INFO 2025-03-11 14:54:08,959 call_r_plant Inserted new plant: 7593
INFO 2025-03-11 14:54:09,293 call_r_plant Inserted new plant: 6402
INFO 2025-03-11 14:54:09,629 call_r_plant Inserted new plant: 63860
INFO 2025-03-11 14:54:09,973 call_r_plant Inserted new plant: 59393
INFO 2025-03-11 14:54:10,311 call_r_plant Inserted new plant: 61556
INFO 2025-03-11 14:54:10,660 call_r_plant Inserted new plant: 61557
INFO 2025-03-11 14:54:11,003 call_r_plant Inserted new plant: 61558
INFO 2025-03-11 14:54:11,332 call_r_plant Inserted new plant: 50906
INFO 2025-03-11 14:54:11,659 call_r_plant Inserted new plant: 2442
INFO 2025-03-11 14:54:11,990 call_r_plant Inserted new plant: 54734
INFO 2025-03-11 14:54:12,322 call_r_plant Inserted new plant: 58576
INFO 2025-03-11 14:54:12,656 call_r_plant Inserted new plant: 60317
INFO 2025-03-11 14:54:12,984 call_r_plant Inserted new plant: 62995
INFO 2025-03-11 14:54:13,322 call_r_plant Inserted new plant: 57591
INFO 2025-03-11 14:54:13,654 call_r_plant Inserted new plant: 66412
INFO 2025-03-11 14:54:13,996 call_r_plant Inserted new plant: 56945
INFO 2025-03-11 14:54:14,370 call_r_plant Inserted new plant: 56458
INFO 2025-03-11 14:54:14,698 call_r_plant Inserted new plant: 60301
INFO 2025-03-11 14:54:15,028 call_r_plant Inserted new plant: 66163
INFO 2025-03-11 14:54:15,373 call_r_plant Inserted new plant: 65103
INFO 2025-03-11 14:54:15,708 call_r_plant Inserted new plant: 58240
INFO 2025-03-11 14:54:16,072 call_r_plant Inserted new plant: 57872
INFO 2025-03-11 14:54:16,409 call_r_plant Inserted new plant: 61044
INFO 2025-03-11 14:54:16,757 call_r_plant Inserted new plant: 58284
INFO 2025-03-11 14:54:17,105 call_r_plant Inserted new plant: 57576
INFO 2025-03-11 14:54:17,435 call_r_plant Inserted new plant: 58629
INFO 2025-03-11 14:54:17,769 call_r_plant Inserted new plant: 7967
INFO 2025-03-11 14:54:18,115 call_r_plant Inserted new plant: 58256
INFO 2025-03-11 14:54:18,449 call_r_plant Inserted new plant: 57571
INFO 2025-03-11 14:54:18,786 call_r_plant Inserted new plant: 55343
INFO 2025-03-11 14:54:19,125 call_r_plant Inserted new plant: 59010
INFO 2025-03-11 14:54:19,450 call_r_plant Inserted new plant: 57947
INFO 2025-03-11 14:54:19,783 call_r_plant Inserted new plant: 2446
INFO 2025-03-11 14:54:20,109 call_r_plant Inserted new plant: 58521
INFO 2025-03-11 14:54:20,444 call_r_plant Inserted new plant: 59618
INFO 2025-03-11 14:54:20,773 call_r_plant Inserted new plant: 57106
INFO 2025-03-11 14:54:21,112 call_r_plant Inserted new plant: 61681
INFO 2025-03-11 14:54:21,485 call_r_plant Inserted new plant: 59838
INFO 2025-03-11 14:54:21,813 call_r_plant Inserted new plant: 66287
INFO 2025-03-11 14:54:22,156 call_r_plant Inserted new plant: 64881
INFO 2025-03-11 14:54:22,499 call_r_plant Inserted new plant: 584
INFO 2025-03-11 14:54:22,840 call_r_plant Inserted new plant: 54975
INFO 2025-03-11 14:54:23,173 call_r_plant Inserted new plant: 56097
INFO 2025-03-11 14:54:23,508 call_r_plant Inserted new plant: 63502
INFO 2025-03-11 14:54:23,833 call_r_plant Inserted new plant: 58520
INFO 2025-03-11 14:54:24,159 call_r_plant Inserted new plant: 58899
INFO 2025-03-11 14:54:24,492 call_r_plant Inserted new plant: 7975
INFO 2025-03-11 14:54:24,819 call_r_plant Inserted new plant: 58125
INFO 2025-03-11 14:54:25,150 call_r_plant Inserted new plant: 57369
INFO 2025-03-11 14:54:25,482 call_r_plant Inserted new plant: 62756
INFO 2025-03-11 14:54:25,812 call_r_plant Inserted new plant: 63981
INFO 2025-03-11 14:54:26,160 call_r_plant Inserted new plant: 57357
INFO 2025-03-11 14:54:26,489 call_r_plant Inserted new plant: 2450
INFO 2025-03-11 14:54:26,821 call_r_plant Inserted new plant: 55039
INFO 2025-03-11 14:54:27,156 call_r_plant Inserted new plant: 60198
INFO 2025-03-11 14:54:27,487 call_r_plant Inserted new plant: 62597
INFO 2025-03-11 14:54:27,819 call_r_plant Inserted new plant: 2444
INFO 2025-03-11 14:54:28,150 call_r_plant Inserted new plant: 58589
INFO 2025-03-11 14:54:28,485 call_r_plant Inserted new plant: 63184
INFO 2025-03-11 14:54:28,814 call_r_plant Inserted new plant: 57338
INFO 2025-03-11 14:54:29,142 call_r_plant Inserted new plant: 58771
INFO 2025-03-11 14:54:29,470 call_r_plant Inserted new plant: 60406
INFO 2025-03-11 14:54:29,812 call_r_plant Inserted new plant: 64076
INFO 2025-03-11 14:54:30,139 call_r_plant Inserted new plant: 58479
INFO 2025-03-11 14:54:30,472 call_r_plant Inserted new plant: 57736
INFO 2025-03-11 14:54:30,890 call_r_plant Inserted new plant: 57737
INFO 2025-03-11 14:54:31,226 call_r_plant Inserted new plant: 57738
INFO 2025-03-11 14:54:31,566 call_r_plant Inserted new plant: 57739
INFO 2025-03-11 14:54:31,891 call_r_plant Inserted new plant: 57740
INFO 2025-03-11 14:54:32,218 call_r_plant Inserted new plant: 63578
INFO 2025-03-11 14:54:32,553 call_r_plant Inserted new plant: 56304
INFO 2025-03-11 14:54:32,894 call_r_plant Inserted new plant: 63081
INFO 2025-03-11 14:54:33,224 call_r_plant Inserted new plant: 63082
INFO 2025-03-11 14:54:33,553 call_r_plant Inserted new plant: 59558
INFO 2025-03-11 14:54:33,883 call_r_plant Inserted new plant: 60196
INFO 2025-03-11 14:54:34,212 call_r_plant Inserted new plant: 60197
INFO 2025-03-11 14:54:34,564 call_r_plant Inserted new plant: 58540
INFO 2025-03-11 14:54:34,899 call_r_plant Inserted new plant: 64524
INFO 2025-03-11 14:54:35,238 call_r_plant Inserted new plant: 60195
INFO 2025-03-11 14:54:35,574 call_r_plant Inserted new plant: 10339
INFO 2025-03-11 14:54:35,902 call_r_plant Inserted new plant: 59560
INFO 2025-03-11 14:54:36,237 call_r_plant Inserted new plant: 60991
INFO 2025-03-11 14:54:36,590 call_r_plant Inserted new plant: 58794
INFO 2025-03-11 14:54:36,945 call_r_plant Inserted new plant: 58588
INFO 2025-03-11 14:54:37,276 call_r_plant Inserted new plant: 57986
INFO 2025-03-11 14:54:37,602 call_r_plant Inserted new plant: 57985
INFO 2025-03-11 14:54:37,934 call_r_plant Inserted new plant: 62149
INFO 2025-03-11 14:54:38,266 call_r_plant Inserted new plant: 63124
INFO 2025-03-11 14:54:38,593 call_r_plant Inserted new plant: 63125
INFO 2025-03-11 14:54:38,921 call_r_plant Inserted new plant: 63123
INFO 2025-03-11 14:54:39,266 call_r_plant Inserted new plant: 63728
INFO 2025-03-11 14:54:39,608 call_r_plant Inserted new plant: 64066
INFO 2025-03-11 14:54:39,951 call_r_plant Inserted new plant: 57258
INFO 2025-03-11 14:54:40,291 call_r_plant Inserted new plant: 55802
INFO 2025-03-11 14:54:40,630 call_r_plant Inserted new plant: 62467
INFO 2025-03-11 14:54:40,974 call_r_plant Inserted new plant: 58010
INFO 2025-03-11 14:54:41,327 call_r_plant Inserted new plant: 60341
INFO 2025-03-11 14:54:41,664 call_r_plant Inserted new plant: 57887
INFO 2025-03-11 14:54:41,992 call_r_plant Inserted new plant: 55514
INFO 2025-03-11 14:54:42,325 call_r_plant Inserted new plant: 58489
INFO 2025-03-11 14:54:42,657 call_r_plant Inserted new plant: 62248
INFO 2025-03-11 14:54:42,984 call_r_plant Inserted new plant: 61098
INFO 2025-03-11 14:54:43,318 call_r_plant Inserted new plant: 10287
INFO 2025-03-11 14:54:43,654 call_r_plant Inserted new plant: 60885
INFO 2025-03-11 14:54:43,980 call_r_plant Inserted new plant: 60352
INFO 2025-03-11 14:54:44,313 call_r_plant Inserted new plant: 55991
INFO 2025-03-11 14:54:44,644 call_r_plant Inserted new plant: 6510
INFO 2025-03-11 14:54:44,974 call_r_plant Inserted new plant: 56944
INFO 2025-03-11 14:54:45,319 call_r_plant Inserted new plant: 57205
INFO 2025-03-11 14:54:45,673 call_r_plant Inserted new plant: 55322
INFO 2025-03-11 14:54:46,003 call_r_plant Inserted new plant: 65472
INFO 2025-03-11 14:54:46,346 call_r_plant Inserted new plant: 57348
INFO 2025-03-11 14:54:46,676 call_r_plant Inserted new plant: 2322
INFO 2025-03-11 14:54:47,010 call_r_plant Inserted new plant: 58017
INFO 2025-03-11 14:54:47,339 call_r_plant Inserted new plant: 58915
INFO 2025-03-11 14:54:47,698 call_r_plant Inserted new plant: 59814
INFO 2025-03-11 14:54:48,023 call_r_plant Inserted new plant: 63504
INFO 2025-03-11 14:54:48,359 call_r_plant Inserted new plant: 57275
INFO 2025-03-11 14:54:48,685 call_r_plant Inserted new plant: 10018
INFO 2025-03-11 14:54:49,041 call_r_plant Inserted new plant: 55077
INFO 2025-03-11 14:54:49,372 call_r_plant Inserted new plant: 61862
INFO 2025-03-11 14:54:49,706 call_r_plant Inserted new plant: 61825
INFO 2025-03-11 14:54:50,040 call_r_plant Inserted new plant: 52015
INFO 2025-03-11 14:54:50,363 call_r_plant Inserted new plant: 63913
INFO 2025-03-11 14:54:50,703 call_r_plant Inserted new plant: 58533
INFO 2025-03-11 14:54:51,039 call_r_plant Inserted new plant: 60419
INFO 2025-03-11 14:54:51,368 call_r_plant Inserted new plant: 61809
INFO 2025-03-11 14:54:51,733 call_r_plant Inserted new plant: 57213
INFO 2025-03-11 14:54:52,079 call_r_plant Inserted new plant: 61852
INFO 2025-03-11 14:54:52,410 call_r_plant Inserted new plant: 64148
INFO 2025-03-11 14:54:52,739 call_r_plant Inserted new plant: 6513
INFO 2025-03-11 14:54:53,075 call_r_plant Inserted new plant: 2330
INFO 2025-03-11 14:54:53,403 call_r_plant Inserted new plant: 59472
INFO 2025-03-11 14:54:53,732 call_r_plant Inserted new plant: 56540
INFO 2025-03-11 14:54:54,064 call_r_plant Inserted new plant: 56541
INFO 2025-03-11 14:54:54,459 call_r_plant Inserted new plant: 57684
INFO 2025-03-11 14:54:54,790 call_r_plant Inserted new plant: 7082
INFO 2025-03-11 14:54:55,117 call_r_plant Inserted new plant: 63080
INFO 2025-03-11 14:54:55,445 call_r_plant Inserted new plant: 154
INFO 2025-03-11 14:54:55,776 call_r_plant Inserted new plant: 66099
INFO 2025-03-11 14:54:56,106 call_r_plant Inserted new plant: 66098
INFO 2025-03-11 14:54:56,449 call_r_plant Inserted new plant: 61193
INFO 2025-03-11 14:54:56,780 call_r_plant Inserted new plant: 57376
INFO 2025-03-11 14:54:57,115 call_r_plant Inserted new plant: 6521
INFO 2025-03-11 14:54:57,446 call_r_plant Inserted new plant: 10761
INFO 2025-03-11 14:54:57,773 call_r_plant Inserted new plant: 58477
INFO 2025-03-11 14:54:58,096 call_r_plant Inserted new plant: 61084
INFO 2025-03-11 14:54:58,429 call_r_plant Inserted new plant: 66983
INFO 2025-03-11 14:54:58,758 call_r_plant Inserted new plant: 57446
INFO 2025-03-11 14:54:59,159 call_r_plant Inserted new plant: 61912
INFO 2025-03-11 14:54:59,488 call_r_plant Inserted new plant: 57859
INFO 2025-03-11 14:54:59,826 call_r_plant Inserted new plant: 58544
INFO 2025-03-11 14:55:00,162 call_r_plant Inserted new plant: 56982
INFO 2025-03-11 14:55:00,491 call_r_plant Inserted new plant: 56568
INFO 2025-03-11 14:55:00,871 call_r_plant Inserted new plant: 59919
INFO 2025-03-11 14:55:01,199 call_r_plant Inserted new plant: 54350
INFO 2025-03-11 14:55:01,528 call_r_plant Inserted new plant: 54349
INFO 2025-03-11 14:55:01,871 call_r_plant Inserted new plant: 56405
INFO 2025-03-11 14:55:02,211 call_r_plant Inserted new plant: 50261
INFO 2025-03-11 14:55:02,545 call_r_plant Inserted new plant: 63491
INFO 2025-03-11 14:55:02,890 call_r_plant Inserted new plant: 8224
INFO 2025-03-11 14:55:03,215 call_r_plant Inserted new plant: 58319
INFO 2025-03-11 14:55:03,555 call_r_plant Inserted new plant: 59827
INFO 2025-03-11 14:55:03,889 call_r_plant Inserted new plant: 60261
INFO 2025-03-11 14:55:04,253 call_r_plant Inserted new plant: 2324
INFO 2025-03-11 14:55:04,596 call_r_plant Inserted new plant: 60792
INFO 2025-03-11 14:55:04,929 call_r_plant Inserted new plant: 56321
INFO 2025-03-11 14:55:05,259 call_r_plant Inserted new plant: 59747
INFO 2025-03-11 14:55:05,587 call_r_plant Inserted new plant: 54271
INFO 2025-03-11 14:55:05,919 call_r_plant Inserted new plant: 57456
INFO 2025-03-11 14:55:06,247 call_r_plant Inserted new plant: 59404
INFO 2025-03-11 14:55:06,578 call_r_plant Inserted new plant: 57442
INFO 2025-03-11 14:55:06,905 call_r_plant Inserted new plant: 58644
INFO 2025-03-11 14:55:07,243 call_r_plant Inserted new plant: 55841
INFO 2025-03-11 14:55:07,570 call_r_plant Inserted new plant: 63365
INFO 2025-03-11 14:55:07,899 call_r_plant Inserted new plant: 60350
INFO 2025-03-11 14:55:08,234 call_r_plant Inserted new plant: 59430
INFO 2025-03-11 14:55:08,574 call_r_plant Inserted new plant: 58490
INFO 2025-03-11 14:55:08,926 call_r_plant Inserted new plant: 57192
INFO 2025-03-11 14:55:09,259 call_r_plant Inserted new plant: 65773
INFO 2025-03-11 14:55:09,612 call_r_plant Inserted new plant: 50654
INFO 2025-03-11 14:55:09,945 call_r_plant Inserted new plant: 54665
INFO 2025-03-11 14:55:10,313 call_r_plant Inserted new plant: 54666
INFO 2025-03-11 14:55:10,641 call_r_plant Inserted new plant: 50765
INFO 2025-03-11 14:55:11,013 call_r_plant Inserted new plant: 54854
INFO 2025-03-11 14:55:11,344 call_r_plant Inserted new plant: 59826
INFO 2025-03-11 14:55:11,691 call_r_plant Inserted new plant: 67825
INFO 2025-03-11 14:55:12,032 call_r_plant Inserted new plant: 56224
INFO 2025-03-11 14:55:12,366 call_r_plant Inserted new plant: 61611
INFO 2025-03-11 14:55:12,701 call_r_plant Inserted new plant: 61930
INFO 2025-03-11 14:55:13,037 call_r_plant Inserted new plant: 61931
INFO 2025-03-11 14:55:13,371 call_r_plant Inserted new plant: 61932
INFO 2025-03-11 14:55:13,699 call_r_plant Inserted new plant: 62440
INFO 2025-03-11 14:55:14,048 call_r_plant Inserted new plant: 64098
INFO 2025-03-11 14:55:14,424 call_r_plant Inserted new plant: 60654
INFO 2025-03-11 14:55:14,763 call_r_plant Inserted new plant: 2336
INFO 2025-03-11 14:55:15,093 call_r_plant Inserted new plant: 60785
INFO 2025-03-11 14:55:15,429 call_r_plant Inserted new plant: 62980
INFO 2025-03-11 14:55:15,764 call_r_plant Inserted new plant: 63906
INFO 2025-03-11 14:55:16,091 call_r_plant Inserted new plant: 57451
INFO 2025-03-11 14:55:16,420 call_r_plant Inserted new plant: 6531
INFO 2025-03-11 14:55:16,766 call_r_plant Inserted new plant: 55687
INFO 2025-03-11 14:55:17,105 call_r_plant Inserted new plant: 6532
INFO 2025-03-11 14:55:17,454 call_r_plant Inserted new plant: 57166
INFO 2025-03-11 14:55:17,800 call_r_plant Inserted new plant: 56500
INFO 2025-03-11 14:55:18,155 call_r_plant Inserted new plant: 63001
INFO 2025-03-11 14:55:18,495 call_r_plant Inserted new plant: 66357
INFO 2025-03-11 14:55:18,832 call_r_plant Inserted new plant: 66729
INFO 2025-03-11 14:55:19,173 call_r_plant Inserted new plant: 63292
INFO 2025-03-11 14:55:19,506 call_r_plant Inserted new plant: 65620
INFO 2025-03-11 14:55:19,881 call_r_plant Inserted new plant: 65785
INFO 2025-03-11 14:55:20,218 call_r_plant Inserted new plant: 65786
INFO 2025-03-11 14:55:20,552 call_r_plant Inserted new plant: 7910
INFO 2025-03-11 14:55:20,884 call_r_plant Inserted new plant: 62998
INFO 2025-03-11 14:55:21,232 call_r_plant Inserted new plant: 66036
INFO 2025-03-11 14:55:21,560 call_r_plant Inserted new plant: 66037
INFO 2025-03-11 14:55:21,909 call_r_plant Inserted new plant: 65621
INFO 2025-03-11 14:55:22,238 call_r_plant Inserted new plant: 2503
INFO 2025-03-11 14:55:22,567 call_r_plant Inserted new plant: 64046
INFO 2025-03-11 14:55:22,896 call_r_plant Inserted new plant: 67456
INFO 2025-03-11 14:55:23,232 call_r_plant Inserted new plant: 2504
INFO 2025-03-11 14:55:23,559 call_r_plant Inserted new plant: 62839
INFO 2025-03-11 14:55:23,892 call_r_plant Inserted new plant: 63161
INFO 2025-03-11 14:55:24,255 call_r_plant Inserted new plant: 10803
INFO 2025-03-11 14:55:24,583 call_r_plant Inserted new plant: 65156
INFO 2025-03-11 14:55:24,917 call_r_plant Inserted new plant: 65155
INFO 2025-03-11 14:55:25,266 call_r_plant Inserted new plant: 65159
INFO 2025-03-11 14:55:25,596 call_r_plant Inserted new plant: 62572
INFO 2025-03-11 14:55:25,930 call_r_plant Inserted new plant: 63772
INFO 2025-03-11 14:55:26,265 call_r_plant Inserted new plant: 63059
INFO 2025-03-11 14:55:26,593 call_r_plant Inserted new plant: 65385
INFO 2025-03-11 14:55:26,930 call_r_plant Inserted new plant: 59453
INFO 2025-03-11 14:55:27,259 call_r_plant Inserted new plant: 62398
INFO 2025-03-11 14:55:27,600 call_r_plant Inserted new plant: 54391
INFO 2025-03-11 14:55:27,933 call_r_plant Inserted new plant: 10619
INFO 2025-03-11 14:55:28,259 call_r_plant Inserted new plant: 2540
INFO 2025-03-11 14:55:28,599 call_r_plant Inserted new plant: 63129
INFO 2025-03-11 14:55:28,943 call_r_plant Inserted new plant: 65212
INFO 2025-03-11 14:55:29,279 call_r_plant Inserted new plant: 56901
INFO 2025-03-11 14:55:29,616 call_r_plant Inserted new plant: 64351
INFO 2025-03-11 14:55:29,943 call_r_plant Inserted new plant: 66522
INFO 2025-03-11 14:55:30,274 call_r_plant Inserted new plant: 61904
INFO 2025-03-11 14:55:30,603 call_r_plant Inserted new plant: 61905
INFO 2025-03-11 14:55:30,933 call_r_plant Inserted new plant: 66061
INFO 2025-03-11 14:55:31,265 call_r_plant Inserted new plant: 66062
INFO 2025-03-11 14:55:31,596 call_r_plant Inserted new plant: 66063
INFO 2025-03-11 14:55:31,930 call_r_plant Inserted new plant: 66064
INFO 2025-03-11 14:55:32,261 call_r_plant Inserted new plant: 61575
INFO 2025-03-11 14:55:32,592 call_r_plant Inserted new plant: 66457
INFO 2025-03-11 14:55:32,918 call_r_plant Inserted new plant: 66460
INFO 2025-03-11 14:55:33,249 call_r_plant Inserted new plant: 61673
INFO 2025-03-11 14:55:33,582 call_r_plant Inserted new plant: 2490
INFO 2025-03-11 14:55:33,913 call_r_plant Inserted new plant: 88
INFO 2025-03-11 14:55:34,262 call_r_plant Inserted new plant: 55375
INFO 2025-03-11 14:55:34,594 call_r_plant Inserted new plant: 55243
INFO 2025-03-11 14:55:34,923 call_r_plant Inserted new plant: 8906
INFO 2025-03-11 14:55:35,251 call_r_plant Inserted new plant: 55405
INFO 2025-03-11 14:55:35,576 call_r_plant Inserted new plant: 57636
INFO 2025-03-11 14:55:35,902 call_r_plant Inserted new plant: 67202
INFO 2025-03-11 14:55:36,229 call_r_plant Inserted new plant: 66812
INFO 2025-03-11 14:55:36,565 call_r_plant Inserted new plant: 62034
INFO 2025-03-11 14:55:36,904 call_r_plant Inserted new plant: 65495
INFO 2025-03-11 14:55:37,232 call_r_plant Inserted new plant: 66209
INFO 2025-03-11 14:55:37,562 call_r_plant Inserted new plant: 63279
INFO 2025-03-11 14:55:37,887 call_r_plant Inserted new plant: 60596
INFO 2025-03-11 14:55:38,212 call_r_plant Inserted new plant: 54863
INFO 2025-03-11 14:55:38,541 call_r_plant Inserted new plant: 54593
INFO 2025-03-11 14:55:38,892 call_r_plant Inserted new plant: 55699
INFO 2025-03-11 14:55:39,218 call_r_plant Inserted new plant: 63130
INFO 2025-03-11 14:55:39,551 call_r_plant Inserted new plant: 2543
INFO 2025-03-11 14:55:39,879 call_r_plant Inserted new plant: 10617
INFO 2025-03-11 14:55:40,215 call_r_plant Inserted new plant: 10531
INFO 2025-03-11 14:55:40,539 call_r_plant Inserted new plant: 2544
INFO 2025-03-11 14:55:40,887 call_r_plant Inserted new plant: 64593
INFO 2025-03-11 14:55:41,242 call_r_plant Inserted new plant: 64594
INFO 2025-03-11 14:55:41,591 call_r_plant Inserted new plant: 64595
INFO 2025-03-11 14:55:41,920 call_r_plant Inserted new plant: 63410
INFO 2025-03-11 14:55:42,267 call_r_plant Inserted new plant: 2545
INFO 2025-03-11 14:55:42,608 call_r_plant Inserted new plant: 60477
INFO 2025-03-11 14:55:42,975 call_r_plant Inserted new plant: 60478
INFO 2025-03-11 14:55:43,305 call_r_plant Inserted new plant: 2539
INFO 2025-03-11 14:55:43,632 call_r_plant Inserted new plant: 63079
INFO 2025-03-11 14:55:43,968 call_r_plant Inserted new plant: 50292
INFO 2025-03-11 14:55:44,312 call_r_plant Inserted new plant: 62476
INFO 2025-03-11 14:55:44,641 call_r_plant Inserted new plant: 66094
INFO 2025-03-11 14:55:44,970 call_r_plant Inserted new plant: 2546
INFO 2025-03-11 14:55:45,297 call_r_plant Inserted new plant: 10464
INFO 2025-03-11 14:55:45,630 call_r_plant Inserted new plant: 10687
INFO 2025-03-11 14:55:45,982 call_r_plant Inserted new plant: 2547
INFO 2025-03-11 14:55:46,328 call_r_plant Inserted new plant: 64084
INFO 2025-03-11 14:55:46,662 call_r_plant Inserted new plant: 64087
INFO 2025-03-11 14:55:46,992 call_r_plant Inserted new plant: 2691
INFO 2025-03-11 14:55:47,330 call_r_plant Inserted new plant: 56620
INFO 2025-03-11 14:55:47,665 call_r_plant Inserted new plant: 64143
INFO 2025-03-11 14:55:47,988 call_r_plant Inserted new plant: 63750
INFO 2025-03-11 14:55:48,318 call_r_plant Inserted new plant: 65496
INFO 2025-03-11 14:55:48,645 call_r_plant Inserted new plant: 61900
INFO 2025-03-11 14:55:48,979 call_r_plant Inserted new plant: 62530
INFO 2025-03-11 14:55:49,306 call_r_plant Inserted new plant: 62531
INFO 2025-03-11 14:55:49,632 call_r_plant Inserted new plant: 62532
INFO 2025-03-11 14:55:49,973 call_r_plant Inserted new plant: 62533
INFO 2025-03-11 14:55:50,302 call_r_plant Inserted new plant: 66210
INFO 2025-03-11 14:55:50,631 call_r_plant Inserted new plant: 2625
INFO 2025-03-11 14:55:50,963 call_r_plant Inserted new plant: 62157
INFO 2025-03-11 14:55:51,319 call_r_plant Inserted new plant: 7912
INFO 2025-03-11 14:55:51,679 call_r_plant Inserted new plant: 58785
INFO 2025-03-11 14:55:52,010 call_r_plant Inserted new plant: 64017
INFO 2025-03-11 14:55:52,333 call_r_plant Inserted new plant: 66211
INFO 2025-03-11 14:55:52,658 call_r_plant Inserted new plant: 64554
INFO 2025-03-11 14:55:53,003 call_r_plant Inserted new plant: 64556
INFO 2025-03-11 14:55:53,330 call_r_plant Inserted new plant: 64555
INFO 2025-03-11 14:55:53,662 call_r_plant Inserted new plant: 61847
INFO 2025-03-11 14:55:54,000 call_r_plant Inserted new plant: 61958
INFO 2025-03-11 14:55:54,381 call_r_plant Inserted new plant: 67228
INFO 2025-03-11 14:55:54,716 call_r_plant Inserted new plant: 50427
INFO 2025-03-11 14:55:55,046 call_r_plant Inserted new plant: 56936
INFO 2025-03-11 14:55:55,384 call_r_plant Inserted new plant: 62002
INFO 2025-03-11 14:55:55,716 call_r_plant Inserted new plant: 54914
INFO 2025-03-11 14:55:56,052 call_r_plant Inserted new plant: 60507
INFO 2025-03-11 14:55:56,384 call_r_plant Inserted new plant: 2548
INFO 2025-03-11 14:55:56,717 call_r_plant Inserted new plant: 65071
INFO 2025-03-11 14:55:57,057 call_r_plant Inserted new plant: 64965
INFO 2025-03-11 14:55:57,393 call_r_plant Inserted new plant: 66490
INFO 2025-03-11 14:55:57,722 call_r_plant Inserted new plant: 62480
INFO 2025-03-11 14:55:58,088 call_r_plant Inserted new plant: 62920
INFO 2025-03-11 14:55:58,423 call_r_plant Inserted new plant: 62613
INFO 2025-03-11 14:55:58,760 call_r_plant Inserted new plant: 65597
INFO 2025-03-11 14:55:59,125 call_r_plant Inserted new plant: 63729
INFO 2025-03-11 14:55:59,459 call_r_plant Inserted new plant: 61719
INFO 2025-03-11 14:55:59,801 call_r_plant Inserted new plant: 62486
INFO 2025-03-11 14:56:00,135 call_r_plant Inserted new plant: 61720
INFO 2025-03-11 14:56:00,491 call_r_plant Inserted new plant: 2522
INFO 2025-03-11 14:56:00,828 call_r_plant Inserted new plant: 66215
INFO 2025-03-11 14:56:01,154 call_r_plant Inserted new plant: 56234
INFO 2025-03-11 14:56:01,491 call_r_plant Inserted new plant: 63497
INFO 2025-03-11 14:56:01,828 call_r_plant Inserted new plant: 63498
INFO 2025-03-11 14:56:02,167 call_r_plant Inserted new plant: 61470
INFO 2025-03-11 14:56:02,499 call_r_plant Inserted new plant: 61471
INFO 2025-03-11 14:56:02,830 call_r_plant Inserted new plant: 60452
INFO 2025-03-11 14:56:03,176 call_r_plant Inserted new plant: 65679
INFO 2025-03-11 14:56:03,503 call_r_plant Inserted new plant: 61604
INFO 2025-03-11 14:56:03,836 call_r_plant Inserted new plant: 61043
INFO 2025-03-11 14:56:04,200 call_r_plant Inserted new plant: 61042
INFO 2025-03-11 14:56:04,532 call_r_plant Inserted new plant: 66212
INFO 2025-03-11 14:56:04,858 call_r_plant Inserted new plant: 64931
INFO 2025-03-11 14:56:05,190 call_r_plant Inserted new plant: 50978
INFO 2025-03-11 14:56:05,532 call_r_plant Inserted new plant: 66822
INFO 2025-03-11 14:56:05,860 call_r_plant Inserted new plant: 66823
INFO 2025-03-11 14:56:06,199 call_r_plant Inserted new plant: 10620
INFO 2025-03-11 14:56:06,536 call_r_plant Inserted new plant: 6456
INFO 2025-03-11 14:56:06,864 call_r_plant Inserted new plant: 58777
INFO 2025-03-11 14:56:07,196 call_r_plant Inserted new plant: 65643
INFO 2025-03-11 14:56:07,522 call_r_plant Inserted new plant: 10190
INFO 2025-03-11 14:56:07,850 call_r_plant Inserted new plant: 63372
INFO 2025-03-11 14:56:08,179 call_r_plant Inserted new plant: 61376
INFO 2025-03-11 14:56:08,504 call_r_plant Inserted new plant: 10853
INFO 2025-03-11 14:56:08,831 call_r_plant Inserted new plant: 579
INFO 2025-03-11 14:56:09,159 call_r_plant Inserted new plant: 65201
INFO 2025-03-11 14:56:09,483 call_r_plant Inserted new plant: 56526
INFO 2025-03-11 14:56:09,811 call_r_plant Inserted new plant: 65233
INFO 2025-03-11 14:56:10,139 call_r_plant Inserted new plant: 65232
INFO 2025-03-11 14:56:10,465 call_r_plant Inserted new plant: 62860
INFO 2025-03-11 14:56:10,809 call_r_plant Inserted new plant: 2695
INFO 2025-03-11 14:56:11,145 call_r_plant Inserted new plant: 2550
INFO 2025-03-11 14:56:11,475 call_r_plant Inserted new plant: 50315
INFO 2025-03-11 14:56:11,803 call_r_plant Inserted new plant: 56904
INFO 2025-03-11 14:56:12,133 call_r_plant Inserted new plant: 50093
INFO 2025-03-11 14:56:12,467 call_r_plant Inserted new plant: 57186
INFO 2025-03-11 14:56:12,801 call_r_plant Inserted new plant: 63450
INFO 2025-03-11 14:56:13,139 call_r_plant Inserted new plant: 62761
INFO 2025-03-11 14:56:13,485 call_r_plant Inserted new plant: 66501
INFO 2025-03-11 14:56:13,818 call_r_plant Inserted new plant: 66503
INFO 2025-03-11 14:56:14,153 call_r_plant Inserted new plant: 61804
INFO 2025-03-11 14:56:14,480 call_r_plant Inserted new plant: 59623
INFO 2025-03-11 14:56:14,816 call_r_plant Inserted new plant: 60004
INFO 2025-03-11 14:56:15,145 call_r_plant Inserted new plant: 64373
INFO 2025-03-11 14:56:15,471 call_r_plant Inserted new plant: 64680
INFO 2025-03-11 14:56:15,802 call_r_plant Inserted new plant: 64681
INFO 2025-03-11 14:56:16,139 call_r_plant Inserted new plant: 56618
INFO 2025-03-11 14:56:16,471 call_r_plant Inserted new plant: 56986
INFO 2025-03-11 14:56:16,797 call_r_plant Inserted new plant: 58790
INFO 2025-03-11 14:56:17,121 call_r_plant Inserted new plant: 56634
INFO 2025-03-11 14:56:17,455 call_r_plant Inserted new plant: 56324
INFO 2025-03-11 14:56:17,787 call_r_plant Inserted new plant: 2551
INFO 2025-03-11 14:56:18,129 call_r_plant Inserted new plant: 61576
INFO 2025-03-11 14:56:18,463 call_r_plant Inserted new plant: 61578
INFO 2025-03-11 14:56:18,792 call_r_plant Inserted new plant: 10545
INFO 2025-03-11 14:56:19,132 call_r_plant Inserted new plant: 58979
INFO 2025-03-11 14:56:19,459 call_r_plant Inserted new plant: 60150
INFO 2025-03-11 14:56:19,792 call_r_plant Inserted new plant: 10286
INFO 2025-03-11 14:56:20,121 call_r_plant Inserted new plant: 59470
INFO 2025-03-11 14:56:20,450 call_r_plant Inserted new plant: 50368
INFO 2025-03-11 14:56:20,779 call_r_plant Inserted new plant: 64310
INFO 2025-03-11 14:56:21,105 call_r_plant Inserted new plant: 64371
INFO 2025-03-11 14:56:21,447 call_r_plant Inserted new plant: 65090
INFO 2025-03-11 14:56:21,782 call_r_plant Inserted new plant: 66213
INFO 2025-03-11 14:56:22,114 call_r_plant Inserted new plant: 64126
INFO 2025-03-11 14:56:22,445 call_r_plant Inserted new plant: 65222
INFO 2025-03-11 14:56:22,788 call_r_plant Inserted new plant: 62507
INFO 2025-03-11 14:56:23,119 call_r_plant Inserted new plant: 66214
INFO 2025-03-11 14:56:23,449 call_r_plant Inserted new plant: 64445
INFO 2025-03-11 14:56:23,784 call_r_plant Inserted new plant: 50649
INFO 2025-03-11 14:56:24,150 call_r_plant Inserted new plant: 10642
INFO 2025-03-11 14:56:24,491 call_r_plant Inserted new plant: 50472
INFO 2025-03-11 14:56:24,822 call_r_plant Inserted new plant: 64542
INFO 2025-03-11 14:56:25,150 call_r_plant Inserted new plant: 65775
INFO 2025-03-11 14:56:25,490 call_r_plant Inserted new plant: 2685
INFO 2025-03-11 14:56:25,845 call_r_plant Inserted new plant: 57185
INFO 2025-03-11 14:56:26,221 call_r_plant Inserted new plant: 65647
INFO 2025-03-11 14:56:26,555 call_r_plant Inserted new plant: 60453
INFO 2025-03-11 14:56:26,889 call_r_plant Inserted new plant: 54580
INFO 2025-03-11 14:56:27,219 call_r_plant Inserted new plant: 63057
INFO 2025-03-11 14:56:27,559 call_r_plant Inserted new plant: 56958
INFO 2025-03-11 14:56:27,890 call_r_plant Inserted new plant: 65298
INFO 2025-03-11 14:56:28,253 call_r_plant Inserted new plant: 66586
INFO 2025-03-11 14:56:28,581 call_r_plant Inserted new plant: 65300
INFO 2025-03-11 14:56:28,917 call_r_plant Inserted new plant: 65297
INFO 2025-03-11 14:56:29,251 call_r_plant Inserted new plant: 65299
INFO 2025-03-11 14:56:29,578 call_r_plant Inserted new plant: 50280
INFO 2025-03-11 14:56:29,919 call_r_plant Inserted new plant: 2480
INFO 2025-03-11 14:56:30,249 call_r_plant Inserted new plant: 2481
INFO 2025-03-11 14:56:30,578 call_r_plant Inserted new plant: 62412
INFO 2025-03-11 14:56:30,921 call_r_plant Inserted new plant: 66488
INFO 2025-03-11 14:56:31,259 call_r_plant Inserted new plant: 58786
INFO 2025-03-11 14:56:31,599 call_r_plant Inserted new plant: 2552
INFO 2025-03-11 14:56:31,927 call_r_plant Inserted new plant: 58787
INFO 2025-03-11 14:56:32,260 call_r_plant Inserted new plant: 10538
INFO 2025-03-11 14:56:32,605 call_r_plant Inserted new plant: 10540
INFO 2025-03-11 14:56:32,937 call_r_plant Inserted new plant: 10237
INFO 2025-03-11 14:56:33,266 call_r_plant Inserted new plant: 10238
INFO 2025-03-11 14:56:33,595 call_r_plant Inserted new plant: 66217
INFO 2025-03-11 14:56:33,926 call_r_plant Inserted new plant: 63106
INFO 2025-03-11 14:56:34,258 call_r_plant Inserted new plant: 66177
INFO 2025-03-11 14:56:34,589 call_r_plant Inserted new plant: 62477
INFO 2025-03-11 14:56:34,933 call_r_plant Inserted new plant: 61863
INFO 2025-03-11 14:56:35,264 call_r_plant Inserted new plant: 66218
INFO 2025-03-11 14:56:35,595 call_r_plant Inserted new plant: 66219
INFO 2025-03-11 14:56:35,923 call_r_plant Inserted new plant: 54878
INFO 2025-03-11 14:56:36,254 call_r_plant Inserted new plant: 64715
INFO 2025-03-11 14:56:36,588 call_r_plant Inserted new plant: 56633
INFO 2025-03-11 14:56:36,917 call_r_plant Inserted new plant: 10305
INFO 2025-03-11 14:56:37,249 call_r_plant Inserted new plant: 2511
INFO 2025-03-11 14:56:37,586 call_r_plant Inserted new plant: 6527
INFO 2025-03-11 14:56:37,910 call_r_plant Inserted new plant: 67293
INFO 2025-03-11 14:56:38,258 call_r_plant Inserted new plant: 66645
INFO 2025-03-11 14:56:38,585 call_r_plant Inserted new plant: 66425
INFO 2025-03-11 14:56:38,938 call_r_plant Inserted new plant: 65753
INFO 2025-03-11 14:56:39,295 call_r_plant Inserted new plant: 65754
INFO 2025-03-11 14:56:39,627 call_r_plant Inserted new plant: 66424
INFO 2025-03-11 14:56:39,952 call_r_plant Inserted new plant: 65755
INFO 2025-03-11 14:56:40,280 call_r_plant Inserted new plant: 65757
INFO 2025-03-11 14:56:40,616 call_r_plant Inserted new plant: 2555
INFO 2025-03-11 14:56:40,955 call_r_plant Inserted new plant: 65752
INFO 2025-03-11 14:56:41,290 call_r_plant Inserted new plant: 62733
INFO 2025-03-11 14:56:41,620 call_r_plant Inserted new plant: 2512
INFO 2025-03-11 14:56:41,957 call_r_plant Inserted new plant: 2561
INFO 2025-03-11 14:56:42,290 call_r_plant Inserted new plant: 62981
INFO 2025-03-11 14:56:42,617 call_r_plant Inserted new plant: 2493
INFO 2025-03-11 14:56:42,949 call_r_plant Inserted new plant: 67618
INFO 2025-03-11 14:56:43,281 call_r_plant Inserted new plant: 55786
INFO 2025-03-11 14:56:43,627 call_r_plant Inserted new plant: 2556
INFO 2025-03-11 14:56:43,971 call_r_plant Inserted new plant: 2557
INFO 2025-03-11 14:56:44,311 call_r_plant Inserted new plant: 66052
INFO 2025-03-11 14:56:44,642 call_r_plant Inserted new plant: 56619
INFO 2025-03-11 14:56:44,983 call_r_plant Inserted new plant: 62413
INFO 2025-03-11 14:56:45,310 call_r_plant Inserted new plant: 63112
INFO 2025-03-11 14:56:45,644 call_r_plant Inserted new plant: 2559
INFO 2025-03-11 14:56:45,978 call_r_plant Inserted new plant: 56259
INFO 2025-03-11 14:56:46,307 call_r_plant Inserted new plant: 62029
INFO 2025-03-11 14:56:46,637 call_r_plant Inserted new plant: 2560
INFO 2025-03-11 14:56:46,969 call_r_plant Inserted new plant: 66150
INFO 2025-03-11 14:56:47,302 call_r_plant Inserted new plant: 56032
INFO 2025-03-11 14:56:47,630 call_r_plant Inserted new plant: 10530
INFO 2025-03-11 14:56:47,966 call_r_plant Inserted new plant: 55790
INFO 2025-03-11 14:56:48,299 call_r_plant Inserted new plant: 10511
INFO 2025-03-11 14:56:48,630 call_r_plant Inserted new plant: 62999
INFO 2025-03-11 14:56:48,976 call_r_plant Inserted new plant: 61210
INFO 2025-03-11 14:56:49,302 call_r_plant Inserted new plant: 66220
INFO 2025-03-11 14:56:49,630 call_r_plant Inserted new plant: 57600
INFO 2025-03-11 14:56:49,973 call_r_plant Inserted new plant: 2562
INFO 2025-03-11 14:56:50,303 call_r_plant Inserted new plant: 2563
INFO 2025-03-11 14:56:50,633 call_r_plant Inserted new plant: 63747
INFO 2025-03-11 14:56:50,968 call_r_plant Inserted new plant: 63544
INFO 2025-03-11 14:56:51,302 call_r_plant Inserted new plant: 50768
INFO 2025-03-11 14:56:51,635 call_r_plant Inserted new plant: 50514
INFO 2025-03-11 14:56:51,988 call_r_plant Inserted new plant: 10467
INFO 2025-03-11 14:56:52,321 call_r_plant Inserted new plant: 65035
INFO 2025-03-11 14:56:52,651 call_r_plant Inserted new plant: 2564
INFO 2025-03-11 14:56:52,987 call_r_plant Inserted new plant: 62784
INFO 2025-03-11 14:56:53,321 call_r_plant Inserted new plant: 64692
INFO 2025-03-11 14:56:53,659 call_r_plant Inserted new plant: 64788
INFO 2025-03-11 14:56:53,987 call_r_plant Inserted new plant: 2679
INFO 2025-03-11 14:56:54,327 call_r_plant Inserted new plant: 62504
INFO 2025-03-11 14:56:54,652 call_r_plant Inserted new plant: 62521
INFO 2025-03-11 14:56:54,982 call_r_plant Inserted new plant: 63086
INFO 2025-03-11 14:56:55,315 call_r_plant Inserted new plant: 64748
INFO 2025-03-11 14:56:55,643 call_r_plant Inserted new plant: 64749
INFO 2025-03-11 14:56:55,971 call_r_plant Inserted new plant: 64747
INFO 2025-03-11 14:56:56,334 call_r_plant Inserted new plant: 2566
INFO 2025-03-11 14:56:56,661 call_r_plant Inserted new plant: 57003
INFO 2025-03-11 14:56:56,996 call_r_plant Inserted new plant: 62508
INFO 2025-03-11 14:56:57,324 call_r_plant Inserted new plant: 64102
INFO 2025-03-11 14:56:57,671 call_r_plant Inserted new plant: 67471
INFO 2025-03-11 14:56:57,996 call_r_plant Inserted new plant: 67472
INFO 2025-03-11 14:56:58,322 call_r_plant Inserted new plant: 67470
INFO 2025-03-11 14:56:58,654 call_r_plant Inserted new plant: 67468
INFO 2025-03-11 14:56:59,024 call_r_plant Inserted new plant: 62843
INFO 2025-03-11 14:56:59,356 call_r_plant Inserted new plant: 62474
INFO 2025-03-11 14:56:59,685 call_r_plant Inserted new plant: 66967
INFO 2025-03-11 14:57:00,009 call_r_plant Inserted new plant: 66489
INFO 2025-03-11 14:57:00,345 call_r_plant Inserted new plant: 66777
INFO 2025-03-11 14:57:00,670 call_r_plant Inserted new plant: 66482
INFO 2025-03-11 14:57:00,998 call_r_plant Inserted new plant: 63056
INFO 2025-03-11 14:57:01,329 call_r_plant Inserted new plant: 67611
INFO 2025-03-11 14:57:01,666 call_r_plant Inserted new plant: 67612
INFO 2025-03-11 14:57:01,994 call_r_plant Inserted new plant: 50512
INFO 2025-03-11 14:57:02,335 call_r_plant Inserted new plant: 64719
INFO 2025-03-11 14:57:02,662 call_r_plant Inserted new plant: 66816
INFO 2025-03-11 14:57:03,026 call_r_plant Inserted new plant: 2514
INFO 2025-03-11 14:57:03,353 call_r_plant Inserted new plant: 2568
INFO 2025-03-11 14:57:03,690 call_r_plant Inserted new plant: 7869
INFO 2025-03-11 14:57:04,019 call_r_plant Inserted new plant: 62357
INFO 2025-03-11 14:57:04,377 call_r_plant Inserted new plant: 64746
INFO 2025-03-11 14:57:04,707 call_r_plant Inserted new plant: 61551
INFO 2025-03-11 14:57:05,037 call_r_plant Inserted new plant: 50079
INFO 2025-03-11 14:57:05,369 call_r_plant Inserted new plant: 61764
INFO 2025-03-11 14:57:05,700 call_r_plant Inserted new plant: 56704
INFO 2025-03-11 14:57:06,022 call_r_plant Inserted new plant: 2494
INFO 2025-03-11 14:57:06,361 call_r_plant Inserted new plant: 63752
INFO 2025-03-11 14:57:06,692 call_r_plant Inserted new plant: 2627
INFO 2025-03-11 14:57:07,040 call_r_plant Inserted new plant: 2569
INFO 2025-03-11 14:57:07,390 call_r_plant Inserted new plant: 63291
INFO 2025-03-11 14:57:07,726 call_r_plant Inserted new plant: 64092
INFO 2025-03-11 14:57:08,052 call_r_plant Inserted new plant: 61207
INFO 2025-03-11 14:57:08,394 call_r_plant Inserted new plant: 65627
INFO 2025-03-11 14:57:08,724 call_r_plant Inserted new plant: 60463
INFO 2025-03-11 14:57:09,061 call_r_plant Inserted new plant: 2527
INFO 2025-03-11 14:57:09,394 call_r_plant Inserted new plant: 2681
INFO 2025-03-11 14:57:09,720 call_r_plant Inserted new plant: 62759
INFO 2025-03-11 14:57:10,055 call_r_plant Inserted new plant: 63411
INFO 2025-03-11 14:57:10,384 call_r_plant Inserted new plant: 63052
INFO 2025-03-11 14:57:10,736 call_r_plant Inserted new plant: 67886
INFO 2025-03-11 14:57:11,075 call_r_plant Inserted new plant: 61765
INFO 2025-03-11 14:57:11,429 call_r_plant Inserted new plant: 58186
INFO 2025-03-11 14:57:11,763 call_r_plant Inserted new plant: 10544
INFO 2025-03-11 14:57:12,105 call_r_plant Inserted new plant: 63339
INFO 2025-03-11 14:57:12,435 call_r_plant Inserted new plant: 66940
INFO 2025-03-11 14:57:12,765 call_r_plant Inserted new plant: 67213
INFO 2025-03-11 14:57:13,112 call_r_plant Inserted new plant: 64679
INFO 2025-03-11 14:57:13,438 call_r_plant Inserted new plant: 10116
INFO 2025-03-11 14:57:13,766 call_r_plant Inserted new plant: 2571
INFO 2025-03-11 14:57:14,094 call_r_plant Inserted new plant: 62736
INFO 2025-03-11 14:57:14,424 call_r_plant Inserted new plant: 57287
INFO 2025-03-11 14:57:14,752 call_r_plant Inserted new plant: 61030
INFO 2025-03-11 14:57:15,087 call_r_plant Inserted new plant: 63671
INFO 2025-03-11 14:57:15,422 call_r_plant Inserted new plant: 7914
INFO 2025-03-11 14:57:15,747 call_r_plant Inserted new plant: 2528
INFO 2025-03-11 14:57:16,081 call_r_plant Inserted new plant: 55969
INFO 2025-03-11 14:57:16,406 call_r_plant Inserted new plant: 7913
INFO 2025-03-11 14:57:16,753 call_r_plant Inserted new plant: 57648
INFO 2025-03-11 14:57:17,082 call_r_plant Inserted new plant: 66221
INFO 2025-03-11 14:57:17,412 call_r_plant Inserted new plant: 52057
INFO 2025-03-11 14:57:17,744 call_r_plant Inserted new plant: 2572
INFO 2025-03-11 14:57:18,098 call_r_plant Inserted new plant: 66749
INFO 2025-03-11 14:57:18,439 call_r_plant Inserted new plant: 2573
INFO 2025-03-11 14:57:18,769 call_r_plant Inserted new plant: 50268
INFO 2025-03-11 14:57:19,099 call_r_plant Inserted new plant: 62831
INFO 2025-03-11 14:57:19,455 call_r_plant Inserted new plant: 62832
INFO 2025-03-11 14:57:19,791 call_r_plant Inserted new plant: 50568
INFO 2025-03-11 14:57:20,129 call_r_plant Inserted new plant: 2574
INFO 2025-03-11 14:57:20,485 call_r_plant Inserted new plant: 2575
INFO 2025-03-11 14:57:20,829 call_r_plant Inserted new plant: 2530
INFO 2025-03-11 14:57:21,169 call_r_plant Inserted new plant: 56953
INFO 2025-03-11 14:57:21,499 call_r_plant Inserted new plant: 2576
INFO 2025-03-11 14:57:21,836 call_r_plant Inserted new plant: 2628
INFO 2025-03-11 14:57:22,170 call_r_plant Inserted new plant: 63297
INFO 2025-03-11 14:57:22,504 call_r_plant Inserted new plant: 10124
INFO 2025-03-11 14:57:22,842 call_r_plant Inserted new plant: 63051
INFO 2025-03-11 14:57:23,176 call_r_plant Inserted new plant: 8007
INFO 2025-03-11 14:57:23,514 call_r_plant Inserted new plant: 61902
INFO 2025-03-11 14:57:23,848 call_r_plant Inserted new plant: 62725
INFO 2025-03-11 14:57:24,207 call_r_plant Inserted new plant: 62724
INFO 2025-03-11 14:57:24,540 call_r_plant Inserted new plant: 63371
INFO 2025-03-11 14:57:24,868 call_r_plant Inserted new plant: 62155
INFO 2025-03-11 14:57:25,196 call_r_plant Inserted new plant: 60454
INFO 2025-03-11 14:57:25,526 call_r_plant Inserted new plant: 57867
INFO 2025-03-11 14:57:25,850 call_r_plant Inserted new plant: 63107
INFO 2025-03-11 14:57:26,179 call_r_plant Inserted new plant: 63055
INFO 2025-03-11 14:57:26,509 call_r_plant Inserted new plant: 54953
INFO 2025-03-11 14:57:26,836 call_r_plant Inserted new plant: 67181
INFO 2025-03-11 14:57:27,161 call_r_plant Inserted new plant: 50656
INFO 2025-03-11 14:57:27,493 call_r_plant Inserted new plant: 2578
INFO 2025-03-11 14:57:27,841 call_r_plant Inserted new plant: 56987
INFO 2025-03-11 14:57:28,176 call_r_plant Inserted new plant: 61717
INFO 2025-03-11 14:57:28,511 call_r_plant Inserted new plant: 50458
INFO 2025-03-11 14:57:28,837 call_r_plant Inserted new plant: 54076
INFO 2025-03-11 14:57:29,164 call_r_plant Inserted new plant: 50450
INFO 2025-03-11 14:57:29,521 call_r_plant Inserted new plant: 50449
INFO 2025-03-11 14:57:29,847 call_r_plant Inserted new plant: 50451
INFO 2025-03-11 14:57:30,174 call_r_plant Inserted new plant: 54547
INFO 2025-03-11 14:57:30,509 call_r_plant Inserted new plant: 2579
INFO 2025-03-11 14:57:30,844 call_r_plant Inserted new plant: 64004
INFO 2025-03-11 14:57:31,411 call_r_plant Inserted new plant: 65613
INFO 2025-03-11 14:57:31,743 call_r_plant Inserted new plant: 62446
INFO 2025-03-11 14:57:32,096 call_r_plant Inserted new plant: 63646
INFO 2025-03-11 14:57:32,433 call_r_plant Inserted new plant: 56141
INFO 2025-03-11 14:57:32,768 call_r_plant Inserted new plant: 6110
INFO 2025-03-11 14:57:33,097 call_r_plant Inserted new plant: 67619
INFO 2025-03-11 14:57:33,435 call_r_plant Inserted new plant: 808
INFO 2025-03-11 14:57:33,764 call_r_plant Inserted new plant: 60819
INFO 2025-03-11 14:57:34,090 call_r_plant Inserted new plant: 59629
INFO 2025-03-11 14:57:34,465 call_r_plant Inserted new plant: 66846
INFO 2025-03-11 14:57:34,792 call_r_plant Inserted new plant: 2580
INFO 2025-03-11 14:57:35,123 call_r_plant Inserted new plant: 61888
INFO 2025-03-11 14:57:35,461 call_r_plant Inserted new plant: 63013
INFO 2025-03-11 14:57:35,789 call_r_plant Inserted new plant: 65628
INFO 2025-03-11 14:57:36,121 call_r_plant Inserted new plant: 62147
INFO 2025-03-11 14:57:36,446 call_r_plant Inserted new plant: 54114
INFO 2025-03-11 14:57:36,773 call_r_plant Inserted new plant: 2581
INFO 2025-03-11 14:57:37,102 call_r_plant Inserted new plant: 62549
INFO 2025-03-11 14:57:37,461 call_r_plant Inserted new plant: 62556
INFO 2025-03-11 14:57:37,798 call_r_plant Inserted new plant: 61917
INFO 2025-03-11 14:57:38,134 call_r_plant Inserted new plant: 62154
INFO 2025-03-11 14:57:38,464 call_r_plant Inserted new plant: 64030
INFO 2025-03-11 14:57:38,792 call_r_plant Inserted new plant: 2532
INFO 2025-03-11 14:57:39,119 call_r_plant Inserted new plant: 62614
INFO 2025-03-11 14:57:39,453 call_r_plant Inserted new plant: 10872
INFO 2025-03-11 14:57:39,783 call_r_plant Inserted new plant: 59880
INFO 2025-03-11 14:57:40,117 call_r_plant Inserted new plant: 59881
INFO 2025-03-11 14:57:40,447 call_r_plant Inserted new plant: 63236
INFO 2025-03-11 14:57:40,803 call_r_plant Inserted new plant: 62050
INFO 2025-03-11 14:57:41,137 call_r_plant Inserted new plant: 63230
INFO 2025-03-11 14:57:41,464 call_r_plant Inserted new plant: 64716
INFO 2025-03-11 14:57:41,797 call_r_plant Inserted new plant: 64720
INFO 2025-03-11 14:57:42,132 call_r_plant Inserted new plant: 56705
INFO 2025-03-11 14:57:42,463 call_r_plant Inserted new plant: 65723
INFO 2025-03-11 14:57:42,791 call_r_plant Inserted new plant: 66442
INFO 2025-03-11 14:57:43,120 call_r_plant Inserted new plant: 66473
INFO 2025-03-11 14:57:43,461 call_r_plant Inserted new plant: 10752
INFO 2025-03-11 14:57:43,797 call_r_plant Inserted new plant: 10753
INFO 2025-03-11 14:57:44,145 call_r_plant Inserted new plant: 66222
INFO 2025-03-11 14:57:44,493 call_r_plant Inserted new plant: 66176
INFO 2025-03-11 14:57:44,828 call_r_plant Inserted new plant: 63337
INFO 2025-03-11 14:57:45,155 call_r_plant Inserted new plant: 59276
INFO 2025-03-11 14:57:45,489 call_r_plant Inserted new plant: 10521
INFO 2025-03-11 14:57:45,836 call_r_plant Inserted new plant: 66081
INFO 2025-03-11 14:57:46,176 call_r_plant Inserted new plant: 61389
INFO 2025-03-11 14:57:46,513 call_r_plant Inserted new plant: 2692
INFO 2025-03-11 14:57:46,846 call_r_plant Inserted new plant: 61469
INFO 2025-03-11 14:57:47,184 call_r_plant Inserted new plant: 2582
INFO 2025-03-11 14:57:47,525 call_r_plant Inserted new plant: 66731
INFO 2025-03-11 14:57:47,848 call_r_plant Inserted new plant: 66732
INFO 2025-03-11 14:57:48,173 call_r_plant Inserted new plant: 66835
INFO 2025-03-11 14:57:48,501 call_r_plant Inserted new plant: 61899
INFO 2025-03-11 14:57:48,853 call_r_plant Inserted new plant: 64291
INFO 2025-03-11 14:57:49,184 call_r_plant Inserted new plant: 51034
INFO 2025-03-11 14:57:49,520 call_r_plant Inserted new plant: 65776
INFO 2025-03-11 14:57:49,858 call_r_plant Inserted new plant: 65777
INFO 2025-03-11 14:57:50,189 call_r_plant Inserted new plant: 66223
INFO 2025-03-11 14:57:50,524 call_r_plant Inserted new plant: 61739
INFO 2025-03-11 14:57:50,853 call_r_plant Inserted new plant: 54041
INFO 2025-03-11 14:57:51,179 call_r_plant Inserted new plant: 57589
INFO 2025-03-11 14:57:51,510 call_r_plant Inserted new plant: 54548
INFO 2025-03-11 14:57:51,843 call_r_plant Inserted new plant: 54691
INFO 2025-03-11 14:57:52,182 call_r_plant Inserted new plant: 10214
INFO 2025-03-11 14:57:52,509 call_r_plant Inserted new plant: 56703
INFO 2025-03-11 14:57:52,834 call_r_plant Inserted new plant: 50652
INFO 2025-03-11 14:57:53,159 call_r_plant Inserted new plant: 62576
INFO 2025-03-11 14:57:53,490 call_r_plant Inserted new plant: 55155
INFO 2025-03-11 14:57:53,813 call_r_plant Inserted new plant: 63675
INFO 2025-03-11 14:57:54,150 call_r_plant Inserted new plant: 51038
INFO 2025-03-11 14:57:54,506 call_r_plant Inserted new plant: 63407
INFO 2025-03-11 14:57:54,849 call_r_plant Inserted new plant: 2583
INFO 2025-03-11 14:57:55,184 call_r_plant Inserted new plant: 61725
INFO 2025-03-11 14:57:55,548 call_r_plant Inserted new plant: 55769
INFO 2025-03-11 14:57:55,889 call_r_plant Inserted new plant: 62174
INFO 2025-03-11 14:57:56,218 call_r_plant Inserted new plant: 64717
INFO 2025-03-11 14:57:56,560 call_r_plant Inserted new plant: 62785
INFO 2025-03-11 14:57:56,890 call_r_plant Inserted new plant: 56290
INFO 2025-03-11 14:57:57,220 call_r_plant Inserted new plant: 66771
INFO 2025-03-11 14:57:57,547 call_r_plant Inserted new plant: 66734
INFO 2025-03-11 14:57:57,882 call_r_plant Inserted new plant: 56857
INFO 2025-03-11 14:57:58,213 call_r_plant Inserted new plant: 66074
INFO 2025-03-11 14:57:58,543 call_r_plant Inserted new plant: 58768
INFO 2025-03-11 14:57:58,876 call_r_plant Inserted new plant: 54592
INFO 2025-03-11 14:57:59,245 call_r_plant Inserted new plant: 62303
INFO 2025-03-11 14:57:59,576 call_r_plant Inserted new plant: 65337
INFO 2025-03-11 14:57:59,905 call_r_plant Inserted new plant: 66187
INFO 2025-03-11 14:58:00,235 call_r_plant Inserted new plant: 62322
INFO 2025-03-11 14:58:00,566 call_r_plant Inserted new plant: 63854
INFO 2025-03-11 14:58:00,903 call_r_plant Inserted new plant: 58163
INFO 2025-03-11 14:58:01,239 call_r_plant Inserted new plant: 63058
INFO 2025-03-11 14:58:01,578 call_r_plant Inserted new plant: 10219
INFO 2025-03-11 14:58:01,906 call_r_plant Inserted new plant: 63857
INFO 2025-03-11 14:58:02,237 call_r_plant Inserted new plant: 63415
INFO 2025-03-11 14:58:02,579 call_r_plant Inserted new plant: 6486
INFO 2025-03-11 14:58:02,914 call_r_plant Inserted new plant: 65399
INFO 2025-03-11 14:58:03,249 call_r_plant Inserted new plant: 61012
INFO 2025-03-11 14:58:03,587 call_r_plant Inserted new plant: 59789
INFO 2025-03-11 14:58:03,924 call_r_plant Inserted new plant: 65309
INFO 2025-03-11 14:58:04,316 call_r_plant Inserted new plant: 2586
INFO 2025-03-11 14:58:04,648 call_r_plant Inserted new plant: 64577
INFO 2025-03-11 14:58:04,976 call_r_plant Inserted new plant: 62146
INFO 2025-03-11 14:58:05,306 call_r_plant Inserted new plant: 62145
INFO 2025-03-11 14:58:05,643 call_r_plant Inserted new plant: 55757
INFO 2025-03-11 14:58:05,975 call_r_plant Inserted new plant: 56323
INFO 2025-03-11 14:58:06,307 call_r_plant Inserted new plant: 66206
INFO 2025-03-11 14:58:06,644 call_r_plant Inserted new plant: 63511
INFO 2025-03-11 14:58:06,987 call_r_plant Inserted new plant: 2630
INFO 2025-03-11 14:58:07,327 call_r_plant Inserted new plant: 58201
INFO 2025-03-11 14:58:07,670 call_r_plant Inserted new plant: 61509
INFO 2025-03-11 14:58:08,005 call_r_plant Inserted new plant: 61510
INFO 2025-03-11 14:58:08,342 call_r_plant Inserted new plant: 62734
INFO 2025-03-11 14:58:08,663 call_r_plant Inserted new plant: 58507
INFO 2025-03-11 14:58:09,003 call_r_plant Inserted new plant: 61025
INFO 2025-03-11 14:58:09,338 call_r_plant Inserted new plant: 62589
INFO 2025-03-11 14:58:09,683 call_r_plant Inserted new plant: 63662
INFO 2025-03-11 14:58:10,011 call_r_plant Inserted new plant: 63539
INFO 2025-03-11 14:58:10,347 call_r_plant Inserted new plant: 63602
INFO 2025-03-11 14:58:10,680 call_r_plant Inserted new plant: 64091
INFO 2025-03-11 14:58:11,009 call_r_plant Inserted new plant: 10196
INFO 2025-03-11 14:58:11,339 call_r_plant Inserted new plant: 2588
INFO 2025-03-11 14:58:11,665 call_r_plant Inserted new plant: 63749
INFO 2025-03-11 14:58:12,015 call_r_plant Inserted new plant: 63748
INFO 2025-03-11 14:58:12,345 call_r_plant Inserted new plant: 63774
INFO 2025-03-11 14:58:12,679 call_r_plant Inserted new plant: 63581
INFO 2025-03-11 14:58:13,006 call_r_plant Inserted new plant: 61569
INFO 2025-03-11 14:58:13,335 call_r_plant Inserted new plant: 61416
INFO 2025-03-11 14:58:13,692 call_r_plant Inserted new plant: 62447
INFO 2025-03-11 14:58:14,036 call_r_plant Inserted new plant: 50031
INFO 2025-03-11 14:58:14,373 call_r_plant Inserted new plant: 64442
INFO 2025-03-11 14:58:14,703 call_r_plant Inserted new plant: 62453
INFO 2025-03-11 14:58:15,035 call_r_plant Inserted new plant: 56594
INFO 2025-03-11 14:58:15,363 call_r_plant Inserted new plant: 61003
INFO 2025-03-11 14:58:15,709 call_r_plant Inserted new plant: 61015
INFO 2025-03-11 14:58:16,047 call_r_plant Inserted new plant: 63648
INFO 2025-03-11 14:58:16,383 call_r_plant Inserted new plant: 63649
INFO 2025-03-11 14:58:16,716 call_r_plant Inserted new plant: 67606
INFO 2025-03-11 14:58:17,042 call_r_plant Inserted new plant: 67605
INFO 2025-03-11 14:58:17,373 call_r_plant Inserted new plant: 67604
INFO 2025-03-11 14:58:17,705 call_r_plant Inserted new plant: 63800
INFO 2025-03-11 14:58:18,064 call_r_plant Inserted new plant: 65815
INFO 2025-03-11 14:58:18,401 call_r_plant Inserted new plant: 65450
INFO 2025-03-11 14:58:18,730 call_r_plant Inserted new plant: 61238
INFO 2025-03-11 14:58:19,087 call_r_plant Inserted new plant: 63224
INFO 2025-03-11 14:58:19,409 call_r_plant Inserted new plant: 67481
INFO 2025-03-11 14:58:19,747 call_r_plant Inserted new plant: 67482
INFO 2025-03-11 14:58:20,104 call_r_plant Inserted new plant: 67227
INFO 2025-03-11 14:58:20,435 call_r_plant Inserted new plant: 61414
INFO 2025-03-11 14:58:20,771 call_r_plant Inserted new plant: 66752
INFO 2025-03-11 14:58:21,100 call_r_plant Inserted new plant: 63780
INFO 2025-03-11 14:58:21,432 call_r_plant Inserted new plant: 63781
INFO 2025-03-11 14:58:21,760 call_r_plant Inserted new plant: 63585
INFO 2025-03-11 14:58:22,090 call_r_plant Inserted new plant: 65692
INFO 2025-03-11 14:58:22,419 call_r_plant Inserted new plant: 66225
INFO 2025-03-11 14:58:22,779 call_r_plant Inserted new plant: 65122
INFO 2025-03-11 14:58:23,112 call_r_plant Inserted new plant: 65839
INFO 2025-03-11 14:58:23,441 call_r_plant Inserted new plant: 65841
INFO 2025-03-11 14:58:23,774 call_r_plant Inserted new plant: 65121
INFO 2025-03-11 14:58:24,141 call_r_plant Inserted new plant: 65123
INFO 2025-03-11 14:58:24,486 call_r_plant Inserted new plant: 65125
INFO 2025-03-11 14:58:24,813 call_r_plant Inserted new plant: 65124
INFO 2025-03-11 14:58:25,142 call_r_plant Inserted new plant: 61413
INFO 2025-03-11 14:58:25,479 call_r_plant Inserted new plant: 62250
INFO 2025-03-11 14:58:25,816 call_r_plant Inserted new plant: 62421
INFO 2025-03-11 14:58:26,160 call_r_plant Inserted new plant: 62366
INFO 2025-03-11 14:58:26,490 call_r_plant Inserted new plant: 63580
INFO 2025-03-11 14:58:26,818 call_r_plant Inserted new plant: 62271
INFO 2025-03-11 14:58:27,149 call_r_plant Inserted new plant: 64090
INFO 2025-03-11 14:58:27,482 call_r_plant Inserted new plant: 61488
INFO 2025-03-11 14:58:27,814 call_r_plant Inserted new plant: 63625
INFO 2025-03-11 14:58:28,183 call_r_plant Inserted new plant: 54769
INFO 2025-03-11 14:58:28,529 call_r_plant Inserted new plant: 59816
INFO 2025-03-11 14:58:28,865 call_r_plant Inserted new plant: 2499
INFO 2025-03-11 14:58:29,206 call_r_plant Inserted new plant: 2483
INFO 2025-03-11 14:58:29,536 call_r_plant Inserted new plant: 66224
INFO 2025-03-11 14:58:29,865 call_r_plant Inserted new plant: 61026
INFO 2025-03-11 14:58:30,195 call_r_plant Inserted new plant: 10221
INFO 2025-03-11 14:58:30,536 call_r_plant Inserted new plant: 54808
INFO 2025-03-11 14:58:30,862 call_r_plant Inserted new plant: 52091
INFO 2025-03-11 14:58:31,196 call_r_plant Inserted new plant: 62582
INFO 2025-03-11 14:58:31,524 call_r_plant Inserted new plant: 50354
INFO 2025-03-11 14:58:31,856 call_r_plant Inserted new plant: 66040
INFO 2025-03-11 14:58:32,186 call_r_plant Inserted new plant: 2589
INFO 2025-03-11 14:58:32,529 call_r_plant Inserted new plant: 54149
INFO 2025-03-11 14:58:32,864 call_r_plant Inserted new plant: 2590
INFO 2025-03-11 14:58:33,192 call_r_plant Inserted new plant: 50123
INFO 2025-03-11 14:58:33,543 call_r_plant Inserted new plant: 7915
INFO 2025-03-11 14:58:33,884 call_r_plant Inserted new plant: 63643
INFO 2025-03-11 14:58:34,265 call_r_plant Inserted new plant: 58788
INFO 2025-03-11 14:58:34,614 call_r_plant Inserted new plant: 65626
INFO 2025-03-11 14:58:34,942 call_r_plant Inserted new plant: 61378
INFO 2025-03-11 14:58:35,280 call_r_plant Inserted new plant: 2516
INFO 2025-03-11 14:58:35,611 call_r_plant Inserted new plant: 64374
INFO 2025-03-11 14:58:35,936 call_r_plant Inserted new plant: 2591
INFO 2025-03-11 14:58:36,258 call_r_plant Inserted new plant: 65522
INFO 2025-03-11 14:58:36,590 call_r_plant Inserted new plant: 57798
INFO 2025-03-11 14:58:36,919 call_r_plant Inserted new plant: 65459
INFO 2025-03-11 14:58:37,251 call_r_plant Inserted new plant: 65436
INFO 2025-03-11 14:58:37,617 call_r_plant Inserted new plant: 65435
INFO 2025-03-11 14:58:37,939 call_r_plant Inserted new plant: 65378
INFO 2025-03-11 14:58:38,272 call_r_plant Inserted new plant: 65379
INFO 2025-03-11 14:58:38,599 call_r_plant Inserted new plant: 65434
INFO 2025-03-11 14:58:38,930 call_r_plant Inserted new plant: 64044
INFO 2025-03-11 14:58:39,259 call_r_plant Inserted new plant: 52058
INFO 2025-03-11 14:58:39,589 call_r_plant Inserted new plant: 60455
INFO 2025-03-11 14:58:39,933 call_r_plant Inserted new plant: 60456
INFO 2025-03-11 14:58:40,279 call_r_plant Inserted new plant: 60114
INFO 2025-03-11 14:58:40,601 call_r_plant Inserted new plant: 57404
INFO 2025-03-11 14:58:40,955 call_r_plant Inserted new plant: 60097
INFO 2025-03-11 14:58:41,289 call_r_plant Inserted new plant: 60098
INFO 2025-03-11 14:58:41,634 call_r_plant Inserted new plant: 50662
INFO 2025-03-11 14:58:41,976 call_r_plant Inserted new plant: 60462
INFO 2025-03-11 14:58:42,345 call_r_plant Inserted new plant: 60232
INFO 2025-03-11 14:58:42,678 call_r_plant Inserted new plant: 56250
INFO 2025-03-11 14:58:43,016 call_r_plant Inserted new plant: 65165
INFO 2025-03-11 14:58:43,350 call_r_plant Inserted new plant: 60967
INFO 2025-03-11 14:58:43,686 call_r_plant Inserted new plant: 61724
INFO 2025-03-11 14:58:44,018 call_r_plant Inserted new plant: 60229
INFO 2025-03-11 14:58:44,373 call_r_plant Inserted new plant: 64686
INFO 2025-03-11 14:58:44,713 call_r_plant Inserted new plant: 64350
INFO 2025-03-11 14:58:45,062 call_r_plant Inserted new plant: 65163
INFO 2025-03-11 14:58:45,407 call_r_plant Inserted new plant: 58678
INFO 2025-03-11 14:58:45,749 call_r_plant Inserted new plant: 66387
INFO 2025-03-11 14:58:46,091 call_r_plant Inserted new plant: 60818
INFO 2025-03-11 14:58:46,420 call_r_plant Inserted new plant: 50907
INFO 2025-03-11 14:58:46,754 call_r_plant Inserted new plant: 2595
INFO 2025-03-11 14:58:47,083 call_r_plant Inserted new plant: 2596
INFO 2025-03-11 14:58:47,445 call_r_plant Inserted new plant: 2594
INFO 2025-03-11 14:58:47,772 call_r_plant Inserted new plant: 58550
INFO 2025-03-11 14:58:48,103 call_r_plant Inserted new plant: 63340
INFO 2025-03-11 14:58:48,437 call_r_plant Inserted new plant: 63341
INFO 2025-03-11 14:58:48,774 call_r_plant Inserted new plant: 2597
INFO 2025-03-11 14:58:49,099 call_r_plant Inserted new plant: 62389
INFO 2025-03-11 14:58:49,434 call_r_plant Inserted new plant: 57789
INFO 2025-03-11 14:58:49,764 call_r_plant Inserted new plant: 63060
INFO 2025-03-11 14:58:50,089 call_r_plant Inserted new plant: 63405
INFO 2025-03-11 14:58:50,446 call_r_plant Inserted new plant: 65724
INFO 2025-03-11 14:58:50,777 call_r_plant Inserted new plant: 10197
INFO 2025-03-11 14:58:51,128 call_r_plant Inserted new plant: 66583
INFO 2025-03-11 14:58:51,460 call_r_plant Inserted new plant: 54865
INFO 2025-03-11 14:58:51,797 call_r_plant Inserted new plant: 2598
INFO 2025-03-11 14:58:52,158 call_r_plant Inserted new plant: 56188
INFO 2025-03-11 14:58:52,515 call_r_plant Inserted new plant: 2678
INFO 2025-03-11 14:58:52,839 call_r_plant Inserted new plant: 62834
INFO 2025-03-11 14:58:53,165 call_r_plant Inserted new plant: 64125
INFO 2025-03-11 14:58:53,494 call_r_plant Inserted new plant: 56196
INFO 2025-03-11 14:58:53,820 call_r_plant Inserted new plant: 62156
INFO 2025-03-11 14:58:54,149 call_r_plant Inserted new plant: 2517
INFO 2025-03-11 14:58:54,479 call_r_plant Inserted new plant: 10817
INFO 2025-03-11 14:58:54,809 call_r_plant Inserted new plant: 58647
INFO 2025-03-11 14:58:55,147 call_r_plant Inserted new plant: 67479
INFO 2025-03-11 14:58:55,474 call_r_plant Inserted new plant: 8053
INFO 2025-03-11 14:58:55,810 call_r_plant Inserted new plant: 2599
INFO 2025-03-11 14:58:56,151 call_r_plant Inserted new plant: 10547
INFO 2025-03-11 14:58:56,487 call_r_plant Inserted new plant: 6122
INFO 2025-03-11 14:58:56,827 call_r_plant Inserted new plant: 10025
INFO 2025-03-11 14:58:57,169 call_r_plant Inserted new plant: 66272
INFO 2025-03-11 14:58:57,498 call_r_plant Inserted new plant: 62810
INFO 2025-03-11 14:58:57,833 call_r_plant Inserted new plant: 63000
INFO 2025-03-11 14:58:58,177 call_r_plant Inserted new plant: 65587
INFO 2025-03-11 14:58:58,511 call_r_plant Inserted new plant: 65721
INFO 2025-03-11 14:58:58,834 call_r_plant Inserted new plant: 6526
INFO 2025-03-11 14:58:59,239 call_r_plant Inserted new plant: 2600
INFO 2025-03-11 14:58:59,583 call_r_plant Inserted new plant: 63012
INFO 2025-03-11 14:58:59,918 call_r_plant Inserted new plant: 2500
INFO 2025-03-11 14:59:00,262 call_r_plant Inserted new plant: 2601
INFO 2025-03-11 14:59:00,597 call_r_plant Inserted new plant: 64718
INFO 2025-03-11 14:59:00,946 call_r_plant Inserted new plant: 64722
INFO 2025-03-11 14:59:01,280 call_r_plant Inserted new plant: 62423
INFO 2025-03-11 14:59:01,612 call_r_plant Inserted new plant: 62456
INFO 2025-03-11 14:59:01,947 call_r_plant Inserted new plant: 66226
INFO 2025-03-11 14:59:02,277 call_r_plant Inserted new plant: 66227
INFO 2025-03-11 14:59:02,601 call_r_plant Inserted new plant: 54034
INFO 2025-03-11 14:59:02,939 call_r_plant Inserted new plant: 7314
INFO 2025-03-11 14:59:03,282 call_r_plant Inserted new plant: 67908
INFO 2025-03-11 14:59:03,608 call_r_plant Inserted new plant: 63553
INFO 2025-03-11 14:59:03,945 call_r_plant Inserted new plant: 67620
INFO 2025-03-11 14:59:04,307 call_r_plant Inserted new plant: 63369
INFO 2025-03-11 14:59:04,664 call_r_plant Inserted new plant: 2631
INFO 2025-03-11 14:59:05,027 call_r_plant Inserted new plant: 67621
INFO 2025-03-11 14:59:05,356 call_r_plant Inserted new plant: 64557
INFO 2025-03-11 14:59:05,686 call_r_plant Inserted new plant: 52168
INFO 2025-03-11 14:59:06,025 call_r_plant Inserted new plant: 58789
INFO 2025-03-11 14:59:06,350 call_r_plant Inserted new plant: 62017
INFO 2025-03-11 14:59:06,678 call_r_plant Inserted new plant: 61041
INFO 2025-03-11 14:59:07,006 call_r_plant Inserted new plant: 2693
INFO 2025-03-11 14:59:07,347 call_r_plant Inserted new plant: 2694
INFO 2025-03-11 14:59:07,688 call_r_plant Inserted new plant: 2639
INFO 2025-03-11 14:59:08,028 call_r_plant Inserted new plant: 2638
INFO 2025-03-11 14:59:08,362 call_r_plant Inserted new plant: 2641
INFO 2025-03-11 14:59:08,728 call_r_plant Inserted new plant: 64964
INFO 2025-03-11 14:59:09,080 call_r_plant Inserted new plant: 62619
INFO 2025-03-11 14:59:09,411 call_r_plant Inserted new plant: 66388
INFO 2025-03-11 14:59:09,737 call_r_plant Inserted new plant: 64451
INFO 2025-03-11 14:59:10,062 call_r_plant Inserted new plant: 8006
INFO 2025-03-11 14:59:10,391 call_r_plant Inserted new plant: 62580
INFO 2025-03-11 14:59:10,712 call_r_plant Inserted new plant: 62500
INFO 2025-03-11 14:59:11,048 call_r_plant Inserted new plant: 62502
INFO 2025-03-11 14:59:11,379 call_r_plant Inserted new plant: 62524
INFO 2025-03-11 14:59:11,715 call_r_plant Inserted new plant: 64721
INFO 2025-03-11 14:59:12,051 call_r_plant Inserted new plant: 66361
INFO 2025-03-11 14:59:12,380 call_r_plant Inserted new plant: 66360
INFO 2025-03-11 14:59:12,705 call_r_plant Inserted new plant: 2682
INFO 2025-03-11 14:59:13,033 call_r_plant Inserted new plant: 66764
INFO 2025-03-11 14:59:13,371 call_r_plant Inserted new plant: 66762
INFO 2025-03-11 14:59:13,702 call_r_plant Inserted new plant: 66763
INFO 2025-03-11 14:59:14,024 call_r_plant Inserted new plant: 66765
INFO 2025-03-11 14:59:14,348 call_r_plant Inserted new plant: 66766
INFO 2025-03-11 14:59:14,679 call_r_plant Inserted new plant: 66380
INFO 2025-03-11 14:59:15,005 call_r_plant Inserted new plant: 63647
INFO 2025-03-11 14:59:15,337 call_r_plant Inserted new plant: 61487
INFO 2025-03-11 14:59:15,668 call_r_plant Inserted new plant: 58156
INFO 2025-03-11 14:59:16,033 call_r_plant Inserted new plant: 63661
INFO 2025-03-11 14:59:16,358 call_r_plant Inserted new plant: 62158
INFO 2025-03-11 14:59:16,678 call_r_plant Inserted new plant: 62159
INFO 2025-03-11 14:59:17,007 call_r_plant Inserted new plant: 62003
INFO 2025-03-11 14:59:17,348 call_r_plant Inserted new plant: 66228
INFO 2025-03-11 14:59:17,707 call_r_plant Inserted new plant: 64372
INFO 2025-03-11 14:59:18,057 call_r_plant Inserted new plant: 66229
INFO 2025-03-11 14:59:18,388 call_r_plant Inserted new plant: 54574
INFO 2025-03-11 14:59:18,717 call_r_plant Inserted new plant: 67475
INFO 2025-03-11 14:59:19,056 call_r_plant Inserted new plant: 67476
INFO 2025-03-11 14:59:19,398 call_r_plant Inserted new plant: 63373
INFO 2025-03-11 14:59:19,726 call_r_plant Inserted new plant: 2606
INFO 2025-03-11 14:59:20,054 call_r_plant Inserted new plant: 2605
INFO 2025-03-11 14:59:20,384 call_r_plant Inserted new plant: 2607
INFO 2025-03-11 14:59:20,715 call_r_plant Inserted new plant: 10725
INFO 2025-03-11 14:59:21,047 call_r_plant Inserted new plant: 54782
INFO 2025-03-11 14:59:21,373 call_r_plant Inserted new plant: 61641
INFO 2025-03-11 14:59:21,705 call_r_plant Inserted new plant: 61734
INFO 2025-03-11 14:59:22,034 call_r_plant Inserted new plant: 2608
INFO 2025-03-11 14:59:22,377 call_r_plant Inserted new plant: 61903
INFO 2025-03-11 14:59:22,702 call_r_plant Inserted new plant: 2609
INFO 2025-03-11 14:59:23,032 call_r_plant Inserted new plant: 2632
INFO 2025-03-11 14:59:23,358 call_r_plant Inserted new plant: 55787
INFO 2025-03-11 14:59:23,682 call_r_plant Inserted new plant: 60045
INFO 2025-03-11 14:59:24,018 call_r_plant Inserted new plant: 10220
INFO 2025-03-11 14:59:24,357 call_r_plant Inserted new plant: 60425
INFO 2025-03-11 14:59:24,681 call_r_plant Inserted new plant: 64578
INFO 2025-03-11 14:59:25,009 call_r_plant Inserted new plant: 67345
INFO 2025-03-11 14:59:25,339 call_r_plant Inserted new plant: 2610
INFO 2025-03-11 14:59:25,668 call_r_plant Inserted new plant: 61898
INFO 2025-03-11 14:59:25,997 call_r_plant Inserted new plant: 66256
INFO 2025-03-11 14:59:26,341 call_r_plant Inserted new plant: 66767
INFO 2025-03-11 14:59:26,676 call_r_plant Inserted new plant: 66769
INFO 2025-03-11 14:59:27,011 call_r_plant Inserted new plant: 66836
INFO 2025-03-11 14:59:27,342 call_r_plant Inserted new plant: 67295
INFO 2025-03-11 14:59:27,673 call_r_plant Inserted new plant: 66258
INFO 2025-03-11 14:59:28,004 call_r_plant Inserted new plant: 67268
INFO 2025-03-11 14:59:28,332 call_r_plant Inserted new plant: 2485
INFO 2025-03-11 14:59:28,678 call_r_plant Inserted new plant: 2611
INFO 2025-03-11 14:59:29,013 call_r_plant Inserted new plant: 2604
INFO 2025-03-11 14:59:29,340 call_r_plant Inserted new plant: 54772
INFO 2025-03-11 14:59:29,678 call_r_plant Inserted new plant: 65217
INFO 2025-03-11 14:59:30,026 call_r_plant Inserted new plant: 2519
INFO 2025-03-11 14:59:30,458 call_r_plant Inserted new plant: 50136
INFO 2025-03-11 14:59:30,851 call_r_plant Inserted new plant: 2520
INFO 2025-03-11 14:59:31,245 call_r_plant Inserted new plant: 2612
INFO 2025-03-11 14:59:31,669 call_r_plant Inserted new plant: 62051
INFO 2025-03-11 14:59:32,079 call_r_plant Inserted new plant: 62450
INFO 2025-03-11 14:59:32,417 call_r_plant Inserted new plant: 62452
INFO 2025-03-11 14:59:32,811 call_r_plant Inserted new plant: 61579
INFO 2025-03-11 14:59:33,238 call_r_plant Inserted new plant: 63546
INFO 2025-03-11 14:59:33,637 call_r_plant Inserted new plant: 63669
INFO 2025-03-11 14:59:33,978 call_r_plant Inserted new plant: 66483
INFO 2025-03-11 14:59:34,364 call_r_plant Inserted new plant: 2613
INFO 2025-03-11 14:59:34,705 call_r_plant Inserted new plant: 66231
INFO 2025-03-11 14:59:35,095 call_r_plant Inserted new plant: 66230
INFO 2025-03-11 14:59:35,481 call_r_plant Inserted new plant: 67550
INFO 2025-03-11 14:59:35,874 call_r_plant Inserted new plant: 59705
INFO 2025-03-11 14:59:36,208 call_r_plant Inserted new plant: 62723
INFO 2025-03-11 14:59:36,597 call_r_plant Inserted new plant: 62722
INFO 2025-03-11 14:59:36,938 call_r_plant Inserted new plant: 62721
INFO 2025-03-11 14:59:37,325 call_r_plant Inserted new plant: 57078
INFO 2025-03-11 14:59:37,661 call_r_plant Inserted new plant: 56575
INFO 2025-03-11 14:59:38,033 call_r_plant Inserted new plant: 57710
INFO 2025-03-11 14:59:38,383 call_r_plant Inserted new plant: 50744
INFO 2025-03-11 14:59:38,706 call_r_plant Inserted new plant: 59275
INFO 2025-03-11 14:59:39,065 call_r_plant Inserted new plant: 2614
INFO 2025-03-11 14:59:39,413 call_r_plant Inserted new plant: 54395
INFO 2025-03-11 14:59:39,742 call_r_plant Inserted new plant: 50513
INFO 2025-03-11 14:59:40,070 call_r_plant Inserted new plant: 58088
INFO 2025-03-11 14:59:40,417 call_r_plant Inserted new plant: 63108
INFO 2025-03-11 14:59:40,752 call_r_plant Inserted new plant: 2486
INFO 2025-03-11 14:59:41,088 call_r_plant Inserted new plant: 58873
INFO 2025-03-11 14:59:41,432 call_r_plant Inserted new plant: 66034
INFO 2025-03-11 14:59:41,761 call_r_plant Inserted new plant: 2616
INFO 2025-03-11 14:59:42,095 call_r_plant Inserted new plant: 62788
INFO 2025-03-11 14:59:42,425 call_r_plant Inserted new plant: 60817
INFO 2025-03-11 14:59:42,759 call_r_plant Inserted new plant: 66274
INFO 2025-03-11 14:59:43,112 call_r_plant Inserted new plant: 66275
INFO 2025-03-11 14:59:43,451 call_r_plant Inserted new plant: 66322
INFO 2025-03-11 14:59:43,782 call_r_plant Inserted new plant: 61922
INFO 2025-03-11 14:59:44,138 call_r_plant Inserted new plant: 66504
INFO 2025-03-11 14:59:44,470 call_r_plant Inserted new plant: 67574
INFO 2025-03-11 14:59:44,814 call_r_plant Inserted new plant: 64421
INFO 2025-03-11 14:59:45,148 call_r_plant Inserted new plant: 59274
INFO 2025-03-11 14:59:45,504 call_r_plant Inserted new plant: 66232
INFO 2025-03-11 14:59:45,832 call_r_plant Inserted new plant: 67212
INFO 2025-03-11 14:59:46,198 call_r_plant Inserted new plant: 2634
INFO 2025-03-11 14:59:46,525 call_r_plant Inserted new plant: 58399
INFO 2025-03-11 14:59:46,859 call_r_plant Inserted new plant: 10621
INFO 2025-03-11 14:59:47,198 call_r_plant Inserted new plant: 7583
INFO 2025-03-11 14:59:47,525 call_r_plant Inserted new plant: 50416
INFO 2025-03-11 14:59:47,872 call_r_plant Inserted new plant: 60677
INFO 2025-03-11 14:59:48,230 call_r_plant Inserted new plant: 2617
INFO 2025-03-11 14:59:48,567 call_r_plant Inserted new plant: 62496
INFO 2025-03-11 14:59:48,896 call_r_plant Inserted new plant: 62498
INFO 2025-03-11 14:59:49,226 call_r_plant Inserted new plant: 61568
INFO 2025-03-11 14:59:49,559 call_r_plant Inserted new plant: 62001
INFO 2025-03-11 14:59:49,894 call_r_plant Inserted new plant: 67271
INFO 2025-03-11 14:59:50,233 call_r_plant Inserted new plant: 10539
INFO 2025-03-11 14:59:50,561 call_r_plant Inserted new plant: 54099
INFO 2025-03-11 14:59:50,887 call_r_plant Inserted new plant: 67335
INFO 2025-03-11 14:59:51,216 call_r_plant Inserted new plant: 60904
INFO 2025-03-11 14:59:51,542 call_r_plant Inserted new plant: 61577
INFO 2025-03-11 14:59:51,888 call_r_plant Inserted new plant: 64561
INFO 2025-03-11 14:59:52,219 call_r_plant Inserted new plant: 64560
INFO 2025-03-11 14:59:52,571 call_r_plant Inserted new plant: 60431
INFO 2025-03-11 14:59:52,920 call_r_plant Inserted new plant: 60115
INFO 2025-03-11 14:59:53,254 call_r_plant Inserted new plant: 59613
INFO 2025-03-11 14:59:53,580 call_r_plant Inserted new plant: 64724
INFO 2025-03-11 14:59:53,909 call_r_plant Inserted new plant: 64127
INFO 2025-03-11 14:59:54,269 call_r_plant Inserted new plant: 2619
INFO 2025-03-11 14:59:54,595 call_r_plant Inserted new plant: 64525
INFO 2025-03-11 14:59:54,928 call_r_plant Inserted new plant: 62160
INFO 2025-03-11 14:59:55,267 call_r_plant Inserted new plant: 50203
INFO 2025-03-11 14:59:55,597 call_r_plant Inserted new plant: 62777
INFO 2025-03-11 14:59:55,924 call_r_plant Inserted new plant: 63751
INFO 2025-03-11 14:59:56,267 call_r_plant Inserted new plant: 50176
INFO 2025-03-11 14:59:56,600 call_r_plant Inserted new plant: 65624
INFO 2025-03-11 14:59:56,945 call_r_plant Inserted new plant: 65625
INFO 2025-03-11 14:59:57,279 call_r_plant Inserted new plant: 66481
INFO 2025-03-11 14:59:57,605 call_r_plant Inserted new plant: 50269
INFO 2025-03-11 14:59:57,938 call_r_plant Inserted new plant: 58157
INFO 2025-03-11 14:59:58,264 call_r_plant Inserted new plant: 10490
INFO 2025-03-11 14:59:58,594 call_r_plant Inserted new plant: 625
INFO 2025-03-11 14:59:59,002 call_r_plant Inserted new plant: 58679
INFO 2025-03-11 14:59:59,388 call_r_plant Inserted new plant: 56940
INFO 2025-03-11 14:59:59,729 call_r_plant Inserted new plant: 50034
INFO 2025-03-11 15:00:00,057 call_r_plant Inserted new plant: 66207
INFO 2025-03-11 15:00:00,394 call_r_plant Inserted new plant: 2621
INFO 2025-03-11 15:00:00,722 call_r_plant Inserted new plant: 63550
INFO 2025-03-11 15:00:01,108 call_r_plant Inserted new plant: 7909
INFO 2025-03-11 15:00:01,438 call_r_plant Inserted new plant: 10902
INFO 2025-03-11 15:00:01,762 call_r_plant Inserted new plant: 62525
INFO 2025-03-11 15:00:02,102 call_r_plant Inserted new plant: 62526
INFO 2025-03-11 15:00:02,428 call_r_plant Inserted new plant: 62527
INFO 2025-03-11 15:00:02,770 call_r_plant Inserted new plant: 62528
INFO 2025-03-11 15:00:03,110 call_r_plant Inserted new plant: 2686
INFO 2025-03-11 15:00:03,440 call_r_plant Inserted new plant: 64453
INFO 2025-03-11 15:00:03,774 call_r_plant Inserted new plant: 60365
INFO 2025-03-11 15:00:04,138 call_r_plant Inserted new plant: 7146
INFO 2025-03-11 15:00:04,473 call_r_plant Inserted new plant: 10848
INFO 2025-03-11 15:00:04,802 call_r_plant Inserted new plant: 63855
INFO 2025-03-11 15:00:05,154 call_r_plant Inserted new plant: 64041
INFO 2025-03-11 15:00:05,498 call_r_plant Inserted new plant: 54573
INFO 2025-03-11 15:00:05,832 call_r_plant Inserted new plant: 10218
INFO 2025-03-11 15:00:06,174 call_r_plant Inserted new plant: 65487
INFO 2025-03-11 15:00:06,512 call_r_plant Inserted new plant: 62472
INFO 2025-03-11 15:00:06,854 call_r_plant Inserted new plant: 62473
INFO 2025-03-11 15:00:07,188 call_r_plant Inserted new plant: 62471
INFO 2025-03-11 15:00:07,523 call_r_plant Inserted new plant: 64562
INFO 2025-03-11 15:00:07,864 call_r_plant Inserted new plant: 55619
INFO 2025-03-11 15:00:08,209 call_r_plant Inserted new plant: 61642
INFO 2025-03-11 15:00:08,553 call_r_plant Inserted new plant: 2623
INFO 2025-03-11 15:00:08,893 call_r_plant Inserted new plant: 2700
INFO 2025-03-11 15:00:09,228 call_r_plant Inserted new plant: 2521
INFO 2025-03-11 15:00:09,567 call_r_plant Inserted new plant: 2487
INFO 2025-03-11 15:00:09,910 call_r_plant Inserted new plant: 66233
INFO 2025-03-11 15:00:10,251 call_r_plant Inserted new plant: 51033
INFO 2025-03-11 15:00:10,589 call_r_plant Inserted new plant: 50759
INFO 2025-03-11 15:00:10,923 call_r_plant Inserted new plant: 62738
INFO 2025-03-11 15:00:11,259 call_r_plant Inserted new plant: 66065
INFO 2025-03-11 15:00:11,594 call_r_plant Inserted new plant: 62737
INFO 2025-03-11 15:00:11,931 call_r_plant Inserted new plant: 62270
INFO 2025-03-11 15:00:12,278 call_r_plant Inserted new plant: 63858
INFO 2025-03-11 15:00:12,608 call_r_plant Inserted new plant: 62764
INFO 2025-03-11 15:00:12,940 call_r_plant Inserted new plant: 63856
INFO 2025-03-11 15:00:13,281 call_r_plant Inserted new plant: 56902
INFO 2025-03-11 15:00:13,623 call_r_plant Inserted new plant: 55368
INFO 2025-03-11 15:00:13,955 call_r_plant Inserted new plant: 66234
INFO 2025-03-11 15:00:14,310 call_r_plant Inserted new plant: 66235
INFO 2025-03-11 15:00:14,655 call_r_plant Inserted new plant: 10503
INFO 2025-03-11 15:00:14,998 call_r_plant Inserted new plant: 50882
INFO 2025-03-11 15:00:15,332 call_r_plant Inserted new plant: 64440
INFO 2025-03-11 15:00:15,678 call_r_plant Inserted new plant: 67745
INFO 2025-03-11 15:00:16,025 call_r_plant Inserted new plant: 67275
INFO 2025-03-11 15:00:16,360 call_r_plant Inserted new plant: 63408
INFO 2025-03-11 15:00:16,730 call_r_plant Inserted new plant: 66236
INFO 2025-03-11 15:00:17,068 call_r_plant Inserted new plant: 58167
INFO 2025-03-11 15:00:17,401 call_r_plant Inserted new plant: 64725
INFO 2025-03-11 15:00:17,764 call_r_plant Inserted new plant: 63409
INFO 2025-03-11 15:00:18,101 call_r_plant Inserted new plant: 63238
INFO 2025-03-11 15:00:18,437 call_r_plant Inserted new plant: 2646
INFO 2025-03-11 15:00:18,769 call_r_plant Inserted new plant: 61567
INFO 2025-03-11 15:00:19,104 call_r_plant Inserted new plant: 62479
INFO 2025-03-11 15:00:19,455 call_r_plant Inserted new plant: 54131
INFO 2025-03-11 15:00:19,791 call_r_plant Inserted new plant: 63644
INFO 2025-03-11 15:00:20,142 call_r_plant Inserted new plant: 2624
INFO 2025-03-11 15:00:20,482 call_r_plant Inserted new plant: 62517
INFO 2025-03-11 15:00:20,814 call_r_plant Inserted new plant: 62518
INFO 2025-03-11 15:00:21,150 call_r_plant Inserted new plant: 62519
INFO 2025-03-11 15:00:21,494 call_r_plant Inserted new plant: 58082
INFO 2025-03-11 15:00:21,824 call_r_plant Inserted new plant: 55262
INFO 2025-03-11 15:00:22,154 call_r_plant Inserted new plant: 55263
INFO 2025-03-11 15:00:22,494 call_r_plant Inserted new plant: 55264
INFO 2025-03-11 15:00:22,825 call_r_plant Inserted new plant: 58980
INFO 2025-03-11 15:00:23,165 call_r_plant Inserted new plant: 2945
INFO 2025-03-11 15:00:23,502 call_r_plant Inserted new plant: 59489
INFO 2025-03-11 15:00:23,858 call_r_plant Inserted new plant: 55990
INFO 2025-03-11 15:00:24,201 call_r_plant Inserted new plant: 7657
INFO 2025-03-11 15:00:24,534 call_r_plant Inserted new plant: 58475
INFO 2025-03-11 15:00:24,871 call_r_plant Inserted new plant: 2878
INFO 2025-03-11 15:00:25,224 call_r_plant Inserted new plant: 58269
INFO 2025-03-11 15:00:25,579 call_r_plant Inserted new plant: 58263
INFO 2025-03-11 15:00:25,911 call_r_plant Inserted new plant: 64635
INFO 2025-03-11 15:00:26,258 call_r_plant Inserted new plant: 57449
INFO 2025-03-11 15:00:26,597 call_r_plant Inserted new plant: 66249
INFO 2025-03-11 15:00:26,936 call_r_plant Inserted new plant: 65951
INFO 2025-03-11 15:00:27,271 call_r_plant Inserted new plant: 56226
INFO 2025-03-11 15:00:27,608 call_r_plant Inserted new plant: 59373
INFO 2025-03-11 15:00:27,943 call_r_plant Inserted new plant: 61145
INFO 2025-03-11 15:00:28,292 call_r_plant Inserted new plant: 2903
INFO 2025-03-11 15:00:28,629 call_r_plant Inserted new plant: 7779
INFO 2025-03-11 15:00:28,959 call_r_plant Inserted new plant: 58381
INFO 2025-03-11 15:00:29,292 call_r_plant Inserted new plant: 67084
INFO 2025-03-11 15:00:29,629 call_r_plant Inserted new plant: 58386
INFO 2025-03-11 15:00:29,981 call_r_plant Inserted new plant: 2828
INFO 2025-03-11 15:00:30,317 call_r_plant Inserted new plant: 59773
INFO 2025-03-11 15:00:30,648 call_r_plant Inserted new plant: 58665
INFO 2025-03-11 15:00:30,983 call_r_plant Inserted new plant: 57908
INFO 2025-03-11 15:00:31,325 call_r_plant Inserted new plant: 60376
INFO 2025-03-11 15:00:31,665 call_r_plant Inserted new plant: 7774
INFO 2025-03-11 15:00:32,017 call_r_plant Inserted new plant: 61838
INFO 2025-03-11 15:00:32,377 call_r_plant Inserted new plant: 10398
INFO 2025-03-11 15:00:32,719 call_r_plant Inserted new plant: 54207
INFO 2025-03-11 15:00:33,062 call_r_plant Inserted new plant: 60297
INFO 2025-03-11 15:00:33,401 call_r_plant Inserted new plant: 64157
INFO 2025-03-11 15:00:33,739 call_r_plant Inserted new plant: 60923
INFO 2025-03-11 15:00:34,072 call_r_plant Inserted new plant: 2906
INFO 2025-03-11 15:00:34,423 call_r_plant Inserted new plant: 58439
INFO 2025-03-11 15:00:34,757 call_r_plant Inserted new plant: 57570
INFO 2025-03-11 15:00:35,102 call_r_plant Inserted new plant: 62041
INFO 2025-03-11 15:00:35,461 call_r_plant Inserted new plant: 62658
INFO 2025-03-11 15:00:35,793 call_r_plant Inserted new plant: 62942
INFO 2025-03-11 15:00:36,155 call_r_plant Inserted new plant: 62941
INFO 2025-03-11 15:00:36,494 call_r_plant Inserted new plant: 60622
INFO 2025-03-11 15:00:36,849 call_r_plant Inserted new plant: 61818
INFO 2025-03-11 15:00:37,195 call_r_plant Inserted new plant: 61438
INFO 2025-03-11 15:00:37,538 call_r_plant Inserted new plant: 61436
INFO 2025-03-11 15:00:37,872 call_r_plant Inserted new plant: 62792
INFO 2025-03-11 15:00:38,209 call_r_plant Inserted new plant: 61805
INFO 2025-03-11 15:00:38,544 call_r_plant Inserted new plant: 61437
INFO 2025-03-11 15:00:38,879 call_r_plant Inserted new plant: 55247
INFO 2025-03-11 15:00:39,220 call_r_plant Inserted new plant: 6149
INFO 2025-03-11 15:00:39,557 call_r_plant Inserted new plant: 61637
INFO 2025-03-11 15:00:39,912 call_r_plant Inserted new plant: 2831
INFO 2025-03-11 15:00:40,261 call_r_plant Inserted new plant: 56423
INFO 2025-03-11 15:00:40,598 call_r_plant Inserted new plant: 2914
INFO 2025-03-11 15:00:40,937 call_r_plant Inserted new plant: 7777
INFO 2025-03-11 15:00:41,274 call_r_plant Inserted new plant: 55350
INFO 2025-03-11 15:00:41,658 call_r_plant Inserted new plant: 57929
INFO 2025-03-11 15:00:42,005 call_r_plant Inserted new plant: 7874
INFO 2025-03-11 15:00:42,338 call_r_plant Inserted new plant: 67027
INFO 2025-03-11 15:00:42,678 call_r_plant Inserted new plant: 59024
INFO 2025-03-11 15:00:43,016 call_r_plant Inserted new plant: 60015
INFO 2025-03-11 15:00:43,400 call_r_plant Inserted new plant: 67239
INFO 2025-03-11 15:00:43,736 call_r_plant Inserted new plant: 59683
INFO 2025-03-11 15:00:44,067 call_r_plant Inserted new plant: 55701
INFO 2025-03-11 15:00:44,404 call_r_plant Inserted new plant: 7918
INFO 2025-03-11 15:00:44,746 call_r_plant Inserted new plant: 8102
INFO 2025-03-11 15:00:45,085 call_r_plant Inserted new plant: 57410
INFO 2025-03-11 15:00:45,448 call_r_plant Inserted new plant: 56181
INFO 2025-03-11 15:00:45,780 call_r_plant Inserted new plant: 4258
INFO 2025-03-11 15:00:46,119 call_r_plant Inserted new plant: 55228
INFO 2025-03-11 15:00:46,456 call_r_plant Inserted new plant: 62949
INFO 2025-03-11 15:00:46,795 call_r_plant Inserted new plant: 60299
INFO 2025-03-11 15:00:47,128 call_r_plant Inserted new plant: 60190
INFO 2025-03-11 15:00:47,466 call_r_plant Inserted new plant: 2917
INFO 2025-03-11 15:00:47,797 call_r_plant Inserted new plant: 7807
INFO 2025-03-11 15:00:48,140 call_r_plant Inserted new plant: 55736
INFO 2025-03-11 15:00:48,475 call_r_plant Inserted new plant: 63029
INFO 2025-03-11 15:00:48,809 call_r_plant Inserted new plant: 60126
INFO 2025-03-11 15:00:49,146 call_r_plant Inserted new plant: 56848
INFO 2025-03-11 15:00:49,520 call_r_plant Inserted new plant: 58220
INFO 2025-03-11 15:00:49,856 call_r_plant Inserted new plant: 62200
INFO 2025-03-11 15:00:50,197 call_r_plant Inserted new plant: 61330
INFO 2025-03-11 15:00:50,532 call_r_plant Inserted new plant: 65985
INFO 2025-03-11 15:00:50,863 call_r_plant Inserted new plant: 66010
INFO 2025-03-11 15:00:51,231 call_r_plant Inserted new plant: 66069
INFO 2025-03-11 15:00:51,594 call_r_plant Inserted new plant: 7780
INFO 2025-03-11 15:00:51,976 call_r_plant Inserted new plant: 65691
INFO 2025-03-11 15:00:52,308 call_r_plant Inserted new plant: 2876
INFO 2025-03-11 15:00:52,669 call_r_plant Inserted new plant: 57613
INFO 2025-03-11 15:00:53,012 call_r_plant Inserted new plant: 62752
INFO 2025-03-11 15:00:53,359 call_r_plant Inserted new plant: 61322
INFO 2025-03-11 15:00:53,713 call_r_plant Inserted new plant: 56869
INFO 2025-03-11 15:00:54,055 call_r_plant Inserted new plant: 59324
INFO 2025-03-11 15:00:54,425 call_r_plant Inserted new plant: 55110
INFO 2025-03-11 15:00:54,764 call_r_plant Inserted new plant: 57411
INFO 2025-03-11 15:00:55,117 call_r_plant Inserted new plant: 66261
INFO 2025-03-11 15:00:55,469 call_r_plant Inserted new plant: 2832
INFO 2025-03-11 15:00:55,827 call_r_plant Inserted new plant: 57822
INFO 2025-03-11 15:00:56,163 call_r_plant Inserted new plant: 59326
INFO 2025-03-11 15:00:56,510 call_r_plant Inserted new plant: 67244
INFO 2025-03-11 15:00:56,840 call_r_plant Inserted new plant: 56863
INFO 2025-03-11 15:00:57,185 call_r_plant Inserted new plant: 66434
INFO 2025-03-11 15:00:57,529 call_r_plant Inserted new plant: 63181
INFO 2025-03-11 15:00:57,866 call_r_plant Inserted new plant: 7791
INFO 2025-03-11 15:00:58,204 call_r_plant Inserted new plant: 2851
INFO 2025-03-11 15:00:58,554 call_r_plant Inserted new plant: 54335
INFO 2025-03-11 15:00:58,896 call_r_plant Inserted new plant: 58921
INFO 2025-03-11 15:00:59,359 call_r_plant Inserted new plant: 7776
INFO 2025-03-11 15:00:59,696 call_r_plant Inserted new plant: 57462
INFO 2025-03-11 15:01:00,036 call_r_plant Inserted new plant: 65215
INFO 2025-03-11 15:01:00,381 call_r_plant Inserted new plant: 64853
INFO 2025-03-11 15:01:00,720 call_r_plant Inserted new plant: 2861
INFO 2025-03-11 15:01:01,077 call_r_plant Inserted new plant: 66437
INFO 2025-03-11 15:01:01,426 call_r_plant Inserted new plant: 59296
INFO 2025-03-11 15:01:01,798 call_r_plant Inserted new plant: 2848
INFO 2025-03-11 15:01:02,157 call_r_plant Inserted new plant: 7279
INFO 2025-03-11 15:01:02,494 call_r_plant Inserted new plant: 2933
INFO 2025-03-11 15:01:02,838 call_r_plant Inserted new plant: 58134
INFO 2025-03-11 15:01:03,196 call_r_plant Inserted new plant: 60913
INFO 2025-03-11 15:01:03,533 call_r_plant Inserted new plant: 7783
INFO 2025-03-11 15:01:03,873 call_r_plant Inserted new plant: 7782
INFO 2025-03-11 15:01:04,248 call_r_plant Inserted new plant: 59764
INFO 2025-03-11 15:01:04,590 call_r_plant Inserted new plant: 2935
INFO 2025-03-11 15:01:04,941 call_r_plant Inserted new plant: 7778
INFO 2025-03-11 15:01:05,298 call_r_plant Inserted new plant: 60038
INFO 2025-03-11 15:01:05,642 call_r_plant Inserted new plant: 66140
INFO 2025-03-11 15:01:05,983 call_r_plant Inserted new plant: 63920
INFO 2025-03-11 15:01:06,331 call_r_plant Inserted new plant: 63927
INFO 2025-03-11 15:01:06,677 call_r_plant Inserted new plant: 63829
INFO 2025-03-11 15:01:07,010 call_r_plant Inserted new plant: 56421
INFO 2025-03-11 15:01:07,352 call_r_plant Inserted new plant: 2936
INFO 2025-03-11 15:01:07,701 call_r_plant Inserted new plant: 63294
INFO 2025-03-11 15:01:08,037 call_r_plant Inserted new plant: 57620
INFO 2025-03-11 15:01:08,379 call_r_plant Inserted new plant: 60470
INFO 2025-03-11 15:01:08,716 call_r_plant Inserted new plant: 6020
INFO 2025-03-11 15:01:09,077 call_r_plant Inserted new plant: 2937
INFO 2025-03-11 15:01:09,410 call_r_plant Inserted new plant: 10244
INFO 2025-03-11 15:01:09,761 call_r_plant Inserted new plant: 50456
INFO 2025-03-11 15:01:10,121 call_r_plant Inserted new plant: 63457
INFO 2025-03-11 15:01:10,462 call_r_plant Inserted new plant: 7603
INFO 2025-03-11 15:01:10,799 call_r_plant Inserted new plant: 58630
INFO 2025-03-11 15:01:11,145 call_r_plant Inserted new plant: 6006
INFO 2025-03-11 15:01:11,480 call_r_plant Inserted new plant: 57249
INFO 2025-03-11 15:01:11,835 call_r_plant Inserted new plant: 56420
INFO 2025-03-11 15:01:12,170 call_r_plant Inserted new plant: 2880
INFO 2025-03-11 15:01:12,505 call_r_plant Inserted new plant: 7872
INFO 2025-03-11 15:01:12,851 call_r_plant Inserted new plant: 55401
INFO 2025-03-11 15:01:13,194 call_r_plant Inserted new plant: 56422
INFO 2025-03-11 15:01:13,565 call_r_plant Inserted new plant: 65302
INFO 2025-03-11 15:01:13,902 call_r_plant Inserted new plant: 54974
INFO 2025-03-11 15:01:14,250 call_r_plant Inserted new plant: 58780
INFO 2025-03-11 15:01:14,617 call_r_plant Inserted new plant: 7919
INFO 2025-03-11 15:01:14,959 call_r_plant Inserted new plant: 7827
INFO 2025-03-11 15:01:15,298 call_r_plant Inserted new plant: 63390
INFO 2025-03-11 15:01:15,644 call_r_plant Inserted new plant: 7828
INFO 2025-03-11 15:01:15,989 call_r_plant Inserted new plant: 2852
INFO 2025-03-11 15:01:16,332 call_r_plant Inserted new plant: 60356
INFO 2025-03-11 15:01:16,677 call_r_plant Inserted new plant: 59545
INFO 2025-03-11 15:01:17,026 call_r_plant Inserted new plant: 2942
INFO 2025-03-11 15:01:17,362 call_r_plant Inserted new plant: 2881
INFO 2025-03-11 15:01:17,722 call_r_plant Inserted new plant: 57170
INFO 2025-03-11 15:01:18,064 call_r_plant Inserted new plant: 58140
INFO 2025-03-11 15:01:18,434 call_r_plant Inserted new plant: 67459
INFO 2025-03-11 15:01:18,779 call_r_plant Inserted new plant: 2847
INFO 2025-03-11 15:01:19,124 call_r_plant Inserted new plant: 62944
INFO 2025-03-11 15:01:19,462 call_r_plant Inserted new plant: 66250
INFO 2025-03-11 15:01:19,800 call_r_plant Inserted new plant: 50965
INFO 2025-03-11 15:01:20,134 call_r_plant Inserted new plant: 55348
INFO 2025-03-11 15:01:20,471 call_r_plant Inserted new plant: 61356
INFO 2025-03-11 15:01:20,813 call_r_plant Inserted new plant: 7775
INFO 2025-03-11 15:01:21,157 call_r_plant Inserted new plant: 2866
INFO 2025-03-11 15:01:21,496 call_r_plant Inserted new plant: 66464
INFO 2025-03-11 15:01:21,845 call_r_plant Inserted new plant: 66453
INFO 2025-03-11 15:01:22,185 call_r_plant Inserted new plant: 2830
INFO 2025-03-11 15:01:22,518 call_r_plant Inserted new plant: 65258
INFO 2025-03-11 15:01:22,852 call_r_plant Inserted new plant: 55397
INFO 2025-03-11 15:01:23,201 call_r_plant Inserted new plant: 55503
INFO 2025-03-11 15:01:23,538 call_r_plant Inserted new plant: 7878
INFO 2025-03-11 15:01:23,876 call_r_plant Inserted new plant: 2909
INFO 2025-03-11 15:01:24,244 call_r_plant Inserted new plant: 2869
INFO 2025-03-11 15:01:24,600 call_r_plant Inserted new plant: 61660
INFO 2025-03-11 15:01:24,950 call_r_plant Inserted new plant: 61005
INFO 2025-03-11 15:01:25,294 call_r_plant Inserted new plant: 61004
INFO 2025-03-11 15:01:25,638 call_r_plant Inserted new plant: 60660
INFO 2025-03-11 15:01:26,016 call_r_plant Inserted new plant: 7158
INFO 2025-03-11 15:01:26,372 call_r_plant Inserted new plant: 66444
INFO 2025-03-11 15:01:26,719 call_r_plant Inserted new plant: 57203
INFO 2025-03-11 15:01:27,056 call_r_plant Inserted new plant: 2854
INFO 2025-03-11 15:01:27,394 call_r_plant Inserted new plant: 64832
INFO 2025-03-11 15:01:27,731 call_r_plant Inserted new plant: 60128
INFO 2025-03-11 15:01:28,067 call_r_plant Inserted new plant: 62653
INFO 2025-03-11 15:01:28,412 call_r_plant Inserted new plant: 65511
INFO 2025-03-11 15:01:28,757 call_r_plant Inserted new plant: 3006
INFO 2025-03-11 15:01:29,098 call_r_plant Inserted new plant: 59234
INFO 2025-03-11 15:01:29,450 call_r_plant Inserted new plant: 61926
INFO 2025-03-11 15:01:29,782 call_r_plant Inserted new plant: 58900
INFO 2025-03-11 15:01:30,156 call_r_plant Inserted new plant: 56081
INFO 2025-03-11 15:01:30,487 call_r_plant Inserted new plant: 56335
INFO 2025-03-11 15:01:30,836 call_r_plant Inserted new plant: 57108
INFO 2025-03-11 15:01:31,171 call_r_plant Inserted new plant: 57616
INFO 2025-03-11 15:01:31,519 call_r_plant Inserted new plant: 60256
INFO 2025-03-11 15:01:31,868 call_r_plant Inserted new plant: 62871
INFO 2025-03-11 15:01:32,217 call_r_plant Inserted new plant: 58994
INFO 2025-03-11 15:01:32,612 call_r_plant Inserted new plant: 6415
INFO 2025-03-11 15:01:32,959 call_r_plant Inserted new plant: 56946
INFO 2025-03-11 15:01:33,307 call_r_plant Inserted new plant: 66248
INFO 2025-03-11 15:01:33,657 call_r_plant Inserted new plant: 64047
INFO 2025-03-11 15:01:33,995 call_r_plant Inserted new plant: 57597
INFO 2025-03-11 15:01:34,357 call_r_plant Inserted new plant: 57987
INFO 2025-03-11 15:01:34,702 call_r_plant Inserted new plant: 56380
INFO 2025-03-11 15:01:35,049 call_r_plant Inserted new plant: 58325
INFO 2025-03-11 15:01:35,391 call_r_plant Inserted new plant: 63500
INFO 2025-03-11 15:01:35,728 call_r_plant Inserted new plant: 58041
INFO 2025-03-11 15:01:36,076 call_r_plant Inserted new plant: 63499
INFO 2025-03-11 15:01:36,420 call_r_plant Inserted new plant: 7757
INFO 2025-03-11 15:01:36,753 call_r_plant Inserted new plant: 8059
INFO 2025-03-11 15:01:37,089 call_r_plant Inserted new plant: 50660
INFO 2025-03-11 15:01:37,432 call_r_plant Inserted new plant: 61759
INFO 2025-03-11 15:01:37,769 call_r_plant Inserted new plant: 57332
INFO 2025-03-11 15:01:38,110 call_r_plant Inserted new plant: 2975
INFO 2025-03-11 15:01:38,441 call_r_plant Inserted new plant: 61614
INFO 2025-03-11 15:01:38,776 call_r_plant Inserted new plant: 56665
INFO 2025-03-11 15:01:39,129 call_r_plant Inserted new plant: 63327
INFO 2025-03-11 15:01:39,466 call_r_plant Inserted new plant: 59065
INFO 2025-03-11 15:01:39,800 call_r_plant Inserted new plant: 57346
INFO 2025-03-11 15:01:40,141 call_r_plant Inserted new plant: 6419
INFO 2025-03-11 15:01:40,481 call_r_plant Inserted new plant: 3003
INFO 2025-03-11 15:01:40,819 call_r_plant Inserted new plant: 50558
INFO 2025-03-11 15:01:41,159 call_r_plant Inserted new plant: 60218
INFO 2025-03-11 15:01:41,499 call_r_plant Inserted new plant: 62837
INFO 2025-03-11 15:01:41,835 call_r_plant Inserted new plant: 10362
INFO 2025-03-11 15:01:42,178 call_r_plant Inserted new plant: 64750
INFO 2025-03-11 15:01:42,522 call_r_plant Inserted new plant: 58998
INFO 2025-03-11 15:01:42,860 call_r_plant Inserted new plant: 165
INFO 2025-03-11 15:01:43,198 call_r_plant Inserted new plant: 60545
INFO 2025-03-11 15:01:43,573 call_r_plant Inserted new plant: 60013
INFO 2025-03-11 15:01:43,911 call_r_plant Inserted new plant: 60574
INFO 2025-03-11 15:01:44,263 call_r_plant Inserted new plant: 55146
INFO 2025-03-11 15:01:44,602 call_r_plant Inserted new plant: 61615
INFO 2025-03-11 15:01:44,939 call_r_plant Inserted new plant: 2951
INFO 2025-03-11 15:01:45,282 call_r_plant Inserted new plant: 6772
INFO 2025-03-11 15:01:45,636 call_r_plant Inserted new plant: 50192
INFO 2025-03-11 15:01:45,982 call_r_plant Inserted new plant: 7545
INFO 2025-03-11 15:01:46,339 call_r_plant Inserted new plant: 59460
INFO 2025-03-11 15:01:46,682 call_r_plant Inserted new plant: 57358
INFO 2025-03-11 15:01:47,027 call_r_plant Inserted new plant: 2984
INFO 2025-03-11 15:01:47,370 call_r_plant Inserted new plant: 63104
INFO 2025-03-11 15:01:47,706 call_r_plant Inserted new plant: 2986
INFO 2025-03-11 15:01:48,042 call_r_plant Inserted new plant: 58902
INFO 2025-03-11 15:01:48,378 call_r_plant Inserted new plant: 56348
INFO 2025-03-11 15:01:48,733 call_r_plant Inserted new plant: 58999
